:020000040800F2
:10000000004002200D5401089D540108213A0108C6
:1000100000000000000000000000000000000000E0
:1000200000000000000000000000000093940108A0
:100030000000000000000000A19501080D3A010831
:100040009D5401089D5401089D5401089D540108C8
:100050009D540108594101089D5401089D5401080F
:100060009D5401087D3E01089D3E0108F13E0108B6
:100070009D5401089D5401089D5401089D54010898
:100080009D5401089D5401089D5401089D54010888
:100090009D5401089D5401089D5401089D54010878
:1000A0009D5401089D5401089D540108D53A01084A
:0C00B000813B01082D3C01089D54010813
:1000C00010B5064C2378002B07D1054B002B02D02E
:1000D000044800E000BF0123237010BD8809002000
:1000E00000000000D8070408044B10B5002B03D013
:1000F0000349044800E000BF10BDC04600000000F6
:100100008C090020D807040802780B78002A03D055
:10011000013001319A42F7D0D01A70470023C25CF7
:100120000133002AFBD1581E7047000002B471460B
:1001300049084900095C49008E4402BC7047C0462A
:1001400003B47146490840004900095A49008E44E9
:1001500003BC7047002243088B4274D303098B42CF
:100160005FD3030A8B4244D3030B8B4228D3030C87
:100170008B420DD3FF22090212BA030C8B4202D329
:100180001212090265D0030B8B4219D300E0090A51
:10019000C30B8B4201D3CB03C01A5241830B8B425A
:1001A00001D38B03C01A5241430B8B4201D34B0343
:1001B000C01A5241030B8B4201D30B03C01A5241A8
:1001C000C30A8B4201D3CB02C01A5241830A8B422D
:1001D00001D38B02C01A5241430A8B4201D34B0216
:1001E000C01A5241030A8B4201D30B02C01A52417A
:1001F000CDD2C3098B4201D3CB01C01A524183092E
:100200008B4201D38B01C01A524143098B4201D367
:100210004B01C01A524103098B4201D30B01C01A92
:100220005241C3088B4201D3CB00C01A524183080C
:100230008B4201D38B00C01A524143088B4201D339
:100240004B00C01A5241411A00D201465241104699
:100250007047FFE701B5002000F0F0F802BDC0468E
:100260000029F7D076E7704703460B437FD400227E
:1002700043088B4274D303098B425FD3030A8B423A
:1002800044D3030B8B4228D3030C8B420DD3FF22A4
:10029000090212BA030C8B4202D31212090265D072
:1002A000030B8B4219D300E0090AC30B8B4201D325
:1002B000CB03C01A5241830B8B4201D38B03C01A6C
:1002C0005241430B8B4201D34B03C01A5241030BE3
:1002D0008B4201D30B03C01A5241C30A8B4201D394
:1002E000CB02C01A5241830A8B4201D38B02C01A3F
:1002F0005241430A8B4201D34B02C01A5241030AB6
:100300008B4201D30B02C01A5241CDD2C3098B429A
:1003100001D3CB01C01A524183098B4201D38B0117
:10032000C01A524143098B4201D34B01C01A5241BA
:1003300003098B4201D30B01C01A5241C3088B42FF
:1003400001D3CB00C01A524183088B4201D38B00EA
:10035000C01A524143088B4201D34B00C01A52418C
:10036000411A00D201465241104670475DE0CA0F63
:1003700000D04942031000D34042534000229C4623
:1003800003098B422DD3030A8B4212D3FC2289012D
:1003900012BA030A8B420CD3890192118B4208D303
:1003A000890192118B4204D389013AD0921100E065
:1003B0008909C3098B4201D3CB01C01A5241830979
:1003C0008B4201D38B01C01A524143098B4201D3A6
:1003D0004B01C01A524103098B4201D30B01C01AD1
:1003E0005241C3088B4201D3CB00C01A524183084B
:1003F0008B4201D38B00C01A5241D9D243088B42A1
:1004000001D34B00C01A5241411A00D20146634643
:1004100052415B10104601D34042002B00D54942A7
:10042000704763465B1000D3404201B5002000F0E6
:1004300005F802BD0029F8D016E770477047C0469E
:100440008446100062468C461900634600E0C046B0
:100450001FB501F087FD002801D40021C8421FBD4F
:1004600010B501F0CBFC4042013010BD10B501F0D9
:1004700079FD002801DB002010BD012010BDC04621
:1004800010B501F06FFD002801DD002010BD012036
:1004900010BDC04610B501F0F5FC002801DC0020BD
:1004A00010BD012010BDC04610B501F0EBFC0028C6
:1004B00001DA002010BD012010BDC04684460800AE
:1004C0006146FFE71FB500F083FB002801D400213F
:1004D000C8421FBD10B500F00BFB4042013010BDFB
:1004E00010B500F075FB002801DB002010BD0120D5
:1004F00010BDC04610B500F06BFB002801DD0020E8
:1005000010BD012010BDC04610B500F019FB002839
:1005100001DC002010BD012010BDC04610B500F068
:100520000FFB002801DA002010BD012010BDC046DD
:10053000002B15D1002A13D1002906DB01DC00288D
:1005400006D00020C043410802E0802109060020B7
:1005500007B4024801A14018029003BDE1FEFFFF6D
:1005600003B4684601B5029800F08EF9019B9E46DF
:1005700002B00CBC7047C046002B11D1002A0FD12D
:10058000002900D1002802D00021C943080007B487
:10059000024802A14018029003BDC046A1FEFFFF21
:1005A00003B4684601B5029800F0A2F8019B9E468C
:1005B00002B00CBC7047C046F0B5CE469946030C5D
:1005C0009C46130447461B0C1D000E0061460404A4
:1005D000240C80B50700100C4B4365434143604336
:1005E0002C0CC01824188C46A34203D980235B022C
:1005F0009846C444494679435643230C2D042D0C98
:100600008919634424046019C918C0BCB946B046AE
:10061000F0BDC04670B500220C4B04000D00FFF782
:1006200043FF002804D12000290002F01BFC70BD0C
:10063000064B00222000290001F0E8FF02F012FC26
:1006400080231B069C466044F1E7C0460000E04161
:1006500070B50022002304000D00FFF707FF0028FB
:1006600008D12000290000F00FF802000B00100054
:10067000190070BD80231B06E918200000F004F863
:10068000002342428B41F2E770B500220B4B0D0074
:10069000040001F0D5FCFFF7BDFF060002F04CFCA2
:1006A0000022074B01F0CCFC02000B0020002900C7
:1006B00001F0ACFFFFF7AEFF310070BD0000F03D70
:1006C0000000F04170B50600080002F007FC0022AF
:1006D000064B01F0B5FC0D000400300002F02CFCCC
:1006E0002B00220000F0ACFC70BDC0460000F041C1
:1006F000F0B557464E464546DE46E0B504000D00CF
:100700009246994683B08B4230D82DD04946504608
:1007100002F01EFD29000600200002F019FD331A28
:100720009846203B34D49B4653465A469340424613
:100730001F00534693401E00AF423BD8AF4200D14A
:1007400079E05B46A41BBD41002B00DA76E0002275
:1007500000230092019301235A4693400193012301
:1007600042469340009329E08242CFD900220023E1
:10077000009201930C9B002B01D01C605D600098DF
:10078000019903B0F0BCBB46B246A946A046F0BDF5
:1007900042469B4620239B1A5246DA4041461300AC
:1007A0004A468A40170042461F43534693401E0064
:1007B000AF42C3D900220023009201934346002B8D
:1007C000D8D0FB0772081A4346467B080EE0AB42BE
:1007D00001D1A2420CD8A41A9D41012024196D41D7
:1007E0000021013E24184D41002E06D0AB42EED927
:1007F000013E24196D41002EF8D1009801995B4605
:1008000000196941002B24DB2B005A464446D34093
:100810002A00E2401C005B461500002B2ADB260064
:100820009E40330026004746BE403200801A994160
:10083000009001919EE7A342BCD882E74246202364
:1008400000219B1A0022009101920122DA400192BC
:1008500085E7424620239B1A2A0046469A402300F9
:10086000F340444613432A00E2401C005B46150057
:10087000002BD4DA42462F002023260097409B1AF3
:10088000DE403B003343CDE7F8B5CE46474680B562
:100890009146984604000D0002F066FC07000E0029
:1008A00002000B0048464146FFF786FE241A8D41A0
:1008B000089B380031001C605D60C0BCB946B04682
:1008C000F8BDC046F0B546464F46D6464502C0B5CF
:1008D000C30F470098460E1C6D0A3F0E5BD0FF2FDA
:1008E00021D08023ED00DB041D43002399469A4666
:1008F0007F3F74027300640A1B0EF60F002B20D09A
:10090000FF2B43D080220020E400D20414437F3B1D
:100910004246FF1A4B4672400F2B00D99DE07149A9
:100920009B00CB589F46002D5AD108239946063B81
:1009300074029A467300FF27640A1B0EF60F002B01
:10094000DED1002C3BD10123424649467240194377
:100950000E2918D86448890041588F465346022B07
:1009600000D1B8E0032B6ED042462C00012B40D1C1
:1009700000200024C0052043D2071043E0BCBA4643
:10098000B146A846F0BDFF200024F3E7002C20D19B
:100990000223FF3FD8E7002D05D104239946033BEE
:1009A00000279A46A5E7280002F0B4FB7627431FEC
:1009B0009D4000237F4299469A463F1A99E72000BE
:1009C00002F0A8FB431F9C4076235B421B1A0020C9
:1009D0009EE703234A461A4391460320FC3397E7D8
:1009E0000C239946093BFF279A4682E703282CD01F
:1009F000320038007F30002847DD630704D00F2322
:100A00002340042B00D00434230103D53800374B96
:100A100080301C40FE28B6DCA401640AC0B2A9E7FD
:100A200080240022FF20E403A4E78023DB031D428F
:100A300001D01C420BD08024E4032C4364024246C4
:100A4000FF20640A96E746462C008023DB031C4304
:100A500064023200FF20640A8CE76D016001854268
:100A60002DD21B230024013F0126290064006D00C4
:100A7000002901DB854201D32D1A3443013B002BB1
:100A8000F3D16B1E9D412C43B3E701231B1A1B2B93
:100A900000DD6DE721009E37D940BC400B00611E90
:100AA0008C412343590704D00F211940042900D059
:100AB0000433590113D49B0100205C0A5AE71A231E
:100AC00001242D1AD0E7981E43425841404232007B
:100AD0000024C0B24EE74246FF2000244AE701202E
:100AE000002447E70441040844410408FFFFFFF7DE
:100AF00070B542004E024C0045026D0A120EC30F43
:100B0000760A240EC90FFF2A10D0FF2C0CD001202A
:100B1000A2420AD1B54208D18B420FD0002A04D19B
:100B20002800431E984100E0012070BD0120FF2CE9
:100B3000FBD13543F9D14B401800F6E70020F4E72C
:100B400030B5420044024D02C30F4800640A120E41
:100B50006D0A000EC90FFF2A18D0FF280AD0002AFC
:100B60001ED100280AD1002D29D0002C2DD14800FB
:100B7000013830BD002D25D1002A01D1002CF6D03E
:100B80008B4219D001205B421843F2E7002C19D1A7
:100B9000FF28F7D1002D15D100208B42F2D1E8E7D4
:100BA0000028EFD08B42EDD18242EBDC04DBAC427B
:100BB000E8D80020AC42DCD258000138D9E7002C3C
:100BC000D7D0DFE702204042D3E78B42DAD1EEE70D
:100BD00030B5420044024D02C30F4800640A120EB1
:100BE0006D0A000EC90FFF2A17D0FF280AD0002A6D
:100BF0001BD100280AD1002D1DD0002C2DD148007A
:100C0000013811E0002D0ED1002A01D1002CF6D0C0
:100C10008B420CD15800013806E0002C03D1FF288C
:100C200005D1002D15D0022030BD002806D10120AD
:100C30005B421843F8E7002CF6D0F8E78B42F6D178
:100C40008242F4DCE6DBAC42F1D80020AC42EBD2CD
:100C5000E0E700208B42EAD1E6E78B42E7D1F2E7FA
:100C6000F0B54F464646D6464400C0B546020F1C76
:100C7000760A240EC50F002C00D1DAE0FF2C74D0C8
:100C80008023F600DB041E43002399469A467F3CEE
:100C90007B025B0A98467B001B0EFF0F002B74D073
:100CA000FF2B00D18EE042468021D200C9041143BF
:100CB0007F3B2A00E4184B467A408846D2B20A2B82
:100CC00075DC4B460020022B0FDD494601238B408B
:100CD000A621C9000B4269D1902189000B4200D0A6
:100CE00000E18821194200D0F5E041460904090CD1
:100CF00043460800350C36041B0C360C7043694320
:100D00005E435D437618030C9B19994203D98021F9
:100D100049028C46654400041904000C09188E0130
:100D2000701E86411B0C890E5B190E439B011E43EE
:100D30001B016CD423007F33002B00DCB1E01500D5
:100D400071070BD00F2021003040042806D0043654
:100D5000320103D56E4B1E400B008033FE2B00DDAD
:100D6000BDE0B201520ADBB248E0002E00D092E0B2
:100D700008239946063B9A467B025B0A98467B000D
:100D8000FF241B0EFF0F002B8AD14246002A64D19C
:100D900049460132114389460A2908DC7D40012079
:100DA000EAB2022991DC1500002227E01500534623
:100DB000022B00D193E0032B1AD0012B2CD100235E
:100DC00000221BE04346FF34002B55D003214B4645
:100DD0000B4319000A2B00DC92E00F2B00D08CE0B3
:100DE0008022D203164203D04346134200D17DE055
:100DF0008022D20332435202520AFF23D805ED0764
:100E000010432843E0BCBA46B146A846F0BD0123D2
:100E1000150071081E400E4323008033611C002B17
:100E200041DD720794D00F223240042A00D08EE7B1
:100E30008EE7002E05D104239946033B00249A46F1
:100E400026E7300002F066F97624431F9E40002317
:100E5000644299469A46241A1AE7404602F05AF923
:100E60004B46241A763C0A2BA1DC434605388340C6
:100E70007D409846EAB224E74A46023313432A00EB
:100E80007A40D2B20A2B92DC49461500002926D0BE
:100E90009946022019E70C239946093BFF249A46FC
:100EA000F6E6150021000122D31A1B2B00DD86E790
:100EB0009E3132008E40DA40731E9E41324353070A
:100EC00004D00F231340042B00D00432530110D55B
:100ED0000123002292E73D004646824667E7FF2352
:100EE00000228BE780220025D20386E73D001A43CB
:100EF00083E792010023520A80E73D00464677E7E8
:100F00002A0001237A408B400320D2B2E9E6C04692
:100F1000FFFFFFF770B5002812D0C317C5185D405A
:100F2000C40F280002F0F6F89E231B1A962B0FDC44
:100F3000082838D0083885406D026D0AD8B202E022
:100F4000002400200025C0052843E407204370BD8D
:100F5000992B14DC421F95402A0015491140550772
:100F60001CD00F252A40042A18D00431CA08490190
:100F700015D59F235202181A550AC0B2E3E705227D
:100F80002900121AD14002001B3295402A00551E3A
:100F9000AA410A43064911405507E2D1CA08520244
:100FA000550AD8B2CFE76D026D0A8E30CBE7C04646
:100FB000FFFFFFFB10B5041E0DD002F0ABF89E231F
:100FC0001B1A962B0CDC082834D0083884406402A5
:100FD000640AD8B201E000200024C005204310BDFF
:100FE000992B13DC421F9440144A224061071CD005
:100FF0000F212140042918D00432D408520115D5FC
:101000009F236402181A640AC0B2E6E702002100B6
:101010001B3291400A00511E8A410521091ACC4019
:101020001443064A22406107E2D1D4086402640AEC
:10103000D8B2D2E76402640A8E30CEE7FFFFFFFB2E
:10104000F0B54F464646D646C0B582B000900191F5
:101050000E034C00CD0F710A009E5F00760F0E4309
:10106000009900920193C900894619037B0D9846A7
:10107000019B490ADB0F9C46009B009A5B0F0B43C8
:101080004146640DD200611A654500D1A6E00029F1
:1010900072DD4746002F00D1DDE0CC4FBC4200D1CD
:1010A0009AE10127382917DC80273F043B431F2999
:1010B00000DDDDE12027781A1F008740BA461700BF
:1010C000CF40844638005746074360468240CB40B5
:1010D000501E8241F61A17434B46DF1BB94580412B
:1010E0004042361A330200D4FFE07602760A002E20
:1010F00000D13CE1300002F00DF80300083B202154
:101100003800CA1AD0409E4002009F4032439C42A1
:1011100000DDA6E1181B0130091A3E008F40C640D1
:101120007B1E9F4113008B4037431F43C2403B004F
:1011300016000024134300D1DFE17B0700D132E326
:101140000F233A003B40042B04D03A1DBA42BF4162
:101150007F42F619330200D423E39C4B01349C42B6
:1011600000D1B4E09A4B64051E40640D7707D208A5
:1011700076021743360BACE0002900D17EE04146F1
:10118000091B002C00D060E134004846044300D124
:10119000C9E14C1E012900D12EE28C4DA94200D19B
:1011A00024E20127382C11DC21001F2900DD0BE28D
:1011B000202437004846641AA740C84007434846E1
:1011C000A040CE40441EA0419B1B0743D71BBA4200
:1011D00092415242654644469E1A83E7002900DC4C
:1011E0009CE04746002F67D11F00174300D1E4E081
:1011F000481E012900D19BE1744FB94200D1EBE0B8
:1012000001270100382811DC1F2900DDC7E1202754
:10121000781A1F00844687401000C8400743604684
:101220008240CB40501E8241F61817434F444F4531
:10123000804140423618330257D5644B01349C42FA
:1012400045D00121624B7A081E4039400A43F70716
:101250001743760871E71F00174300D1ADE04F1E1A
:10126000BC46012900D182E1584FB94200D190E13A
:1012700061460127382900DD2EE718E7554F611C2C
:10128000394200D0D0E0310048461F0001431743E7
:10129000002C00D03DE1002900D1BCE1002F00D09E
:1012A000BFE14B460021D80877070743F008060343
:1012B0004C05360B640D0CE0444FBC4200D18BE072
:1012C00001273829B2DC80273F043B439CE70026F6
:1012D000002724053443ED072C433800210002B0D9
:1012E000E0BCBA46B146A846F0BD7B0704D00F2348
:1012F0003B40042B00D028E7F808344B770707431E
:10130000F0089C4200D04AE23B00034359D08026BB
:101310003603064336032D4C360BDAE7002961D03D
:101320004146091B002C00D1B9E0284CA04500D152
:10133000A5E10127382913DC8024240426431F2932
:1013400000DDC8E1202437004846641AA740C840A1
:1013500007434846A040CE40441EA0419B19074386
:10136000BF189742924152424446D61863E738006C
:1013700001F0D0FE030018331F2B00DCBFE63A005B
:10138000083882409C4200DD83E01B1B581C1F284C
:1013900000DCB4E117001F3BDF40202805D04023CC
:1013A0001B1A9A40531E9A4117430024002F0AD05B
:1013B0007B0700D0C4E626009EE74B460C00D80809
:1013C0009BE70027014C002683E7C046FF0700008B
:1013D000FFFF7FFFFE0700004B467707D808074353
:1013E000F00891E7CD4F611C39426BD1310048467E
:1013F0000143002C00D04BE11F001743002900D10E
:1014000081E1002F00D14CE74A444A458041F6185B
:1014100040423618330200D5B0E1170091463743F9
:1014200000D03EE7002654E74946891A8846C14560
:10143000BF41F11A7F42C91B0F0261D447460F43D7
:1014400000D1BDE00E00474651E6B54CA04500D1A5
:1014500000E10127382900DDB8E680242404264372
:10146000A3E6B04EE41A16407B0700D03FE743E7FF
:101470000F001800203FF8408446202903D0402761
:10148000791A8B401A43531E9A41634617001F4333
:1014900022E6A448E11A10404707C00807E73400D5
:1014A0004846044300D1FAE04C1E012900D1D7E0A0
:1014B0009B4FB94200D1E2E00127382C00DD4FE715
:1014C00021003CE7964CA14200D1DDE04A444A4568
:1014D0008041F31840421818C707520817434608BE
:1014E000520705D00F220C003A40042A00D02CE607
:1014F0007607FF0837430009D9E600270026E8E60B
:101500004946571ABA4292419E1B52426546B61A44
:10151000EDE5002900D0C6E0002F67D18026002528
:101520007F4C3603D5E665460C001E00D008E4E685
:101530004A444A458041F3184042181811000302FA
:1015400000D496E0774B49081840C3070B43440882
:10155000490700D129E10F221A40042A00D1EAE00C
:101560001F1D9F42B641764236190224C4E6494601
:101570008F1AB9458041F61A4042361A330206D412
:101580007307FF0801211F43F00890E66546012418
:10159000ABE54B467707D8080743F008B4E60F00E1
:1015A0001800203FF8408446202903D04027791AAC
:1015B0008B401A43531E9A41634617001F4335E67A
:1015C00000250024002684E60C003500203CE54080
:1015D000202905D04024611A8E404946314389466E
:1015E0004846411E884107002F43EFE5D2085F07B8
:1015F00065461743D80887E6171ABA4292419E1BE0
:101600005242B61A3302C1D47307FF08654601215E
:101610001F43F0084BE6002F7BD065461E00914625
:101620003FE6811A8846C145A441F11A6442091B6C
:1016300080242404214277D0101A8242924107006C
:101640009E1B5242B61A374300D0A0E065460024E4
:1016500000263EE65F07D20865461743D80853E6E2
:10166000811891429241F01852428018030200D52D
:1016700068E74707C9080F43C008012117E6D208E9
:101680005F071743D8083FE60C000026002720E636
:10169000002956D15F07D2081743D80834E60C005A
:1016A0001E00D00829E6C10870070143F008002F8A
:1016B00062D080242403204207D0DE08264204D1D1
:1016C00065463000D1085B0719434F0FC900C908B0
:1016D0007F070F4318E60C003000203CE0408446B2
:1016E000202905D04024611A8E404946314389465D
:1016F0004846411E8841614607000F4330E62021DD
:101700000027091A0EE51E00002F00D022E5002454
:1017100058E7002500240026DBE5C046FE07000050
:10172000FF070000FFFF7FFF47460F4300D147E759
:101730000E00C146B5E5DF08640702212743000912
:10174000B5E51900C008770707431143F0080029E1
:1017500000D1D9E580210903084207D0DC080C42FA
:1017600004D1D2085B071A43170020007B0FFF004B
:10177000FF085B071F43C7E50F00C5E5124BD20802
:1017800033405F075B02012417431E0BA1E526428D
:1017900012D00D4B6546020001241E40E6E42100F4
:1017A00085E51700A8E53A00D4E4DB0864071C438C
:1017B0002700022100097AE5C0087707074365463C
:1017C0000021F00873E5C046FFFF7FFFF0B5DE465D
:1017D000454657464E46E0B587B0009201930B034D
:1017E0001B0B9B46CA0F4B00040080465B0D029208
:1017F00000D198E07C4A934237D05946420FC90045
:101800000A43802109041143C2009046774A894661
:1018100092469A44002300240393009E019F3B03B9
:101820001B0B9B467B0030005B0DFD0F002B59D03E
:101830006D4A934248D05946720FC9000A4380212D
:10184000090411438B466949F2008C4651466344B2
:10185000CB1A9A460021029E6E40F6B20F2C00D998
:10186000CEE0634BA4001B599F465A460243914663
:1018700000D090E09A460223904608240393CCE7D8
:10188000CB464246029D0399022900D1DEE103299D
:1018900000D18DE0012900D079E12E000022002343
:1018A000002490461B052343F607334340461900A6
:1018B00007B0F0BCBB46B246A946A046F0BD002228
:1018C00000249046484BEDE75A46009B1A43494B8B
:1018D0009C46E244002A59D102231C4300230221E2
:1018E0009B46B8E75A46009B1A4349D05B46002BFB
:1018F00000D19CE1584601F00DFC020003000B3AB8
:101900001D27009EBA1A19005846D640083988404B
:10191000320002439346009A8A40374953448A462C
:1019200000219A4497E75B460343994621D05B46E2
:10193000002B00D169E1584601F0ECFB0B235B4220
:101940009C460200844466461D239B1B2600110012
:101950005846DE4008398840330003439946230047
:101960008B409846254B00249B1A9A4600230393EC
:1019700053E7002398469A460133042403934CE727
:1019800001231C43002301219B4664E7032332000B
:1019900003211C435FE79A460323D9460C24039393
:1019A0003BE700238024984600260F4B240379E769
:1019B00080245B4624031C4324032E0090460A4BDC
:1019C000240B6FE780244B462403234202D05B465E
:1019D0002342F0D080244B4624031C432403029E60
:1019E000014B240B5EE7C046FF07000001FCFFFF30
:1019F0008041040801F8FFFFF30300000DFCFFFF26
:101A0000CB4500D2F8E000D1F3E001235B429C46D5
:101A1000444648460025E2445B46170E1B021F431E
:101A2000190C3B04120200971F0C91460291039778
:101A3000FEF716FC02007A430B04210C8046194382
:101A40008A4209D9009F0123BC465B4261449C46FF
:101A5000E0448F4200D85CE1881A0299FEF700FC4E
:101A6000039A240442430904240C03000C43A242B9
:101A700006D90099013B8C466444A14200D842E15A
:101A8000A01A424612041A4393464B4659461B0C71
:101A90001F0004930B0449460904090C0C001B0C9D
:101AA0005C43120C7B43884651437A43270CBC4667
:101AB0005B186344994203D9802149028C466244F1
:101AC000190C24041B04240C8A181C19904202D3FC
:101AD00016D1A54214D25B46009F013B4D440593AD
:101AE0004D459B41BC465B426344C018874200D3CE
:101AF00002E1824200D929E100D124E1059B9B4605
:101B00002C1BA542AD41009B801A6D42401B8342B5
:101B100000D10FE10299FEF7A3FB039A0B044243A5
:101B2000210C050019438A4200D9CBE0881A02999A
:101B3000FEF796FB039A240442430904240C030095
:101B40000C43A24200D9CAE04146A41A2A041A430F
:101B5000049F13041B0C594340467B439C46150CC1
:101B600068430B0C844463447D43984203D980202E
:101B7000400284466544180C09041B04090C4019F2
:101B80005B18844227D323D0012335001A43944B9A
:101B90005344002B60DD510700D086E02E00D108B1
:101BA0005A46D20106D55A468E4B1A408023934698
:101BB000DB0053448C4A934200DD80E65A465207CC
:101BC0000A4390465A465B055402240B5B0D69E6B6
:101BD0003500002BDBD0009D511EAC466444AC4266
:101BE00000D29EE0844200D2E1E000D1EEE00A00A3
:101BF000CAE7424500D908E74B46DC075808434688
:101C00005B081C434346DD0706E701F083FA152312
:101C10009C4684440200634620321C2B00DC92E682
:101C20002300083883409946002398469AE601F03D
:101C300071FA02000300153220331C2A00DC5FE633
:101C400000990838814000228B4666E600222E006B
:101C500000249046654B25E62E000121C91A38293B
:101C600000DD1BE61F297EDC6148140050445B4602
:101C700082408340CC40501E824123431A435B463E
:101C8000CB40510709D00F211140042905D0111D67
:101C90009142924152429B180A00190200D49BE0E3
:101CA0000022012300249046FCE50F211140042965
:101CB00000D173E7111D9142924152422E00C90892
:101CC00093446DE7009B013D9C4661448B4200D9E3
:101CD0002CE78A4200D829E7851E614426E700994F
:101CE000013B8C466444A14200D92DE7A24200D8B2
:101CF0002AE7831E644427E7874200D0FEE6A94511
:101D000000D9FBE6F5E6A24200D8B9E6831E64449A
:101D1000B6E68A4200D89FE6BC46831E98466144D8
:101D20009AE60A00844200D02EE74B4500D02BE70C
:101D300035002CE72A4B2F4A5344924543DB0122BE
:101D4000002193442CE7AC4200D8D7E602235B4243
:101D50009C4600994D444D459B41E3448C465B4273
:101D60006344C018CCE61F204042C31A5846D840EE
:101D7000202904D05946204B534499400A43531E0E
:101D80009A4107231900024300241140134209D04D
:101D900008331340042B1DD0131D934289411A00B0
:101DA00049424907D2080A43904600237AE549464A
:101DB000009F4D004D458941BC4649426144A946BA
:101DC000023A6418AEE70122524246E79945EED343
:101DD0000A00AAE70021E5E759075B021C0BE1E7CF
:101DE000FF030000FFFFFFFEFE070000FF070000EB
:101DF0001E04000002FCFFFF3E040000F0B5574641
:101E0000DE464E464546E0B50D000400E80F834629
:101E10000903D80F090B824619488C461F03690035
:101E20005E00490D3F0B760D814218D086420FD0DF
:101E30000120B1420DD1BC450BD1944209D1D3450B
:101E40001CD0002905D160462043431E984100E084
:101E50000120F0BCBB46B246A946A046F0BD012019
:101E60008E42F6D1614639430F0017432743F0D124
:101E70005B465246981A431E9841EAE70020E8E77D
:101E8000FF070000F0B557464E464546DE46E0B532
:101E90000D000E034900490D8A46DF0FE90FBC46CD
:101EA00083B02F4F040080460191580019039146DA
:101EB000360B090B400DBA451DD0B8420DD0574620
:101EC000002F2AD13443002824D10A4336D0002CD5
:101ED00041D163465800013815E0114338D15346CB
:101EE000002B01D12643F4D0019B634507D1019B10
:101EF0005800013807E026432AD1504521D001205F
:101F0000019B5F42384303B0F0BCBB46B246A946D2
:101F1000A046F0BD002CDCD0E6E70028EFD0019B06
:101F20006345ECD18245EADCE1DB8E42E7D8DED1C5
:101F3000C845E4D80020C845E5D2D8E7002CE2D057
:101F4000DDE7114304D1019B6345D8D10020DAE7D6
:101F500002204042D7E7019B6345E6D0CFE7C04669
:101F6000FF070000F0B557464E464546DE46E0B551
:101F70000D000E034900490D8A46DF0FE90FBC46EC
:101F800083B02E4F040080460191580019039146FA
:101F9000360B090B400DBA451ED0B8420DD057463E
:101FA000002F27D13443002833D10A4334D0002CEA
:101FB00040D163465800013815E0114312D1534611
:101FC000002B01D12643F4D0019B63451DD0012095
:101FD000019B5F42384306E0264303D15045F6D1CA
:101FE00011431CD0022003B0F0BCBB46B246A94648
:101FF000A046F0BD0028EAD0019B6345E7D18245A9
:10200000E5DC02DB8E42E2D80ED0019B580001389D
:10201000E9E7002CCDD0D7E7002CE4D0D7E7019B2F
:1020200000206345DFD0D2E7C845D0D80020C8459E
:10203000D9D2EAE7019B6345E4D0C8E7FF07000077
:10204000F0B557464E46DE464546E0B51F000B0349
:102050001B0B16009A46CA0F4B000400914685B030
:102060005B0D00D1CFE1CD4A934255D05146420F8E
:10207000C9000A43802109041143C2009046C84A9E
:102080008A4693469B440023002502933C037B0031
:10209000FA0F0196240B5B0D009200D188E1BF4A34
:1020A000934200D192E0BE4A944663449B440A2D79
:1020B00042DCE400730F23438024494624041C437C
:1020C000F3000193009B00205940CBB20393022DF3
:1020D00000DC94E00123AB401D00A6232A00DB00B6
:1020E0001A401D4200D029E290239B001D4200D1DE
:1020F0004DE20023802499462403A84B10004A4651
:102100001B052343D2071343190005B0F0BCBB469F
:10211000B246A946A046F0BD52460243904600D0C2
:10212000ACE19B460223924608250293AEE7009B52
:10213000A2469946019B9846029B022B00D1CAE118
:10214000032B00D192E1012B10D1002300240022A7
:10215000D4E701227B083A4013435246D207134387
:10216000984653465B089A46039B99465B46581C23
:102170008023DB005B44002B00DCB1E142465207C8
:102180000BD00F2241460A40042A06D04246111DB8
:10219000414592418846524292445246D20106D568
:1021A0005246804B1A4080239246DB00C3187E4A79
:1021B000934200DD8FE14246D108524652070A435E
:1021C00051465B054C02240B5B0D97E7734B26438E
:1021D0009C46E344002E00D16FE1032349461D4392
:1021E000009B5940CBB203930A2D00DD33E101235C
:1021F000AB401D000323029388222A4297D1424616
:1022000043461204120C160001981D0C030C000426
:10221000000C4643B4461E006E43009616000700AD
:102220005E436146B0466F430E0CB8444644B74225
:1022300005D9802149028846009F4744009761469E
:102240000904090C370C36048C46310061440191B5
:102250001100260C2404240C61438C4621006943A0
:1022600089466146090C884672434A444244754394
:10227000914503D98021490288464544110C88467E
:1022800061460904090C8C4612046244B918029193
:102290005146090C8C4651460F043F0C390041430E
:1022A00045448846614641438A4641466046090C9A
:1022B000894658437B4353444B449A4503D9802174
:1022C000490289464844190C894641460904090CCB
:1022D0008846390061431B044344884661464C43A9
:1022E00071438C46414677430E0C3F19F61948441A
:1022F000B44203D9802149028946CC440299009F07
:10230000894631044F4489464146974292410C0424
:10231000240C4C44FF1852426419A1189F429B415F
:10232000884682465B42994690459241AC42A44120
:10233000C244D14452426442144399459B41824570
:1023400092415B42524213434A46360CA419E318A9
:1023500063445B02D20D1A43019992467A020A4302
:10236000501E8241FF0D17434A4652021743B8469A
:10237000DB0100D5EDE60D4B039A5B449146002B43
:1023800000DCACE03A00520700D110E70F225846BB
:102390003A40042A00D0F9E609E7C046FF070000EA
:1023A00001FCFFFFFFFFFFFEFE070000FF03000030
:1023B000220032436FD0002C00D1C2E0200000F098
:1023C000A9FE020003000B3A1D20821A30001900FA
:1023D000D04008398C400200224334008C405946DA
:1023E000CB1A86498B469B440A2D00DDA4E649465C
:1023F000009B01945940CBB2140000200393022D9E
:1024000000DD67E6FBE65346034398463CD053465F
:10241000002B00D1A3E0504600F07CFE0B235B4272
:102420009C460200844411005046083988401D2310
:10243000804660461B1A2000D840030040460343F4
:102440009A4623008B4098466C4B00259B1A9B466E
:10245000002302931AE60F2D00D0C9E080235246D4
:102460001B031A4202D01C4200D192E08024534642
:1024700024031C4324034246240B3EE69B460323CD
:1024800080460C25029301E600239A469B460133C1
:1024900004250293FAE501210D430A2D00DD4BE6E8
:1024A000494600984140C9B20391022D00DC96E0F4
:1024B00000230024012001930CE649460223009AE0
:1024C0002B435140CAB203920A2B00DD34E6002DA3
:1024D00057D1039B994600240022494B0EE65846EB
:1024E0000121C91A382900DD2FE61F2956DD1F22D8
:1024F00054465242D31ADC40202907D0414B424671
:102500009C465346604483401A4390464246072106
:10251000531E9A410B00224313400024114209D05C
:102520000F231340042B5DD0111D91429B410A00E3
:102530005B425B07D2081A430023DFE5039B994601
:10254000FAE5019800F0E6FD0200030015322033A1
:102550001C2A00DC38E7019A083882403FE700F087
:10256000D9FD15239C4684440200634620321C2B6F
:1025700000DC58E7002398462300083883409A4639
:1025800062E71D000023002402200193A2E50290CF
:1025900032E61C43009B019A9946AEE51A4B52461F
:1025A000C31840469A40C840024340469840030042
:1025B000581E834154461A43CC40530709D00F2379
:1025C0001340042B05D0131D934292415242A4188C
:1025D0001A00230208D50123002400228EE5894633
:1025E00000248BE50023A5E763076402240BA1E721
:1025F000009BA2469946019B984637E70DFCFFFFDA
:10260000FF0700003E0400001E040000F0B557461E
:102610004E464546DE46E0B583B0009001910C037E
:102620004D00CE0F610A009C5F00640F0C430099BF
:1026300000920193C80019037B0D9946019BCC4F72
:10264000DB0F9C464B0A00998046490F1943009BBB
:102650008B46DA0092466D0DB94500D1BFE00123EB
:10266000614659404B468C46EB1A8E4275D0002B82
:1026700000DCA3E24946002900D1CEE0BD4200D1F2
:1026800000E20127382B19DC802759463F043943E3
:102690008B461F2B00DDFAE12027F91A8C4659469C
:1026A0006746B9400F001100D9400F4361468A4088
:1026B000511E8A415946D9401743641AC71BB84274
:1026C00080414042241A230200D440E16402640A9B
:1026D000002C00D154E1200000F01CFD0300083B59
:1026E00020213800CA1AD0409C4002009F4022435B
:1026F0009D4200DDA6E1581B0130091A3C008F40C5
:10270000C4407B1E9F4113008B4027431F43C240A0
:102710003B0014000025134300D1F7E17B0700D1F3
:1027200077E30F2338003B40042B04D0381DB84218
:10273000BF417F42E419230200D468E38C4B01358A
:102740009D4200D1F4E08B4B6D051C406D0D670779
:10275000C00864020743240BECE0002B00DC29E3F3
:102760004946002900D0D6E05946114300D12EE158
:10277000591E012B00D1E6E1BB4200D182E10127C5
:102780000B00382914DC1F2B00DD3CE22027F91A4E
:102790008C4659466746B9400F001100D9400F4397
:1027A00061468A40511E8A415946D94017436418F0
:1027B0003F188742804140422418230200D4C6E0DB
:1027C0006B4B01359D4200D1B2E00121694B7A0883
:1027D0001C4039400A43E707174364089EE7664BED
:1027E00011438A46EB18002928D066452CD0002BCF
:1027F0005BD0002D00D12CE15B4666465F07D20816
:102800001743DD083B002B4300D1E2E08024240382
:102810002C432403564D240B8CE05946114300D120
:10282000D5E0591E012B00D1B9E1BB4200D1B1E185
:1028300001270B00382900DD40E72AE76146012720
:1028400079408C466645D2D1002B00D1C5E0002DE1
:1028500000D055E14B462500054300D112E2591E38
:102860008C46012B00D149E2414DAB4200D18FE2B1
:102870000127382911DC63461F2B00DD5BE261462E
:10288000202327005B1A050098409F40CD40431E3F
:102890009841CC402F430743A344BF18974292412D
:1028A00052425A4414004D4687E7344F6B1C3B425A
:1028B00000D0B6E05946230011430F000343002D1A
:1028C00000D026E1002B00D1C0E1002900D1A1E019
:1028D000831A98465B464045AD41E31A6D425B1B47
:1028E00080252D042B4200D14BE15B46101A824219
:1028F00092411C1B0700012663465242A41A27433B
:102900001E40002F00D142E12C4200D16DE2194B54
:1029100001251C401BE7BD4200D13BE10127382BBC
:1029200000DD45E7802759463F0439438B462AE7B7
:10293000002400272D052543F607354338002900DC
:1029400003B0F0BCBB46B246A946A046F0BD7B072B
:1029500004D00F233B40042B00D0E7E62B00F808FF
:10296000034A67070743E508934200D14AE7A5E019
:10297000FF070000FFFF7FFF01F8FFFFFE070000D9
:10298000380000F0C7FB030018331F2B00DCA7E65C
:102990003A00083882409D4200DD8AE05B1B581CEB
:1029A0001F2800DCD8E117001F3BDF40202805D09E
:1029B00040231B1A9A40531E9A4117430025002FAB
:1029C00000D1E5E07B0700D0ABE62C00C6E7C008ED
:1029D000C6E700270024D14DACE7D14F6B1C3B422A
:1029E00071D123000343002D00D04EE15746002B48
:1029F00000D1B5E1002F0DD08318834280415C44A3
:102A000040422418220200D5C8E11F0098462743FF
:102A100000D1BCE043466707DB081F43E5080023FD
:102A20004CE0831A98465B464045BF41E31A7F421B
:102A3000DB1B1F027CD447461F4300D1A6E01C00CD
:102A4000474645E6B74CED1A14407B0700D080E7B7
:102A500084E74B462500054366D05F1E012B00D15D
:102A6000FCE0AE4DAB4200D15EE16646382F00DCA3
:102A7000B4E00120171ABA4292415B4652424D46D9
:102A80009C1A20E66707C0080743E508BAE61F005E
:102A90005946203FF9400F00202B05D04021CB1A8A
:102AA000594699400A43924653465A1E93411F4342
:102AB00004E6EB1A9B4D15406F07ED082C035D05EE
:102AC000240B6D0D36E7954DAB4200D1D6E0821850
:102AD000210082428041594440420818C7075208E9
:102AE00017434408520700D485E10F221D003A40E5
:102AF000042A00D01AE6FF08640727430509DDE72A
:102B00005B46D2085F071743DD087BE600270024F9
:102B100010E7002B00D0D6E0002900D02FE1802460
:102B200000267E4D240305E766465C46D00817E77D
:102B30005B46171ABA4292411C1B01266346524259
:102B4000A41A1E40C4E58318834280415C4440427D
:102B500025182A0200D4DAE0724A5B081540EA0719
:102B60001A4369085B0700D44AE10F231340042B82
:102B700000D1FCE0171D9742A4416442022564186D
:102B8000ECE647461C001F4300D043E70026002523
:102B90000024CFE6C00867070743E50832E6871A36
:102BA0005B46B8428041E41A4042241A230228D4EA
:102BB0006307FF081F43E50801237FE7002B00D1CF
:102BC00073E64B465F1B3B00002D00D142E7382FD8
:102BD00000DDECE080230E001B041C431F2F25DCCE
:102BE00020252300ED1B0100A840AB40F940451E05
:102BF000A8410B43FC4018435B461B1B9B4639E72F
:102C00006646012562E51F005946203FF9408C4683
:102C1000202B05D040275946FB1A99400A4392467B
:102C200057467B1E9F4163461F43C1E53B0025007D
:102C3000203BDD40202F04D04023DB1B9C40204361
:102C400080464046431E9841284313E700299DD003
:102C5000012663465C4690461E40DBE6171A5B463B
:102C6000BA4292411C1B5242A41A2302C8D46307E1
:102C7000FF081F4366460123E5081FE71D000024E7
:102C8000002757E65C46D0086AE6002B00D137E7FC
:102C90005346C00867070743E508002B00D1B1E59C
:102CA00080231B031D4208D05946C808184204D18E
:102CB000D20849070A43170005007B0FFF00FF08F1
:102CC0005B071F439EE5C00863071843E50800291A
:102CD00053D080231B031D420AD05946CC081C4206
:102CE00006D1012663462500D008490708431E4047
:102CF000470FC000C0087F07074383E5831893424E
:102D000092415C445242A5182A0200D524E76F077D
:102D1000DB081F43ED080123D0E6C046FF07000093
:102D2000FE070000FFFF7FFF5B46D2085F07664695
:102D30001743DD0866E52500203BDD406346202B78
:102D400005D0402361465B1A9C402043804647469D
:102D50007B1E9F412F43A0E520210027091AD2E4C2
:102D6000002F00D113E75C4617000025F6E5D708D1
:102D7000490702230F432D09A0E6070042E55B4601
:102D800001265F07DD086346D20817431E4039E578
:102D90005B46D2085F071743DD0833E51E4ADB08B0
:102DA00022405707520201251F43140BC2E50E00B3
:102DB00001205FE6002B0DD04B465B1B9C46002D8F
:102DC00000D148E50127382B00DD66E580231B0490
:102DD0001C4350E56B1C114D2B4200D073E6594645
:102DE000230011438A46034300E66707C008002317
:102DF0000743E50862E66407FF08274305095DE627
:102E0000D208490711430F0002232D0956E6070097
:102E1000A4E538008FE4C046FFFF7FFFFE070000F7
:102E2000F0B5C6461E03360BB0460D4E0C034D00E2
:102E30005F0000B5240B6D0D7F0DB5420BD0084926
:102E400000208F4204D1464616433000431E98416D
:102E500080BCB846F0BD04430120002CF8D1EEE759
:102E6000FF0700000B00020070B5164D0C0382B086
:102E70004900002000920193240B490DDE0FA94266
:102E800004DD1148814203DD104BF01802B070BD23
:102E90008020400320430E4C641A1F2C08DD0D4B8C
:102EA0005B1AD84003005842002EEFD11800EDE71E
:102EB000094B009A9C46030061448B40E240134357
:102EC000F1E7C046FE0300001D040000FFFFFF7F86
:102ED0003304000013040000EDFBFFFF70B5002871
:102EE00016D0C317C5185D40C40F280000F012F9B2
:102EF000104B1B1A5B055B0D0A2814DC02002E0028
:102F0000153296400B22121AD5402D032D0B03E0EB
:102F100000240023002500261B052B43E407234340
:102F20003000190070BD0B3885402D0300262D0B95
:102F3000F2E7C0461E04000010B5041E10D000F0D9
:102F4000E9F80E4B1B1A5B055B0D0A280FDC0B2200
:102F50002100121AD14015300A038440120B01E0FF
:102F6000002300221B0513432000190010BD22007E
:102F70000B38824012030024120BF3E71E040000FA
:102F800070B542024300C40FFE201B0E591C550AA7
:102F900008420CD0E02189008C466D07120B634477
:102FA0001B051343E40723432800190070BD002BC1
:102FB00014D1002D1BD0280000F0ACF80A281CDC2E
:102FC0000B232A001B1ADA40030015339D400E4BD9
:102FD00012031B1A5B05120B5B0DE1E7002D09D0F4
:102FE000130B802212031A436D07084BD8E7002306
:102FF0000022D5E70022054BD2E703002A000B3B55
:103000009A400025E3E7C04689030000FF0700005F
:10301000F0B54B000F035B0D3A4C450F83B07F0AB0
:103020005E1C2F4300900191CA0FC50026420BD0B1
:1030300035495C18FE2C13DDFF200023C005184322
:10304000D207104303B0F0BD3D43002B01D1002057
:10305000F4E7002DF0D08023DB03FF203B43EDE7B6
:10306000002C0CDD009BFF009B01581E8341690F63
:103070003B430B43590727D1DB08E0B2DEE72100D1
:10308000173131DB80211E2009043943001B1F2822
:103090002DDD02267642341B0E00E6403400202847
:1030A00004D01A488446634499400D432B00591EAE
:1030B0008B412343590703D00F21194004290BD119
:1030C0009B0100205B0AB9E70F211940042904D1B4
:1030D0009B015B0AE0B2B1E7002404335901F7D544
:1030E00001340023E0B2A9E700200023A6E7084C42
:1030F0001C192B00A540C340A140681E85412943EF
:103100000B43D7E7FE07000080FCFFFFA2FCFFFF98
:1031100082FCFFFF1C2101231B04984201D3000CF9
:1031200010391B0A984201D3000A08391B0998423A
:1031300001D30009043902A2105C40187047C04650
:103140000403020201010101000000000000000070
:1031500010B5002903D1FFF7DDFF203002E00800A1
:10316000FFF7D8FF10BDC046F0B54F464646D646DD
:10317000C0B506000F001000190082B0002F5DDB03
:1031800034003D00002B0BDB16001F00AB4217D9AB
:103190000020002102B0E0BCBA46B146A846F0BD0E
:1031A000002746428F41AF42F2D800D1A0E0012370
:1031B0005B42994609E0002746428F41AF42E7D87B
:1031C000AF4200D190E00023994639003000FFF76C
:1031D000BFFF804629002000FFF7BAFF43461B1AB5
:1031E0009846203B75D4310099409A460B00310037
:1031F000404681400A00AB422ED82BD05146A41A3B
:103200009D41002900DA90E0002100200126009075
:10321000019151468E400196414601268E4041461D
:10322000009600291FD1009801994B46002BB1D080
:1032300003000C0000215842A141ABE70025744275
:10324000BD41002BB7DB16001F00AB42A0D8AF4238
:10325000ADD14DE0A142D1D90021002000900191D3
:1032600041460029DFD0D90756085F080E43434680
:103270000EE0AF4201D1A6420CD8A41BBD410121F2
:1032800024196D410022013B64185541002B06D0E2
:10329000AF42EED9013B24196D41002BF8D1009AC1
:1032A000019B514612196B41002925DB2E002C0091
:1032B000CE404146CC40514600292DDB34008C40A5
:1032C00021004446A6403000121A8B41009201931F
:1032D000A9E7424638009A462023310090409B1AC5
:1032E000D94003000B4382E7A64200D950E76AE7C2
:1032F000A64200D85BE74BE740462021091A280088
:103300008840260001004046C6402C000E4341463E
:10331000CC4051460029D1DA404620213500844076
:10332000091ACD4021002943CBE741462026012739
:10333000761A00200021F7400090019101976BE779
:1033400080B500AFBFF34F8FC046044B044ADA602C
:10335000BFF34F8FC046C046FDE7C04600ED00E01A
:103360000400FA0580B500AF00F012F800F08EF806
:1033700000F0C0F800F02AF900F0B8F900F0CAFA3D
:1033800000F03AFC00F0CAFCC046BD4680BD00001B
:1033900090B583B000AF3B1D00221A70BB1D082200
:1033A0001A80BB1C00221A80334ABB1C12881A8068
:1033B000BB1C1B88314A934207D1314B01221A7042
:1033C000304B00221A70FA2351E0BB1C1B881B0AE9
:1033D0009BB2DAB22A4B1A70294B1B78002B02D110
:1033E000274B01221A70BB1C1B88DAB2254B1A70BE
:1033F0007B1D01221A7032E07B1C00221A7024E02F
:10340000BB1D1B881C4A9446634419007B1D1B7816
:103410005A1E7B1C1B78DBB21C000B8898B21A4921
:1034200013009B009B185B009B181B195B00021C80
:103430005A52BB1DBA1D128808321A807B1C1B7899
:10344000DBB20133DAB27B1C1A707B1C1B78DBB257
:103450000A2BD5D97B1D1A787B1D01321A70084BB7
:103460001B787A1D12789A42C6D93B1D1B7818002A
:10347000BD4603B090BDC04600A80708FFFF00008E
:103480007C000020F41A0020EC16002080B582B0E9
:1034900000AFFB1D00221A70BB1D01221A7019E03B
:1034A000BB1D1B789BB2013398B2BB1D1B78013B3F
:1034B0005A000E4BD31819000EF0BDFEBB1D1B7831
:1034C000192B02D9FB1D0A221A70BB1D1A78BB1DCD
:1034D00001321A70064B1B78BA1D12789A42DFD956
:1034E000FB1D1B781800BD4602B080BDC01A00202D
:1034F0007C00002090B583B000AFFB1C00221A7046
:10350000BB1D00221A803B0000221A807B1D002276
:103510001A704BE03B1D01221A7033E0BB1D1B8863
:103520001C339BB23A00110018000EF084FE3B00E1
:1035300018887B1D1A783B1D1978C4B221481300E6
:103540009B009B185B00C318221C5A543B001B882D
:103550001B0A98B27B1D1A783B1D1B78591EC4B2FA
:10356000184813009B009B185B00C318221C5A5478
:10357000BB1D1A88BB1D01321A803B1D3A1D1278F3
:1035800002321A703B1D1B78092BC7D97B1D1A7894
:103590000C4913009B009B185B00CB1809330022D9
:1035A0001A707B1D1A787B1D01321A70064B1B782E
:1035B0007A1D12789A42ADD9FB1C1B781800BD46C3
:1035C00003B090BD601900207C00002090B583B04E
:1035D00000AFFB1C00221A70BB1D00221A803B00AA
:1035E00000221A807B1D00221A707B1D00221A7097
:1035F00015E0BB1D1B88CB3398B27B1D1B785A008E
:10360000374BD31819000EF016FEBB1D1A88BB1DD0
:1036100001321A807B1D1A787B1D01321A70314BE2
:103620001B787A1D12789A42E3D37B1D00221A7010
:103630004BE03B1D01221A7033E0BB1D1B88993300
:103640009BB23A00110018000EF0F5FD3B001888FF
:103650007B1D1A783B1D1978C4B2234813009B00C8
:103660009B185B00C318221C5A543B001B881B0A82
:1036700098B27B1D1A783B1D1B78591EC4B21A489C
:1036800013009B009B185B00C318221C5A54BB1DDF
:103690001A88BB1D01321A803B1D3A1D1278023276
:1036A0001A703B1D1B78092BC7D97B1D1A780E4950
:1036B00013009B009B185B00CB18093300221A7083
:1036C0007B1D1A787B1D01321A707B1D1B78092B1C
:1036D000AFD9FB1C1B781800BD4603B090BDC04697
:1036E0008C1A00207C000020FC090020B0B588B0B6
:1036F00002AF0B23FB1800221A703B1D00221A8018
:10370000BB1C00221A8008243B1900221A80BB1D12
:1037100000221A8017257B1900221A7000233B61B2
:103720000023FB603B1D1900E4200EF084FD030024
:103730001A003B191A803B191B88002B03D13B1D33
:103740001A887B191A703B1D1900E5200EF073FDD5
:1037500003001A0008243B191A80BB1C1900E6203C
:103760000EF069FD03001A00BB1D1A803B191B886F
:10377000002B0AD1BB1D1B88002B06D13B1D1B88CB
:103780001B04BA1C12889B183B613B1D1900E720E3
:103790000EF051FD03001A0008243B191A80BB1CCF
:1037A0001900E8200EF047FD03001A00BB1D1A8027
:1037B0003B191B88002B0AD1BB1D1B88002B06D18F
:1037C0003B1D1B881B04BA1C12889B18FB603B1D09
:1037D0001900E9200EF02FFD03001A0008217B18C4
:1037E0001A807B181B88002B0BD13B1D1B881B0AE2
:1037F0009BB2DAB2414B1A703B1D1B88DAB2404BC8
:103800001A703B1D1900EA200EF015FD03001A0086
:1038100008217B181A807B181B88002B0BD13B1DBD
:103820001B881B0A9BB2DAB2364B1A703B1D1B88F1
:10383000DAB2354B1A703B1D1900EB200EF0FBFC81
:1038400003001A0008217B181A807B181B88002BA4
:103850000BD13B1D1B881B0A9BB2DAB22B4B1A7093
:103860003B1D1B88DAB22A4B1A70244B1B78002BA5
:1038700011D0234B1B78002B0DD0204B1D78204BF3
:103880001B78FC6839691722BA18107800932B004E
:10389000220007F0A5FA1B4B1B78002B11D01A4B06
:1038A0001B78002B0DD0174B1D78174B1B78FC682D
:1038B00039691722BA18107800932B00220007F0FC
:1038C0008FFA124B1B78002B11D0114B1B78002B59
:1038D0000DD00E4B1D780E4B1B78FC6839691722F2
:1038E000BA18107800932B00220007F079FA0B2306
:1038F000FB181B781800BD4606B0B0BD1B1B00208E
:103900001C1B00201D1B00201E1B00201F1B002055
:10391000201B0020B0B584B000AF0F23FB1800229D
:103920001A7008243A198A235B00110018000EF05F
:1039300082FC03001A000C217B181A807B181B885C
:10394000002B24D13B191B881A1C03231340DAB225
:10395000A44B03210A4050011A7860218A43111CAC
:10396000021C0A431A703B191B881B0A9BB21A1CC3
:1039700001231340DAB29B4B01210A4090001A78D0
:1039800004218A43111C021C0A431A701FE0964B43
:103990001B785B069B0FDAB2924B03210A40500161
:1039A0001A7860218A43111C021C0A431A708E4B3C
:1039B0001B785B07DB0FDAB28A4B01210A409000CB
:1039C0001A7804218A43111C021C0A431A70082425
:1039D0003A198E235B00110018000EF02CFC030036
:1039E0001A000C217B181A807B181B88002B11D120
:1039F0003B191B881BB29BB2DB0BDAB2794B01215E
:103A00000A40D0001A7808218A43111C021C0A437C
:103A10001A700FE0744B1B781B07DB0FDAB2714B87
:103A200001210A40D0001A7808218A43111C021C87
:103A30000A431A7008243A191623FF33110018009C
:103A40000EF0F9FB03001A000C217B181A807B187A
:103A50001B88002B04D13B191A88644B1A8003E0A1
:103A6000634B1A88614B1A8008243A198B235B0038
:103A7000110018000EF0DFFB03001A000C217B1868
:103A80001A807B181B88002B04D13B191A88574BCE
:103A90005A8003E0564B5A88544B5A8008243A19EE
:103AA0001823FF33110018000EF0C5FB03001A00A5
:103AB0000C217B181A807B181B88002B0CD13B191A
:103AC0001B88DAB2494B1A713B191B881B0A9BB23F
:103AD000DAB2464B5A7107E0454B1A79434B1A71DB
:103AE000434B5A79414B5A7108243A198C235B0095
:103AF000110018000EF09FFB03001A000C257B1923
:103B00001A80BA1D1A23FF33110018000EF093FB20
:103B100003001A000A217B181A807B191B88002BCE
:103B20000DD17B181B88002B09D13B191B881A006B
:103B3000BB1D1B881B041A432C4B9A600CE02D4BB9
:103B40001B78002B04D0294BE12252029A6003E03B
:103B5000274B9A68254B9A6008243A198D235B00FD
:103B6000110018000EF067FB03001A000C217B18EF
:103B70001A807B181B88002B0CD13B191B88DAB2EA
:103B80001A4B1A733B191B881B0A9BB2DAB2174BEC
:103B90005A7305E0154B18225A73144B00221A73FE
:103BA00008243A191C23FF33110018000EF043FBC0
:103BB00003001A000C217B181A807B181B88002B2D
:103BC00005D13B191B88DAB2084B9A7603E0084B03
:103BD0009A7E064B9A760F23FB181B781800BD4679
:103BE00004B0B0BD141B0020181B0020F81A0020E0
:103BF000800000201A1B002080B582B000AFBB1DE2
:103C000000221A703B0000221A803B1D00221A80FD
:103C1000FB1C00221A70FB1D00221A7071E0FB1DB4
:103C20001B783B339BB29B009BB23A0011001800FB
:103C30000EF001FB03001A003B1D1A803B1D1B8880
:103C4000002B59D13B001B881B0A9AB2FB1C1A702F
:103C5000FB1C1B781B09DBB21A00FB1D1B78013310
:103C60009A4249D1FB1C1B780F22134044D0FB1D04
:103C70001B785A1CFB1C1B780F210B40D8B226491D
:103C800013005B009B18CB180133021C1A703B0019
:103C90001988FB1D1B785A1CC8B21F4913005B0012
:103CA0009B18CB180233021C1A70FB1D1B785A1C80
:103CB000194913005B009B18CB1801331A78FB1DC0
:103CC0001B780133DBB2190010000FF051F9FB1D16
:103CD0001B780133D8B2FB1D1B785A1C0E49130008
:103CE0005B009B18CB1802331B7801221340DBB218
:103CF000002219000FF03EFBFB1D1A78FB1D01325C
:103D00001A70FB1D1B78052B89D9BB1D1B78180069
:103D1000BD4602B080BDC0464057002090B585B07A
:103D200000AF0F23FB1800221A706F4BBB603220CC
:103D300036F08EFB03003B603B68002B01D1FB2378
:103D4000CEE0BB681B78FE2B01D0FF23C8E0FB1D33
:103D500000221A70B8E00F23FB1800221A7010E03E
:103D6000BB685A1CBA6019000F203B181B783A68D0
:103D7000D3180A78D2B21A703B181A783B1801325D
:103D80001A700F243B191B78132BE9D9FB1D1A78E5
:103D900013009B009B189B00544A98183B68013302
:103DA0001422190038F0A9F83B68142200211800E9
:103DB00037F084FF3B1900221A70BB681433BB60D4
:103DC0000FE0BA680F203B181B783968CB181278BF
:103DD0001A70BB680133BB603B183A181278013285
:103DE0001A70BB681B78FE2B08D0BB681B78FF2BB2
:103DF00004D00F23FB181B78312BE2D90F217B183D
:103E00001B78013B3A68D3181B78002B04D07B1831
:103E10007A18127801321A700F23FB181A78FB1DDA
:103E20001C78100036F014FB030019002F4A230001
:103E30009B001B199B00D3180C331960FB1D1A78CB
:103E40002A4913009B009B189B00CB180C331B685E
:103E5000002B12D1FB1D1A7813009B009B189B00AE
:103E6000224A9B1814220021180037F027FF3B68D4
:103E7000180036F0F7FA0E2332E0FB1D1A781B49C2
:103E800013009B009B189B00CB180C3318680F2461
:103E90003B191A783B68190038F02FF8144B1B783F
:103EA0000133DAB2124B1A703B191A783B680021C1
:103EB000180037F003FFBB681B78FE2B0AD1FB1DEF
:103EC0001A78FB1D01321A70FB1D1B78042B00D8D9
:103ED00041E700E0C0463B68180036F0C3FA002313
:103EE0001800BD4605B090BD00B00708A81B002013
:103EF0009D0A002080B582B000AFFB1D00221A7021
:103F0000BB1D01221A7021E0BB1D1B785A1E154BE8
:103F10005200D35A002B0DD0BB1D1B789BB201332E
:103F200098B2BB1D1B785A1E0E4B5200D35A190073
:103F30000EF0A2F9BB1D1B78192B02D9FB1D0A221A
:103F40001A70BB1D1A78BB1D01321A70064B1B7804
:103F5000BA1D12789A42D7D9FB1D1B781800BD46AE
:103F600002B080BDC01A00207C00002090B583B054
:103F700000AFFB1C00221A70BB1D00221A803B0000
:103F800000221A807B1D00221A7047E07B1D1A78E0
:103F9000284913009B009B185B005B5C002B38D00A
:103FA0003B1D01221A7030E07B1D1A783B1D1B78E7
:103FB000591E204813009B009B185B00C3185B5CD4
:103FC0001B0299B27B1D1A783B1D1878194C1300FF
:103FD0009B009B185B00E3181B5C1A003B008A18CF
:103FE0001A80BB1D1B881C339AB23B001B8819002A
:103FF00010000EF041F9BB1D1A88BB1D01321A805A
:104000003B1D3A1D127802321A703B1D1B78092B9A
:10401000CAD97B1D1A787B1D01321A70064B1B789A
:104020007A1D12789A42B1D9FB1C1B781800BD4644
:1040300003B090BD601900207C000020F0B587B06F
:1040400000AFB9607A6019000F243B19021C1A7086
:104050000E257B190A1C1A701726BB1900221A702C
:104060003B191B789BB21900E4200EF005F9BB68E0
:104070001B0A9BB21900E5200EF0FEF8BB689BB24C
:104080001900E6200EF0F8F87B681B0A9BB21900B5
:10409000E7200EF0F1F87B689BB21900E8200EF0E3
:1040A000EBF87B191B789BB21B029AB220231024D9
:1040B0001B19DB191B789BB2D3189BB21900E9209E
:1040C0000EF0DAF824231B19DB191B789BB21B02B4
:1040D0009AB228231B19DB191B789BB2D3189BB209
:1040E0001900EA200EF0C8F82C231B19DB191B78E5
:1040F0009BB21B029AB230231B19DB191B789BB2AF
:10410000D3189BB21900EB200EF0B6F8BB191B7840
:104110001800BD4607B0F0BD80B582B000AFFB1DF2
:1041200000221A70294B1A881623FF331100180039
:104130000EF0A2F8254B5A888B235B001100180063
:104140000EF09AF8214B5B791BB21B021AB21F4B7F
:104150001B7B1BB213431BB29AB21823FF3311000F
:1041600018000EF089F8194B9B689AB28C235B00FB
:10417000110018000EF080F8144B9B681B0C9AB2CB
:104180001A23FF33110018000EF076F80F4B5B7BFB
:104190001BB21B021AB20D4B1B791BB213431BB28D
:1041A0009AB28D235B00110018000EF065F8074BE2
:1041B0009B7E1A001C23FF33110018000EF05CF8E0
:1041C000FB1D1B781800BD4602B080BDF81A002008
:1041D00080B582B000AFFB1D00221A701B4B342249
:1041E0000021180037F06AFDBB1D01221A7021E082
:1041F000BB1D1B785A1E154B5200D35A002B0DD0F5
:10420000BB1D1B789BB2013398B2BB1D1B785A1E95
:104210000E4B5200D35A19000EF02EF8BB1D1B781E
:10422000192B02D9FB1D0A221A70BB1D1A78BB1D5F
:1042300001321A70064B1B78BA1D12789A42D7D9F0
:10424000FB1D1B781800BD4602B080BDC01A0020BF
:104250007C000020B0B58EB002AF1423F8180A25F8
:104260007A191823F9180823FB180093030001207A
:104270000EF0AEF90C23F818BA1D1023F9183B1DE7
:104280000093030002200EF0A3F91C217B180122E9
:104290005A607B1800229A607B191B881A007B18D1
:1042A0001A60BB691A000C007B18190010001AF084
:1042B000F3F921007B1800225A607B1802229A60D1
:1042C0003B1D1B881A007B181A60FB681A007B18BC
:1042D000190010001AF0E0F9BB6918007B191B885F
:1042E000002219001AF061FB052010F077FAFB6834
:1042F0001A003B1D1B88190010001AF039FB031E21
:1043000017D1BB6918007B191B88012219001AF00C
:104310004CFB052010F062FAFB681A003B1D1B885D
:10432000190010001AF024FB0300012B01D1012316
:1043300000E000231800BD460CB0B0BD90B585B0BC
:1043400000AF78600F23FB1800221A701CE00F24C6
:104350003B191A78114913005B009B189B00CB187E
:1043600008331A687B6811001800FBF7CDFE031EA6
:1043700004D13B191B780133DBB20BE00F217B1812
:104380001A787B1801321A700F23FB181B78002B48
:10439000DDD000231800BD4605B090BDCC01002043
:1043A00080B584B000AF78600F23FB1800221A702C
:1043B00041E0264A7B6811001800FBF7A5FE031EAA
:1043C00001D101233DE0224A7B6811001800FBF770
:1043D0009BFE031E01D1022333E01E4A7B681100BD
:1043E0001800FBF791FE031E01D1032329E01A4AAE
:1043F0007B6811001800FBF787FE031E01D1042320
:104400001FE0164A7B6811001800FBF77DFE031EB3
:1044100001D1052315E0124A7B6811001800FBF753
:1044200073FE031E01D106230BE00F217B181A78BF
:104430007B1801321A700F23FB181B78052BB8D993
:1044400000231800BD4604B080BDC046F00D04082E
:10445000F40D0408F80D0408FC0D0408000E04080F
:10446000040E040880B582B000AF0FF07DFE10F09E
:1044700077F80DF0B5FE0DF06BFF0DF071FB10F04D
:1044800013F90DF0B7FD10F049F90DF0F3FF031E1D
:1044900003D00DF047FFFEF753FFFFF7DBFE031ECF
:1044A00021D03A4B01221A70322010F097F90CF00B
:1044B00001FD374BE12252029A60FB1D01221A7066
:1044C0000CE0334B9A68FB1D1B781100180010F0AC
:1044D000F1FDFB1D1A78FB1D01321A70FB1D1B78C4
:1044E000052BEED904E0322010F078F90CF0E2FC54
:1044F000FEF738FF10F048FF0DF06CFB254B1B78E2
:10450000002B13D180235B012348012219001AF0EC
:104510004CFAFA235B00180010F060F980235B016D
:104520001D48002219001AF040FA26E080235B01A2
:104530001948012219001AF038FAFA235B00180012
:1045400010F04CF980235B011348002219001AF087
:104550002CFA642010F042F980235B010E480122FE
:1045600019001AF022FA642010F038F980235B0158
:104570000948002219001AF018FA06F01BFA074B36
:1045800001221A70C046BD4602B080BD1A1B002031
:10459000F81A0020F41A0020000400509B0A0020A2
:1045A00080B500AF17F0A4FE0CF074F8FFF75AFFC7
:1045B00006F024FA14F0BEFBC046BD4680BD0000E4
:1045C000F0B587B002AF0F23FB1800221A700E233C
:1045D000FB1800221A700D23FB1800221A707B1D95
:1045E00000221A703B1D00221A700C23FB180022B7
:1045F0001A700B23FB1800221A700A23FB180022E2
:104600001A7009243B1900221A70BB1C00221A8060
:10461000BA4B01221A700823FB1800221A70B84BFB
:104620001B78180000F0FAFC322014F08BFB3B19C9
:1046300001221A7013E009217B181B785A1EB14B16
:104640009200D35A002B04D00823FB187A18127852
:104650001A7009217B181A787B1801321A70092305
:10466000FB181B78052BE6D9FB1D01221A701BE0F5
:10467000A34B1B78FA1D12789A4210D0FA1D08231A
:10468000FB1812781B789A4209D0FB1D1B78180082
:1046900010F030FD03000121180010F055FDFB1D46
:1046A0001A78FB1D01321A70FB1D1B78052BDFD910
:1046B000934B1B78180000F0B1FC934B02221A7048
:1046C000322014F03FFB0E23FB1801221A7009233D
:1046D000FB1801221A7041E009217B181B785A1E31
:1046E000884B9200D35A002B32D00E243B193A1932
:1046F000127801321A70854B3A1912785A70844B2D
:104700003A1912781A70814B00221A700D007B182A
:1047100018780323009310230022002106F07EFF67
:104720003B191B789BB21B029BB27A191278511E5F
:10473000744A89008A5AD2B211007A191278013A61
:104740005B1899B26F4B9200D152322014F0FAFAF2
:1047500009217B181A787B1801321A7009217B18FD
:104760001B78052BB8D96B4B1A886B4B1A807B18BA
:1047700001221A705FE009203B181B785A1E614B1A
:104780009200D35A002B50D03B181B78591EBB1CEB
:104790005C4A89008A5A1A80BB1C1B881B0A9AB281
:1047A0007B1D1A703B181B785A1E564B9200D25A2A
:1047B0003B1D1A707B1D1B781BB2DB001AB23B1D20
:1047C0001B781BB2134319B23B181A7889B2524BAB
:1047D0005200D15204003B181B78013B7A1D12781D
:1047E000013A48499B00CB18023318884A4B1621DE
:1047F0004A43011CD152414B1B781BB2DB001AB259
:104800003B191B781BB2134319B27B1D1B785A1E30
:104810003B1D18788CB2404913009B009B185B002D
:104820009B181B185B00221C5A5209217B181A780E
:104830007B1801321A700923FB181B78052B9AD9B3
:104840000C23FB1802221A7017E00E23FB181B78AA
:104850009BB21622534399B22F4A0C243B19187865
:104860000B00112106F054FE0A2014F06BFA21000F
:104870007B181A787B1801321A700C23FA180E2351
:10488000FB1812781B789A42DFD977E10C23FB18CA
:1048900002221A7064E1BB1D01221A700AE0BB1DDE
:1048A0001B78013B194A0121D154BB1D1A78BB1D4D
:1048B00001321A70BB1D1B780A2BF0D9134B002252
:1048C0009A720C243B191B780B220E21180006F05B
:1048D000CDFD322014F036FA3B191B7800220C2152
:1048E000180006F0C3FD96235B00180014F02AFAA6
:1048F0000B23FB1801221A7062E0C046F41A002054
:10490000980A0020F81500209A0A0020C80B002001
:104910007C0000207A000020EC1600200B203B18C1
:104920001B78591EBB1CDE4A89008A5A1A80BB1CA0
:104930001B881B0A9AB27B1D1A70BB1C1B88002B9C
:1049400038D07B1D1B78002B34D10E217B187A18B0
:10495000127801321A70D34B7A1812785A70D24BEF
:104960007A1812781A707B181B789BB21B029BB2C4
:104970003A181278511ECA4A89008A5AD2B21100D6
:104980003A181278013A5B1899B2C54B9200D1528D
:10499000C44B01221A70C34B3A1812789A700C2338
:1049A000FB181B7803221021180006F05FFD32204F
:1049B00014F0C8F90B217B181A787B1801321A7091
:1049C0000B22BB181B780A2BA8D9BB1801221A701E
:1049D00090E00B243B191B785A1EB14B9200D35A1E
:1049E000002B00D180E03B191B78591EBB1CAC4A40
:1049F00089008A5A1A80BB1C1B881B0A9AB27B1D2D
:104A00001A703B191B785A1EA54B9200D25A3B1DB7
:104A10001A707B1D1B78012B66D00C257B191B7827
:104A20005A1E3B191878A14913009B009B185B0084
:104A30009B181B185B005B5A002B19D17B1D1B7840
:104A40001BB2DB001AB23B1D1B781BB2134319B219
:104A50007B191B785A1E3B1918788CB293491300A6
:104A60009B009B185B009B181B185B00221C5A5272
:104A70007B1D1B785A1E3B1D18788C4913009B0028
:104A80009B185B009B181B185B005B5A002B2BD1FB
:104A90000B243B191B78013B7A1D1278013A80499F
:104AA0009B00CB1802331888804B16214A43011C07
:104AB000D1520C23FB181B781BB2DB001AB23B1936
:104AC0001B781BB2134319B27B1D1B785A1E3B1D6A
:104AD00018788CB2754913009B009B185B009B18DB
:104AE0001B185B00221C5A520B217B181A787B186A
:104AF00001321A700B243B191B780A2B00D868E787
:104B0000674B14220021180037F0D8F83B19022215
:104B10001A7017E00E23FB181B789BB21622534322
:104B200099B2624A0B243B1918780B00112106F048
:104B3000EFFC642014F006F921007B181A787B182A
:104B400001321A700B23FA180E23FB1812781B7807
:104B50009A42DFD90C217B181A787B1801321A701F
:104B60000C23FA180E217B1812781B789A4200D871
:104B700091E60D23FB187A1812781A700D23FA1893
:104B80000E23FB1812781B789A4200D07EE6484B21
:104B90001B78180000F042FA322014F0D3F80C23EE
:104BA000FB1801221A7020E00C23FB181B78591EF9
:104BB000BB1C404A89008A5A1A80BB1C1B881B0AEE
:104BC0009AB27B1D1A70BB1C1B88002B07D07B1D63
:104BD0001B78002B03D10F23FB1805221A700C2120
:104BE0007B181A787B1801321A700C22BB181B78BC
:104BF000052BD9D9BB1802221A703DE00C23FB18F3
:104C00001B7800220C21180006F030FC96235B0074
:104C1000180014F097F80B23FB1801221A7020E0FB
:104C20000B23FB181B78591EBB1C1D4A89008A5A8E
:104C30001A80BB1C1B881B0A9AB27B1D1A70BB1CF6
:104C40001B88002B07D07B1D1B78002B03D10F2363
:104C5000FB1805221A700B217B181A787B18013279
:104C60001A700B23FB181B780A2BD9D90C217B183F
:104C70001A787B1801321A700C23FA180E23FB18CD
:104C800012781B789A42B9D90F23FB181B78002B96
:104C900000D04EE10923FB1801221A7021E0C04622
:104CA0000C160020C80B00207C000020EC16002011
:104CB000980A0020F8150020D04B1B881BB2092051
:104CC0003A181278013ACE4911410A0012B2134043
:104CD0001BB29AB2C94B1A803B181A783B180132A2
:104CE0001A700923FB181B78052BE5D90C23FB1838
:104CF0000E22BA1812781A70EDE00A23FB1801226E
:104D00001A70A3E00C243B191B785A1E0A257B1944
:104D10001878BC4913009B009B185B009B181B185C
:104D20005B005B5A002B1ED17B191B78013BB64AF6
:104D30000021D15420003B181B785A1EAF4B520063
:104D4000D35A1BB27A191278013AAD4911410A00BF
:104D500012B2134019B23B181B785A1E89B2A74BE6
:104D60005200D1526CE00C257B191B785A1E0A2682
:104D7000BB191C78B91CA34813009B009B185B004F
:104D80009B181B195B001B5A0B80BB1C1B88DB0884
:104D90009AB27B1D1A70BB1C1B88DAB23B1D07211F
:104DA0000A401A707B1D1B785A1E944B5200D35A2E
:104DB00019003B1D1B78013B802212021A4113008F
:104DC0000B401ED1BB191B78013B8F4A0121D154E6
:104DD0007B191B785A1E894B5200D35A1AB2BB1941
:104DE0001B78013B8021090219410B001BB21343C0
:104DF00019B27B191B785A1E89B2804B5200D152CE
:104E00001EE00A203B181B78013B7F4A0021D15449
:104E10000C243B191B785A1E784B5200D35A1BB2F4
:104E20003A181278013A764911410A0012B2134039
:104E300019B23B191B785A1E89B2704B5200D152DD
:104E40000A217B181A787B1801321A700A23FB1882
:104E50001B780A2B00D855E70C243B191B78190046
:104E6000012000F0FBFA20003B181B78013B674A49
:104E7000D35C5A1E7B1D66498A5C1A703C1D7B1DE3
:104E80001A7805003B181B781100180000F0E6FAAC
:104E9000030023707A1D7B1912781B789A4206D082
:104EA0003B1D1B78013B584AD35C012B02D1564B6A
:104EB00001229A720C243B191B780B220E21180038
:104EC00006F0D4FA0A2013F03DFF21007B181A786F
:104ED0007B18013A1A700C23FB181B78012B00D9A0
:104EE0000BE70923FB1801221A701DE0494B1B78C0
:104EF00009217A1812789A4210D07A180823FB18E0
:104F000012781B789A4209D07B181B78180010F091
:104F1000F1F803000021180010F016F909217B18A0
:104F20001A787B1801321A700923FB181B78052B9D
:104F3000DCD90F23FB181B78002B25D10C23FB1881
:104F400002221A7019E00C243B191B78002201215F
:104F5000180006F08BFA3B191B78013B2B4AD35CF7
:104F60001A0013009B009B185B00180013F0EAFE68
:104F70003B191A783B1901321A70274B1B780C2207
:104F8000BA1812789A42DED90F23FB181B78002B2F
:104F90002CD10BF0B5FCFEF7ADFF642013F0D2FE70
:104FA0000C23FB1802221A7019E00C243B191B7801
:104FB00000221521180006F059FA3B191B78013B15
:104FC000124AD35C1A0013009B009B185B00180068
:104FD00013F0B8FE3B191A783B1901321A700E4BC8
:104FE0001B780C22BA1812789A42DED90F23FB18CC
:104FF0001B781800BD4605B0F0BDC046C01A0020A1
:10500000FF7FFFFFEC160020C80B002028190020AE
:105010007C230020980A00207C00002080B586B008
:1050200002AF0200FB1D1A700E23FB1800221A703B
:105030000F23FB1801221A7028E00F217A18FB1D9C
:1050400012781B789A421BD0164B1B881B0A9BB206
:10505000DAB2154B1A70134B1B88DAB2124B5A7026
:10506000114B7A1812789A707B18187803230093E2
:105070000A230022002106F0D1FA052013F062FE77
:105080000F217B181A787B1801321A700F23FB1836
:105090001B78052BD1D90E23FB181B781800BD46B1
:1050A00004B080BD7A000020C80B0020F0B58DB0A0
:1050B00000AF1F23F918087069460E00132118234A
:1050C000CB18D9190020087017211823CB18D9192B
:1050D0000020087016211823CB18D9190020087059
:1050E00015201823C318D91900200870142018237C
:1050F000C318D91900200870D5490978080001386B
:1051000078623961002078613A697B691000400F4C
:105110003A617B61DD0005433B69DC0039600020BA
:1051200078603C687D682300580F2B00DB00FB6033
:10513000FB680343FB602300DB00BB600B0007330D
:10514000DB08DB006A46D31A9D466B4600333B62A0
:1051500016211823CB18DB1900221A7018E016202C
:105160001823C318DB191B783A6A0021D15418237D
:10517000C318DB191A78B74B52000021D1521823FB
:10518000C318DB191A781823C318DB1901321A70F7
:10519000AF4B1B78162218215218D21912789A4256
:1051A000DDD315211823CB18DB1918228A18D21940
:1051B000127801321A701F23FB181B78013B3A6AE0
:1051C000080018240919C9190978D1541823C318DB
:1051D000DB1918228218D219127801321A7017239B
:1051E00018229B18DB1901221A7054E01F23FB18A8
:1051F0001B785A1E17241823E318DB1918789649D0
:1052000013009B009B185B009B181B185B005B5AEC
:10521000002B36D01F23FB181B785A1E8D4B5200D3
:10522000D35A1AB220001823C318DB191B78013B8C
:10523000012199400B001BB2134319B21F23FB1825
:105240001B785A1E89B2834B5200D1521F23FB1880
:105250001B785A1E1823C318DB1918787E491300CF
:105260009B009B185B009B181B185B005B5ADB08BC
:105270009BB2013B3A6A152118200918C91909780F
:10528000D15417211823CB18DB191A781823CB18FF
:10529000DB1901321A70172318229B18DB191B78AF
:1052A000062BA3D9142318229B18DB1900221A708D
:1052B00015221823D318DB1918215218D219127885
:1052C00001321A70162318229B18DB1900221A705B
:1052D000A2E0162318229B18DB191B783A6AD35CCC
:1052E0001A00152318215B18DB191B78013B9A4221
:1052F00000D087E0172318229B18DB1901221A70AF
:1053000078E016241823E318DB191A7817251823D8
:10531000EB18DB191878504913009B009B185B00B1
:105320009B181B185B005B5A002B59D01823E318FD
:10533000DB191A781823EB18DB1918784649130083
:105340009B009B185B009B181B185B005B5ADB08DB
:105350009BB2013B3A6AD35C002B41D12000182359
:10536000C318DB191A783B4B5200D35A1AB22C00DF
:105370001823E318DB191B78013B012199400B002E
:105380001BB2134319B21823C318DB191A7889B258
:10539000304B5200D1521823C318DB191A78182346
:1053A000E318DB1918782C4913009B009B185B004D
:1053B0009B181B185B005B5ADB089BB2013B3A6AE7
:1053C000152118200918C9190978D1541422182355
:1053D000D318DB1918215218D219127801321A7019
:1053E00017211823CB18DB191A781823CB18DB19CF
:1053F00001321A70172318229B18DB191B78062B11
:1054000000D87EE716211823CB18DB191A78182349
:10541000CB18DB1901321A700D4B1B78162218219C
:105420005218D21912789A4200D252E71423182245
:105430009B18DB191B78002B00D033E713231822AD
:105440009B18DB191B78B5461800BD460DB0F0BDA2
:105450007C00002020160020EC160020B0B594B08F
:1054600000AF0200FB1D1A70BB1D0A1C1A70082336
:10547000FB18180032231A00002136F01FFC3B23D2
:10548000FB1800221A704F23FB1800221A703A23CF
:10549000FB1800221A704E23FB1800221A709F4B33
:1054A0001A220021180036F009FCFB1D1B78013B75
:1054B0009B4A0021D154FB1D1B78013B994A0021D6
:1054C000D1540123BB6432E0FB1D1B785A1E964960
:1054D00013009B009B185B009B18BA6C9B185B0029
:1054E0005B5A002B20D0FB1D1B785A1E8E491300DF
:1054F0009B009B185B009B18BA6C9B185B005B5A67
:10550000DB089AB2BB1D1B789BB29A420CD1BB1D23
:105510001B78013B824A0121D154804BBA1D12787D
:105520001A70BB6CDBB2F5E0BB6C0133BB64BB6CC7
:10553000062BC9DD01237B6411E0FB1D1B787A6C0F
:105540009A4209D07B6C013B754AFF21D1547B6C98
:10555000013B744A0021D1547B6C01337B64734B53
:105560001B781A007B6C9342E7DD77E008243A1938
:105570006B4B1100180000F0DBF803001A004F21FC
:105580007B1801321A707A18BB1D12781B789A4268
:105590006DD07B181B78013B3A190121D15443236C
:1055A000FB1801221A7054E04F243B191B785A1E35
:1055B00043257B1918785C4913009B009B185B00FE
:1055C0009B181B185B005B5A002B3CD03B191B78C7
:1055D0005A1E7B191878544913009B009B185B00D6
:1055E0009B181B185B005B5ADB089AB23A217B18A8
:1055F0001A707B181B78013B0822BA18D35C002B69
:1056000021D13B191B78013B454AD25C3B203B181A
:1056100001321A707B181B78013B414AD35C0500AC
:105620003A1812789A420ED208007B181B78013B78
:105630003B4A79190978D1543B181B78013B394A08
:1056400039190978D15443217B181A787B18013213
:105650001A704323FB181B78062BA5D90823FB18C7
:10566000180000F0A9F8031E00D17FE700E0C04653
:1056700013E04E22BB181B78BA18591C1170190080
:10568000264B4F203A1812785A5401007B181B7889
:105690005A1E7B1823498A5C1A704F23FB181B780B
:1056A000013B204AD35C002BE3D10123FB632DE0B7
:1056B000FB1D1B785A1E1C4913009B009B185B00A6
:1056C0009B18FA6B9B185B005B5A002B1BD0FB1DD1
:1056D0001B785A1E144913009B009B185B009B18F3
:1056E000FA6B9B185B005B5ADB089BB2BA1D127801
:1056F000013A0B498A5C013A08498A5C934202D11B
:10570000FB6BDBB206E0FB6B0133FB63FB6B062B31
:10571000CEDD00231800BD4614B0B0BD7C230020B0
:105720002819002044190020EC1600207C000020DD
:1057300080B584B000AF786039600F217B18FF22FC
:105740001A700E23FB1800221A703B681B78002B7E
:1057500003D17B187A6812781A700023BB601BE0B3
:10576000BB687A68D3181B780F217A1812789A428E
:105770000FD9BB683A68D3181B78002B09D1BB68D6
:105780007A68D2187B1812781A700E23FB18BA6840
:105790001A70BB680133BB60064B1B781A00BB68EC
:1057A0009342DDDB0E23FB181B781800BD4604B0C6
:1057B00080BDC0467C00002080B584B000AF78601A
:1057C0000F23FB1801221A700023BB600CE0BB689A
:1057D0007A68D3181A780F217B18791809780A404B
:1057E0001A70BB680133BB60064B1B781A00BB689C
:1057F0009342ECDB0F23FB181B781800BD4604B066
:1058000080BDC0467C000020F0B587B002AF02002A
:10581000FB1D1A70854A864B1100180036F0CEF930
:10582000834B1800FAF77AFC03009AB28049FB1DFB
:10583000187801235B42009332230FF0A5FB0F235E
:10584000FB1801221A701BE00F243B191A787949C2
:10585000774B180036F0B2F9754B1800FAF75EFC7A
:1058600003009AB27249FB1D187801235B42009332
:1058700032230FF089FB3B191A783B1901321A7059
:105880000F23FB181B78052BDED96B49FB1D1878FD
:1058900001235B420093322303220FF075FB0E239A
:1058A000FB1800221A70ABE00E243B191B785A1C1F
:1058B00062495F4B180036F081F95D4B1800FAF72A
:1058C0002DFC03009AB25A49FB1D187801235B4254
:1058D000009332230FF058FB3B191A78584B1621CE
:1058E0004A43D35A1A0013005B009B185B00554AC9
:1058F00099184F4B0522180036F014FA4C49FB1D3D
:10590000187801235B420093322305220FF03CFB01
:105910004D49FB1D187801235B420093322301227D
:105920000FF032FB0D23FB1801221A7053E00E23F7
:10593000FB181A780D23FB181878414913009B00B7
:105940009B185B009B181B185B005B5A002B06D151
:105950003E49374B0022180036F030F926E00E257C
:105960007B191A780D26BB191878354913009B004E
:105970009B185B009B181B185B005B5ADB089BB2F3
:105980001C007B191A78BB1918782D4913009B004D
:105990009B185B009B181B185B005B5A1A000723BF
:1059A00013402B492248220036F008F9204B1800FA
:1059B000FAF7B4FB03009AB21D49FB1D18780123C6
:1059C0005B42009332230FF0DFFA0D217B181A7827
:1059D0007B1801321A700D23FB181B78052BA6D9F2
:1059E0001C49FB1D187801235B42009332230222DD
:1059F0000FF0CAFA0E217B181A787B1801321A7040
:105A0000154B1B780E22BA1812789A4200D24BE737
:105A10001249FB1D187801235B42009332230122B7
:105A20000FF0B2FAC046BD4605B0F0BD080E04083E
:105A3000A80900201C0E0408240E0408280E0408DF
:105A4000EC16002008080408340E0408380E040878
:105A50003C0E0408440E04087C000020480E040894
:105A600090B587B002AF0200FB1D1A703C4A3D4B57
:105A70001100180036F0A2F83A4B1800FAF74EFB66
:105A800003009AB23749FB1D187801235B4200934B
:105A900032230FF079FA0F23FB1801221A703EE02F
:105AA0000E23FB1801221A702EE00F203B181B78E2
:105AB0005A1E2D4B5200D35A19000E243B191B7845
:105AC000013B802212021A4113000B4016D03B18F2
:105AD0001A783B191B782549224836F06FF8214B7C
:105AE0001800FAF71BFB03009AB21E49FB1D187839
:105AF00001235B42009332230FF046FA0E217B18FC
:105B00001A787B1801321A700E23FB181B780A2BA7
:105B1000CBD90F217B181A787B1801321A70144BDD
:105B20001B780F22BA1812789A42B9D9114A0D4B34
:105B30001100180036F042F80A4B1800FAF7EEFA96
:105B400003009AB20749FB1D187801235B420093BA
:105B500032230FF019FAC046BD4605B090BDC046CD
:105B60004C0E0408A8090020C01A0020680E040882
:105B70007C0000207C0E0408F0B589B002AF020062
:105B8000FB1D1A701223FB1800221A8013F052FA20
:105B90000300FB60FB6800221A70C74B1B781A00D9
:105BA000C649C74B180036F009F8C54AFB68110012
:105BB000180036F08BF8C34B1B781A00C249C04B53
:105BC000180035F0FBFFBE4AFB681100180036F0E4
:105BD0007DF8BE49BA48002300930423002235F023
:105BE000EDFFB74AFB681100180036F06FF8B84AAD
:105BF000B849B34B180035F0E1FFB14AFB6811001A
:105C0000180036F063F8B44AB449AD4B180035F0CB
:105C1000D5FFAB4AFB681100180036F057F8B04AC0
:105C2000A74B1100180035F0C9FFA54AFB68110009
:105C3000180036F04BF81723FB1801221A7048E0C1
:105C400017243B191A78A7499D4B180035F0B6FF69
:105C50009B4AFB681100180036F038F83B191B7896
:105C6000A14AD35C042B27D89A00A04BD3181B68F9
:105C70009F469F4A924B1100180035F09FFF1CE091
:105C80009C4A8F4B1100180035F098FF15E09A4A96
:105C90008B4B1100180035F091FF0EE0974A884BAE
:105CA0001100180035F08AFF07E0954A844B110077
:105CB000180035F083FF00E0C046814AFB68110000
:105CC000180036F003F817217B181A787B18013278
:105CD0001A701723FB181B78052BB1D9894A784B0A
:105CE0001100180035F06AFF754AFB6811001800B2
:105CF00035F0ECFF1623FB1801221A7043E0162141
:105D00007B181B785A1E804B9200D3581B68002BBF
:105D10000DD17B181A787D49694B180035F04EFF7C
:105D2000674AFB681100180035F0D0FF25E0162601
:105D3000BB191C78BB191B785A1E734B9200D358A1
:105D40009B6A18000BF0BAF903001D00BB191B7801
:105D50005A1E6F4B9200D35818000BF0AFF9030096
:105D60006C49574800932B00220035F027FF544A16
:105D7000FB681100180035F0A9FF16217B181A786E
:105D80007B1801321A701623FB181B78062BB6D924
:105D9000FB681800FAF7C2F903001A00FB689A18AA
:105DA0005D4B1000190003231A0036F0A6F8FB68BB
:105DB0001800FAF7B3F903001A00FB689A18574B5A
:105DC000100019001D231A0036F097F8FB68180020
:105DD000FAF7A4F902001223FB181A801523FB1806
:105DE00001221A7023E0344B1B785A1E4C4B520090
:105DF000D35A190015203B181B78013B8022120250
:105E00001A4113000B400CD03B181A7845492C4B13
:105E1000180035F0D3FE2A4AFB681100180035F04F
:105E200055FF15217B181A787B1801321A7015233B
:105E3000FB181B78052BD6D91223FB181C88FB688E
:105E40001800FAF76BF903009C420ED1FB681800AA
:105E5000FAF764F903001A00FB689A18324B100035
:105E6000190005231A0036F048F8FB681800FAF705
:105E700055F903001A00FB689A18274B1000190007
:105E800003231A0036F039F8FB1D1B78002B0ED0C7
:105E9000FB681800FAF742F903009AB2F968FB1D93
:105EA000187801235B42009332230FF06DF8C0464F
:105EB000BD4607B0F0BDC046F41A00209C0E040891
:105EC000A8090020980A0020B80E0408D40E04087F
:105ED000F40E0408000F0408180F0408240F040827
:105EE000400F0408540F0408A80A002058100408A2
:105EF0005C0F0408640F04087C0F0408880F040872
:105F0000A40F0408C40F0408D4550020DC0F0408B3
:105F1000D8210020F80F0408440E040828100408B3
:105F2000C01A0020481004085010040890B585B02D
:105F300000AF78600E23FB1800221A700F23FB18A5
:105F400000221A704B4A7B6811001800FAF7DCF83F
:105F5000031E03D1484B1B781BB286E0474A7B687F
:105F600011001800FAF7D0F8031E01D1FF237CE0DE
:105F70007B681B78232B25D17B680133180034F014
:105F800060FA02000E217B181A700A00BB181B78F9
:105F9000002B0AD03A4B1B781100BA1812789A429B
:105FA00003D87B181B781BB25FE0334B1B780E22A3
:105FB000BA1812789A4203D12F4B1B781BB254E0C7
:105FC000662352E00F23FB1800221A701DE00F24F5
:105FD0003B191A7813009B009B185B00294A9A18FA
:105FE0007B6811001800FAF78FF8031E07D17B6851
:105FF0001B78002B03D03B191B781BB235E00F2117
:106000007B181A787B1801321A701D4B1B780F21F0
:106010007A1812789A42DAD37B1800221A701EE09E
:106020000F243B191A7813009B009B185B00164A3B
:106030009A187B6811001800FAF766F8031E08D159
:106040003B191B781BB21B021BB2FE2213431BB26F
:106050000BE00F217B181A787B1801321A700F237E
:10606000FB181B78092BDBD964231800BD4605B04B
:1060700090BDC0466C100408F41A0020701004088B
:106080007C00002060190020FC090020B0B586B01B
:1060900000AF02003960FB1D1A701323FB180022A9
:1060A0001A7000237B6100237B610FE07B699A00FB
:1060B000404BD2183B6811001800FAF725F8031E70
:1060C00001D1062371E07B6901337B617B69032B7E
:1060D000ECDD01237B6112E07A6913009B009B18C1
:1060E0005B00354A9A183B6811001800FAF70CF863
:1060F000031E01D1072358E07B6901337B612F4BDD
:106100001B781A007B699342E6DB00237B6112E077
:106110007A6913009B009B185B00294A9A183B6818
:1061200011001800F9F7F0FF031E01D107233CE02E
:106130007B6901337B617B69092BE9DD214B224AB5
:106140001A6019E01F4B1B681B681B68FB60FB682B
:106150001800F9F7E3FF0300BB60BA68F9683B6811
:10616000180035F0CEFD031E01D108231DE0154BAC
:106170001B685A68134B1A60124B1B68002BE1D145
:10618000FB1D1A7813009B009B185B000A4A9B18A2
:106190003A681100180035F0A8FE13257C19FDF7A8
:1061A000E5FE030023707B191B781800BD4606B07E
:1061B000B0BDC0463C090408601900207C000020E6
:1061C000FC090020241B0020E801002080B588B0D5
:1061D00000AF02003960FB1D1A701723FB18002264
:1061E0001A700023FB610023BB610023FB6129E0DF
:1061F000FA6913009B009B185B005B4A9A183B6886
:1062000011001800F9F780FF031E18D1FB1D1B7841
:106210005A1E564B5200D35A1AB20121FB699940BB
:106220000B001BB2134319B2FB1D1B785A1E89B217
:106230004E4B5200D1521723FB181B7890E0FB699C
:106240000133FB61FB69092BD2DD0023BB610FE049
:10625000BB699A00464BD2183B6811001800F9F749
:1062600053FF031E01D106237AE0BB690133BB61F2
:10627000BB69032BECDD0123BB6112E0BA6913009B
:106280009B009B185B003B4A9A183B681100180062
:10629000F9F73AFF031E01D1072361E0BB6901331F
:1062A000BB61354B1B781A00BB699342E6DB334B6D
:1062B000334A1A6019E0314B1B681B681B683B614D
:1062C0003B691800F9F72AFF0300FB60FA68396997
:1062D0003B68180035F015FD031E01D108233FE08F
:1062E000264B1B685A68254B1A60244B1B68002BF1
:1062F000E1D10023FB6118E01B49FA6913009B0000
:106300009B185B005B5C002B0CD1FA6913009B00AF
:106310009B185B00144A9B183A681100180035F06E
:10632000E4FD05E0FB690133FB61FB69092BE3DD5B
:10633000FB1D1B785A1E0D4B5200D35A1AB2012175
:10634000FB6999400B001BB2134319B2FB1D1B786C
:106350005A1E89B2054B5200D1521723FB181B78E5
:106360001800BD4608B080BDFC0900208C1A002032
:106370003C090408601900207C000020281B002034
:10638000E801002080B586B000AFB9607A601900DE
:106390000F23FB18021C1A700E203B180A1C1A70DF
:1063A0001623FB1820221A807A6880231B059A4244
:1063B00000D3D4E07B68DAB2E54B1A70E44B3A18AC
:1063C00012785A703B181B78082B00D9BDE19A004F
:1063D000E04BD3181B689F46BB681B78DAB2DC4BD6
:1063E0009A700F23FB181B7803222021180005F058
:1063F0003DF8B4E1BB681B785BB2DAB2D44B9A705B
:106400000F23FB181B7803222021180005F02EF81B
:10641000A5E1BB681B889BB2DAB2CD4B9A70BB6812
:106420001B889BB21B0A9BB2DAB2C94BDA700F23EE
:10643000FB181B7804222021180005F017F88EE1C4
:10644000BB681B881BB2DAB2C14B9A70BB681B8851
:106450001BB21B121BB2DAB2BD4BDA700F23FB1852
:106460001B7804222021180005F000F877E1BB68B2
:106470001B68DAB2B64B9A70BB681B681B0ADAB2AB
:10648000B34BDA70BB681B681B0CDAB2B04B1A71E5
:10649000BB681B681B0EDAB2AD4B5A710F23FB1899
:1064A0001B7806222021180004F0E0FF57E1BB68AA
:1064B0001B68DAB2A64B9A70BB681B681B12DAB273
:1064C000A34BDA70BB681B681B14DAB2A04B1A71BD
:1064D000BB681B681B16DAB29D4B5A710F23FB1861
:1064E0001B7806222021180004F0C0FF37E1BB68AA
:1064F0001B78DAB2964B9A70BB6801331B78DAB21C
:10650000934BDA70BB6802331B78DAB2904B1A7186
:10651000BB6803331B78DAB28D4B5A71BB68043306
:106520001B78DAB28A4B9A71BB6805331B78DAB2F2
:10653000874BDA71BB6806331B78DAB2844B1A7268
:10654000BB6807331B78DAB2814B5A720F23FB18F2
:106550001B780A222021180004F088FFFFE07C4B02
:1065600000221A707A4B0E217A1812785A707B68C2
:106570001B0EDAB2764B9A707B681B0CDAB2744B46
:10658000DA707B681B0ADAB2714B1A717B68DAB277
:106590006F4B5A717B181B78082B00D9DEE09A00EC
:1065A0006D4BD3181B689F46BB681B78DAB2684BEB
:1065B0009A711623FB1819880F23FB181B780722E2
:1065C000180004F053FFCAE0BB681B785BB2DAB274
:1065D0005F4B9A711623FB1819880F23FB181B7841
:1065E0000722180004F042FFB9E0BB681B889BB289
:1065F000DAB2574B9A71BB681B889BB21B0A9BB2DD
:10660000DAB2534BDA711623FB1819880F23FB18E3
:106610001B780822180004F029FFA0E0BB681B8843
:106620001BB2DAB24A4B9A71BB681B881BB21B12B1
:106630001BB2DAB2464BDA711623FB1819880F2306
:10664000FB181B780822180004F010FF87E0BB68D5
:106650001B68DAB23E4B9A71BB681B681B0ADAB240
:106660003B4BDA71BB681B681B0CDAB2384B1A72F1
:10667000BB681B681B0EDAB2354B5A721623FB1827
:1066800019880F23FB181B780A22180004F0EEFE6D
:1066900065E0BB681B68DAB22D4B9A71BB681B685A
:1066A0001B12DAB22A4BDA71BB681B681B14DAB210
:1066B000274B1A72BB681B681B16DAB2244B5A723E
:1066C0001623FB1819880F23FB181B780A221800C1
:1066D00004F0CCFE43E0BB681B78DAB21C4B9A7125
:1066E000BB6801331B78DAB2194BDA71BB6802332D
:1066F0001B78DAB2164B1A72BB6803331B78DAB216
:10670000134B5A72BB6804331B78DAB2104B9A727F
:10671000BB6805331B78DAB20D4BDA72BB680633FF
:106720001B78DAB20A4B1A73BB6807331B78DAB2EC
:10673000074B5A731623FB1819880F23FB181B7875
:106740000E22180004F092FE09E0C04607E0C046A1
:10675000C80B00207410040898100408C0463B6A57
:10676000002B13D015F046FE03003B61C0460A4BD8
:106770001B78002B07D015F03DFE02003B69D31AB1
:106780003A6A9A42F3D8044B1B7800E000231800C1
:10679000BD4606B080BDC046151B0020B0B584B014
:1067A00002AF1E2033F054FE03007B607B681E2284
:1067B0000021180035F082FA0C4B1B7D5A1E0C4B41
:1067C0009200D258094B9B7D1D00084B5B7D1C003D
:1067D000064B1B8B07497868019300942B0035F01A
:1067E000EDF97B681800BD4602B0B0BDF81A002074
:1067F00000000020E410040890B587B004AF020048
:10680000FB1D1A70BB1D0A1C1A700D4B19780C4B1E
:106810001C78BB1D1A78FB1D1878012303930123F4
:106820005B42029301235B42019302230093230006
:1068300005F068F903001800BD4603B090BDC046DE
:10684000F41A002080B588B006AF0200FB1D1A7054
:10685000BB1D0A1C1A70002304930023039300231A
:1068600002930023019300230093002300220021C0
:106870000020FDF7E3FBFB1D1B785A1E1F4B920007
:10688000D3581B68002B14D0BB1D1B785A1E1B4B02
:106890009200D3581B68002B0BD0FB1D1B781800EF
:1068A0000BF044FBBB1D1B7818000BF03FFB0023D3
:1068B00020E0FB1D1B785A1E104B9200D3581B681A
:1068C000002B06D0FB1D1B7818000BF02FFB0023BC
:1068D00010E0BB1D1B785A1E084B9200D3581B6852
:1068E000002B06D0BB1D1B7818000BF01FFB0023EC
:1068F00000E068231800BD4602B080BDD4550020DA
:1069000080B584B000AFF860B960FB1D1A70FB68F9
:10691000002B2FD0BB68002B2CD0FB1D1B78033B1A
:10692000042B29D89A00164BD3181B689F46F96888
:10693000BB680222180035F0E0FA1EE0F968BB6877
:106940000222180035F0D9FA17E0F968BB68042272
:10695000180035F0D2FA10E0F968BB68042218007C
:1069600035F0CBFA09E0F968BB680422180035F06D
:10697000C4FA02E0C04600E0C046BD4604B080BD97
:10698000BC10040880B584B000AFF860B960FB1D8E
:106990001A70BB68002B2FD0FB68002B2CD0FB1D7E
:1069A0001B78033B042B29D89A00164BD3181B687D
:1069B0009F46B968FB680222180035F09EFA1EE077
:1069C000B968FB680222180035F097FA17E0B96839
:1069D000FB680422180035F090FA10E0B968FB68F3
:1069E0000422180035F089FA09E0B968FB6804222E
:1069F000180035F082FA02E0C04600E0C046BD460D
:106A000004B080BDD0100408B0B588B002AF786083
:106A10000D23FB1800221A701723FB1800221A708E
:106A200000233B610E23FB1800221A8001235B42E6
:106A30001900012014F0F8FE12F0FCFA03003B618B
:106A4000784B9A68E1231B039A421ED01623FB1849
:106A500001221A7014E0744B1B7816217A181278F0
:106A60009A4207D0E1231A037B181B781100180003
:106A70000EF020FB16217B181A787B1801321A7051
:106A80001623FB181B78052BE5D9684B1B781C00D7
:106A9000674B1B881A0013005B009B185B00654A5C
:106AA0009A18614B1B7864496448009313002200D4
:106AB00035F084F85C4B1C78614B1D68604B1B689B
:106AC0001800F9F72BFB03009AB20A2329002000D3
:106AD0000EF0B0FA544B1C78584B1800F9F71EFB17
:106AE00003009AB255490A2320000EF0A3FA554B31
:106AF0001B78012B00D091E0534B1A780D217B18A5
:106B00001A70514B00221A704E4B00221A70464BDD
:106B100018780C0079180A2301220EF08BFA3B1921
:106B20001B787F2B3CD050DC0D2B05D04DDC082B87
:106B300036D00A2B6DD048E03B4B1C78434B1D6888
:106B4000424B1B681800F9F7E9FA03009AB20A23CE
:106B5000290020000EF06EFA1723FB181B785BB299
:106B6000002B05D13A4A3B4B1100180035F0BDF916
:106B70002D4B18783B69374A012100F06FF8354AF0
:106B8000334B1100180035F0B0F91723FB18002221
:106B90001A70304B32220021180035F08FF83DE09A
:106BA00017217B181B785BB2002B34DD7B181B7818
:106BB0005BB2DBB2013BDAB27B181A707B181B7830
:106BC0005BB2244A0021D15425E00D203B181B78EC
:106BD0005A1C214BD3181B781A00972313401CD042
:106BE00017217B181B785BB2312B16DC3B181A7807
:106BF00008007B181B785BB251B2164AD1540100D1
:106C00007B181B785BB2DBB20133DAB27B181A70E7
:106C100003E0C04602E0C04600E0C04612F080FC3F
:106C200065E7C046F81A0020980A0020F41A0020F0
:106C30007A00002008080408E41304087C1B0020E4
:106C40009C0000209E0A0020C9290020A0000020EE
:106C5000401C00200C1C0020C0430408F0B58DB07F
:106C600002AFBA607B600F23FB18021C1A700E2360
:106C7000FB180A1C1A701423FB18180009231A00A9
:106C8000002135F01BF800233B621E23FB18002275
:106C90001A80BB68180000F09DFAC94B1B78002BC6
:106CA00022D1C849BB680322180035F02AF8031E18
:106CB0001AD1BB6803331900012000F0C1FA031E8A
:106CC00009D0C14A7B681100180034F077FFBC4B33
:106CD00000221A7005E0BA4B02221A707B680D225E
:106CE0001A7000237B6217E2B54B1B78002B18D07B
:106CF000B649BB680622180035F003F8031E10D110
:106D0000AF4B00221A70B24B1900032000F098FA22
:106D1000B04A7B681100180034F050FF00237B62FA
:106D2000FAE1A74B1B78022B13D1BB681900022094
:106D300000F086FA031E06D0A34A7B6811001800F3
:106D400034F03CFF02E07B680D221A7000237B6266
:106D5000E2E1BB682E21180034F0C5FF03003B625E
:106D60003B6A002B00D1CEE13B6A033B9A490322E8
:106D7000180034F0C6FF031E00D1C4E13B6A0133A2
:106D80001B785A1C954BD3181B781A000423134008
:106D900000D0B8E13A6ABB68D31A1A00B968142562
:106DA0007B19180034F0BEFF1E26BC197B19180091
:106DB000FFF7BCF803002380BB1900229B5E884AC2
:106DC000127893420AD13B6A013399229200796882
:106DD000180012F0A1F803007B629DE11E23FB184E
:106DE00000229B5E642B08D17E4A7B68110018004C
:106DF00034F0E4FE00237B628EE11E23FB180022A8
:106E00009B5E662B08D1784A7B681100180034F02D
:106E1000D5FE00237B627FE11E23FB1800229B5ED0
:106E2000FF2B48D1714B1A220021180034F046FF85
:106E30003B6A5C1CBB681800F9F770F90500142662
:106E4000BB191800F9F76AF90300EB1A5A1E684BD0
:106E50002100180034F066FF614B1D78BB681800F4
:106E6000F9F75CF903009CB2BB191800F9F756F961
:106E700003009BB2E31A9BB21722FF21280004F003
:106E8000ABFA3B6A0133992292007968180012F03C
:106E900043F803007B627B681800F9F73FF90300B1
:106EA0001A007B689A18534B100019001D231A0012
:106EB00035F023F830E11E22BB181B88DBB2FE2B15
:106EC00059D1BB1800229B5E1B121BB2DAB24A4B8F
:106ED0001A70464B1A220021180034F0EFFE3B6A6C
:106EE0005C1CBB681800F9F719F905001423FB189E
:106EF0001800F9F713F90300EB1A5A1E3C4B210056
:106F0000180034F00FFF364B1D783B4B1E78BB68E2
:106F10001800F9F703F903009CB21423FB181800BA
:106F2000F9F7FCF803009BB2E31A9BB21722310079
:106F3000280004F051FA2A4B1B785A1E2F4B52009E
:106F4000D35A1A002C4B1B781A411300012213400C
:106F500009D03B6A0133992292007968180011F038
:106F6000DBFF03007B621423FB187A6824497868EE
:106F700034F024FED0E03B6A013322490622180097
:106F800034F0BFFE031E43D11F4B1A7860218A43A1
:106F90001A701E243B191B88DBB20022192118002D
:106FA00004F064FA642011F0CDFE0D4B18783B1903
:106FB0001B88D9B2154B1A78002309F095FE7FE0A3
:106FC000721C002010140408141404086814040827
:106FD0007014040874140408B8140408C0430408A6
:106FE000F41A0020BC140408E4140408701A0020E9
:106FF000C80B00200C150408731C00208C1A0020FC
:107000002C15040858150408141B0020980A0020A9
:107010003B6A5C1CBB681800F9F780F80500142671
:10702000BB191800F9F77AF80300EB1A5A1E614BE6
:107030002100180034F076FE1E23FB181B88DDB2F9
:10704000BB681800F9F76AF803009CB2BB19180076
:10705000F9F764F803009BB2E31A9BB2013B9BB2C1
:107060001A001721280004F001FA1E23FB18002241
:107070009A5E51497B68180034F0A0FD7B681B784C
:10708000002B13D00E23FB181B78002B0ED07B682F
:107090001800F9F743F803009AB279680F23FB1838
:1070A00018780123009332230DF06EFF7B681800DF
:1070B000F9F734F802007B680021180034F0FEFD77
:1070C0003E4B1B7860221340DBB2602B18D1FA23B1
:1070D0009B001900012014F0A7FB394B1B78002BF3
:1070E0000ED0384B1B8801339AB2364B1A801E23C0
:1070F000FB1800229B5E7A683349786834F05EFDA5
:1071000000237B6208E099239A007968BB68180025
:1071100011F002FF03007B627B681B78002B14D008
:107120000E23FB181B78002B0FD07B681800F8F794
:10713000F5FF03009AB279680F23FB181878012332
:107140005B42009332230DF01FFF7B681800F8F7B5
:10715000E5FF02007B680021180034F0AFFD7B6A78
:10716000002B00D095E51423FB18092200211800FC
:1071700034F0A4FD154B1B78002B17D10E23FB1800
:107180001B78002B12D0124B1C68114B1B68180087
:10719000F8F7C4FF03009AB20F23FB1818780123F5
:1071A0005B420093322321000DF0EEFEC046BD4647
:1071B0000BB0F0BDC80B002060150408141B0020A4
:1071C000151B0020A41B002084150408721C00203D
:1071D000A400002080B584B000AF78600023FB607D
:1071E00020E0FB687A68D2180B217B1812781A709D
:1071F0007B181B785A1C114BD3181B781A000323D9
:107200001340012B03D17B181B78203302E00B23A2
:10721000FB181B78FA6879688A18DBB21370FB6870
:107220000133FB60FB687A68D3181B78002BD8D138
:10723000C046C046BD4604B080BDC046C043040839
:1072400090B587B000AF02003960FB1D1A700023B3
:107250007B6100233B613E4B1B785A1E13009B0051
:107260009B189B003B4A9B18FB60FB1D1B78032B64
:1072700005D065DC012B08D0022B0CD060E0FB6848
:1072800001221A7409F01AFC5CE03B68180000F057
:1072900063F8030057E0FB68DB68002B2FD0FB6826
:1072A000DB681800F8F73AFF03003B61FB68DC6815
:1072B0003B681800F8F732FF02003B69D31802332D
:1072C0001900200033F012FB0300BB60BB68002BE9
:1072D00001D10E2337E0FB68BA68DA60FB68DA6830
:1072E0003B69D31813221A70FB68DA683B690133D3
:1072F000D3183A681100180034F0F7FD22E03B681B
:107300001800F8F70BFF03000133180033F0A0F862
:1073100003001A00FB68DA60FB68DB68002B07D10A
:10732000FB6814220021180034F0C8FC0E230AE088
:10733000FB68DB683A681100180034F0D6FD01E004
:10734000FF2300E000231800BD4607B090BDC046F3
:107350009D0A0020A81B0020B0B58AB000AF78605D
:107360002723FB1800221A7000233B620023FB61D5
:107370000023BB611723FB1800221A701623FB1889
:1073800000221A701523FB1800221A70A44B1B78D8
:10739000042B01D90E233EE1A14B1B781A001300E8
:1073A0009B009B189B009F4A9B183B613B690A22EC
:1073B0000021180034F082FC7B681B78622B00D01F
:1073C0008FE07B6802331B782E2B00D089E07B682E
:1073D00001331B782F2B00D883E07B6801331B78A7
:1073E000352B00D97DE07B6801331A7817243B19CF
:1073F000303A1A703B6901221A703B693A191278C7
:107400009A707B68033388490722180034F079FCAE
:10741000031E18D13B690522DA7020003B181A7848
:10742000824913005B009B18CB1802331B781A00AB
:10743000012313404DD13B181B7801220521180070
:107440000BF098FF45E07B68033379490E22180062
:1074500034F057FC031E18D13B690622DA7017205E
:107460003B181A78714913005B009B18CB18023344
:107470001B781A00022313402BD13B181B780122E2
:10748000062118000BF076FF23E07B68033369497F
:107490000822180034F035FC031E18D13B6907227E
:1074A000DA7017203B181A78604913005B009B18AC
:1074B000CB1802331B781A000323134009D13B1861
:1074C0001B780122072118000BF054FF01E067230D
:1074D000A1E0534B1B780133DAB2514B1A700023F1
:1074E00099E07968544B3122180034F01BFC524B60
:1074F000312200219954514A4F4B1100180034F0A9
:1075000025FC03003B624D4B1900002034F01EFCAB
:107510000300FB61494B1900002034F017FC030005
:10752000BB613B6A002B01D1672374E016257C19EF
:107530003B6A1800FCF702FF0300237029007B1848
:107540001B78002B14D0FB69002B11D1BB69002BD9
:107550000ED13B6902221A703B697A181278DA70F0
:107560002F4B1B780133DAB22D4B1A70002352E0F7
:10757000FB69002B4ED0BB69002B4BD015257C1925
:10758000BB691800FCF7DAFE0300237029007B18A2
:107590001B78002B0CD03B6904221A703B69162221
:1075A000BA181278DA703B697A181278DA711BE02F
:1075B0003B6903221A703B691622BA181278DA70F6
:1075C000BB69180032F032FF02000B0010001900F6
:1075D000FBF71EFD031CFB603B6906330C22B91848
:1075E0000422180034F089FCFB691800FCF7D8FE6F
:1075F00003001A003B695A703B695B78002B01D18C
:10760000672308E0064B1B780133DAB2044B1A708B
:10761000002300E067231800BD460AB0B0BDC04695
:107620009D0A0020A81B0020A41504084057002034
:10763000AC150408BC150408741C0020C815040807
:1076400090B587B000AF0200FB1D1A701723FB181E
:1076500000221A7000233B610023FB60FB1D1A7897
:10766000674913009B009B189B005B5C042B00D1B7
:10767000BCE000DDBCE0032B2BD000DDB8E0012B2B
:1076800003D0022B00D1B5E0B2E0FB1D1A7817241D
:1076900039195B4813009B009B189B00C3180233E9
:1076A0001B780B70FB1D1A78554913009B009B1823
:1076B0009B00CB18033319783B191A7851481300F3
:1076C0005B009B181B5C994201D1012394E00023CD
:1076D00092E0FB1D1A784A4913009B009B189B00FF
:1076E000CB1803331B781022BA181100180009F0C8
:1076F0002DFDFB1D1A7813009B009B189B00404A30
:107700009B18991D0C23FB180422180034F0F5FB7C
:10771000FB1D1A783A4913009B009B189B00CB185D
:1077200001331B78062B00D95EE09A00364BD31844
:107730001B689F463B69FA68111C181CF8F7CAFEC3
:10774000031E00D151E0012356E03B69FA68111C89
:10775000181CF8F7D9FE031E00D146E001234BE0C8
:107760003B69FA68111C181CF8F7BAFE031E00D119
:107770003BE03B690021181CF8F7ACFE031E00D06B
:1077800033E0012338E03B69FA68111C181CF8F754
:10779000C5FE031E00D128E001232DE03B69FA68F5
:1077A000111C181CF8F7A6FE031E00D11DE03B6952
:1077B0000021181CF8F78EFE031E00D015E00123EF
:1077C0001AE03B69FA68111C181CF8F783FE031EC7
:1077D00000D00AE03B690021181CF8F77BFE031E6D
:1077E00000D002E0012307E0C04604E0C04602E00A
:1077F000C04600E0C04600231800BD4607B090BD5B
:10780000A81B002040570020CC15040880B582B08A
:1078100000AF7B1D00221A70BB1D00221A800023BE
:107820003B6011F007FC03003B60BB1D00221A8087
:1078300043E0BB1D1A88274913009B009B189B003F
:10784000CB1810331B78002B32D0BB1D1B88DBB24A
:107850001800FFF7F5FE031E2AD01F4B1A7860218F
:107860008A43111C20220A431A7010E01B4B18781F
:107870003B681B4A0021FFF7F1F93B681800F8F755
:107880004DFC02003B680021180034F017FABB1DC4
:107890001A88104913009B009B189B00CB180C33CF
:1078A0001B680F4A1100180000F01EF8031EDDD1FE
:1078B000BB1D1A88BB1D01321A800A4B1B781A00A7
:1078C000BB1D1B889342B4D37B1D1B781800BD469B
:1078D00002B080BDA81B0020141B0020980A0020C5
:1078E000A81C00209D0A002090B583B000AF7860EE
:1078F0003960314B1B785A1E304913009B009B188E
:107900009B00CB180C331B68002B01D100234FE0E8
:107910002B4B1B68002B02D1294B7A681A60284B2D
:107920001B681B78002B04D1254B00221A60002312
:107930003EE0234B1B681321180034F0D4F90200F9
:10794000204B1A601F4B1B68002B1BD01C4B196867
:107950001C4B1A681A4B1B68D31A1A003B68180094
:1079600034F0E0F9174B1A68154B1B68D31A1A004C
:107970003B689B1800221A70124B1B685A1C104B54
:107980001A6014E00E4B19683B683122180034F07D
:10799000C9F93B68313300221A70094B1C683B68F7
:1079A0001800F8F7BBFB0300E218054B1A6001232F
:1079B0001800BD4603B090BD9D0A0020A81B002002
:1079C000DC1C0020E01C002080B500AFBFF34F8F0F
:1079D000C046044B044ADA60BFF34F8FC046C0462E
:1079E000FDE7C04600ED00E00400FA0580B500AFF9
:1079F000C046BD4680BD000080B500AF464B1800B4
:107A000011F062FA454B180011F05EFA444B180071
:107A100011F05AFA434B180011F056FA424B180075
:107A200011F052FA414B180011F04EFA404B180079
:107A300011F04AFA3F4B180011F046FA3E4B18007D
:107A400011F042FA3D4B180011F03EFA3C4B180081
:107A500011F03AFA3B4B180011F036FA3A4B180085
:107A600011F032FA394B180011F02EFA384B180089
:107A700011F02AFA374B180011F026FA364B18008D
:107A800011F022FA354B180011F01EFA344B180091
:107A900011F01AFA334B180011F016FA324B180095
:107AA00011F012FA314B180011F00EFA304B180099
:107AB00011F00AFA2F4B180011F006FA2E4B18009D
:107AC00011F002FA2D4B180011F0FEF92C4B1800A2
:107AD00011F0FAF92B4B180011F0F6F92A4B1800A7
:107AE00011F0F2F9294B180011F0EEF9284B1800AB
:107AF00011F0EAF9274B180011F0E6F9264B202285
:107B00001A70254B21221A7009F00EFBFFF76EFF49
:107B1000C046BD4680BDC046E0160408781604087D
:107B200014170408F4180408441904087C190408FC
:107B3000CC1904083C1A0408781A0408B81A040876
:107B40005C1B0408D81B0408301C0408801C0408B3
:107B5000181D04086C1D0408C41D0408441E0408F4
:107B6000801E0408D01E0408201F0408801F04087B
:107B7000C81F04081020040858200408982004088E
:107B8000E0200408C02104083C22040884220408E0
:107B9000D4220408442304089C0A002080B586B03F
:107BA00000AFF860B9607A600B4B7B617A69FB6863
:107BB0001100180034F099F97B691800F8F7AEFA53
:107BC0000200FB689B18180013F0EAFC0023180061
:107BD000BD4606B080BDC0465423040880B586B0BB
:107BE00000AFF860B9607A600B4B7B617A69FB6823
:107BF0001100180034F079F97B691800F8F78EFA53
:107C00000200FB689B18180013F070FD0023180099
:107C1000BD4606B080BDC046A423040890B585B01B
:107C200000AFF860B9607A601E4B1B7819001E4ADD
:107C30000B009B005B185B009B5C002B09D11B4B6E
:107C40001968184B1B781A00FB68180033F0B6FF50
:107C500011E0174B1968134B1B781C00114B1B7854
:107C60001A0013009B009B185B000F4A9B18F868D2
:107C7000220033F0A3FF80235B010E48012219008C
:107C800016F093FEC82011F05DF880235B010948CF
:107C90000022190016F089FE00231800BD4605B029
:107CA00090BDC046F41A002060190020A8000020F2
:107CB000AC00002000040050B0B588B002AFF860FE
:107CC000B9607A601523FB1800221A70694A7B6834
:107CD0000121180011F0B6F90200674B1A60664BDB
:107CE0001B68002B2AD1654B1968654B1B781A005D
:107CF000FB68180033F062FF624B1A68FB681100E2
:107D0000180033F0E3FF604B1C78FB681800F8F7AD
:107D100005FA03009AB2F96801235B42009332230B
:107D200020000DF031F9594B594A1A60594B012284
:107D30001A700A2011F006F8FFF746FE4E4B18683D
:107D40004C4B1B681A00544B190033F0DAFF031E2A
:107D500000D07AE0514A7B680221180011F072F9D4
:107D600002004F4B1A604F4A7B680321180011F044
:107D700069F902004C4B1A60494B1B681B785BB2D7
:107D8000232B0AD1464B1B680133180032F059FBF4
:107D900002001723FB181A7003E01523FB18682252
:107DA0001A70414B1B681B785BB2702B0AD13E4B9B
:107DB0001B680133180032F044FB02001623FB1845
:107DC0001A7003E01523FB1868221A702C4B1B78DD
:107DD00017257A1912789A421FD0344B1A786021ED
:107DE0008A431A70324B16243A1912781A707B198A
:107DF0001B7801221A21180003F038FB642010F0D0
:107E0000A1FF1F4B1878204B1A783B191C787B195F
:107E10001978230008F068FF1BE016243B19187836
:107E20000023009319230022002103F0F7FB6420B4
:107E300010F088FF124B1878114B1978124B1A78F2
:107E40003B191B7808F050FF03E01523FB1868224C
:107E50001A701523FB181B78682B06D1154B1A686E
:107E6000FB681100180034F040F800231800BD46EC
:107E700006B0B0BD341D0020381D0020B000002029
:107E8000F41A002068000020980A0020F03F022029
:107E9000EFBEADDE9A0A0020E82304083C1D002056
:107EA000401D0020441D0020481D0020141B002000
:107EB000C80B0020B4000020B0B588B002AFF86055
:107EC000B9607A6017257B1900221A70324B1A6844
:107ED000FB681100180034F008F8304B1C78FB6880
:107EE0001800F8F71BF903009AB2F96801235B4206
:107EF0000093322320000DF047F87C19FCF760FB5B
:107F0000030023707B191B78002B23D1244B1968A5
:107F1000244B1B781A00FB68180033F04FFE1F4BF0
:107F20001C78FB681800F8F7F9F803009AB2F968B2
:107F300001235B420093322320000DF025F8174BFC
:107F40001B781800FDF760FC144B1B781800FDF738
:107F500087FD16E0144B1A68FB681100180033F017
:107F6000C4FF0E4B1C78FB681800F8F7D7F8030025
:107F70009AB2F96801235B420093322320000DF08E
:107F800003F80A4AFB681100180033F017FE0023BB
:107F90001800BD4606B0B0BDB8000020980A002009
:107FA000BC0000207C000020C0000020EC2304085E
:107FB00080B584B000AFF860B9607A60FFF704FD67
:107FC000B0B586B000AFF860B9607A601723FB18CF
:107FD00000221A702D4A7B680121180011F032F836
:107FE00002002B4B1A60294B1B68092B04DD284B20
:107FF0001B68093300221A70264B1A78244B1B6821
:1080000017257C1919001000FEF740F803002370B3
:108010007B191B78002B0AD11F4B19681D4B1B784D
:108020001A001B4B1B68F86833F0C8FD28E01723C3
:10803000FB181B78062B08D1184B1968144B1A68CB
:10804000FB68180033F0BAFD1AE01723FB181B7801
:10805000072B08D1124B19680D4B1A68FB681800E2
:1080600033F0ACFD0CE01723FB181B78082B07D16D
:108070000C4B1968064B1A68FB68180033F09EFD1C
:1080800000231800BD4606B0B0BDC0464C1D002000
:10809000501D0020F41A0020C4000020C800002059
:1080A000CC000020D0000020B0B594B000AFF86044
:1080B000B9607A604F23FB1800221A702023FB1846
:1080C000180027231A00002133F0F8FD4C23FB1879
:1080D00000221A804A243B1900221A8014257B1999
:1080E00018000A231A00002133F0E8FD9C4A7B683F
:1080F0000121180010F0A6FF02009A4B1A60994B5C
:108100001968974B1B681A007B19180033F00AFE98
:108110003B1901221A804923FB1800221A701BE028
:108120004923FB181A7813009B009B185B008E4AAA
:108130009A181423FB1811001800F7F7E5FF031E27
:1081400004D14A23FB1800221A800AE049217B1837
:108150001A787B1801321A704923FB181B78092BF7
:10816000DED9824B02221A70FA68814B1000190086
:108170000A231A0033F0C1FE7C4B1B785BB2190056
:108180007C4A7B68180010F05DFF02007A4B1A6091
:108190005DE0794B1968774B1B681A0020243B1966
:1081A000180033F0BFFD734B1B6820003A18002104
:1081B000D1544C257C193B181800FDF7B7FE03007D
:1081C00023807B1900229B5E002B45DB7B191B88DB
:1081D000DBB24F257C191422BA1811001800FDF7E4
:1081E000F5FF030023707B191B78002B36D15F4B02
:1081F0001B785BB2022B0EDDFB681800F7F78EFFD1
:1082000003001A00FB689A185C4B10001900032346
:108210001A0033F072FE2023FA18FB6811001800D0
:1082200033F054FD514B1B785BB2DBB20133DBB250
:108230005AB24E4B1A704D4B1B785BB219004D4A27
:108240007B68180010F0FEFE02004B4B1A604A4B90
:108250001B68002B9DD102E0C04600E0C0464C23C5
:10826000FB1800229B5E002B08DA454B196820237F
:10827000FA18FB68180033F0A1FC6CE03B4B1B784C
:108280005BB2022B08D13F4B19681423FA18FB6824
:10829000180033F093FC5EE04F23FB181B78002B93
:1082A00015D14A23FB1800229B5E002B0FD0364BC2
:1082B00019681423FA1820243B19180033F07EFCA7
:1082C0003A19FB681100180033F000FD43E04F231A
:1082D000FB181B78002B15D14A23FB1800229B5E4C
:1082E000002B0FD1294B19681423FA1820243B19AD
:1082F000180033F063FC3A19FB681100180033F0E2
:10830000E5FC28E04F23FB181B78062B08D1204BF7
:1083100019681423FA18FB68180033F04FFC1AE0B0
:108320004F23FB181B78072B08D11A4B196814230D
:10833000FA18FB68180033F041FC0CE04F23FB18DF
:108340001B78082B07D1144B19681423FA18FB6803
:10835000180033F033FC00231800BD4614B0B0BD44
:10836000541D0020581D0020FC0900205C1D002029
:10837000F0230408601D0020641D0020FC23040875
:10838000D4000020D8000020DC000020E000002005
:10839000E4000020E8000020EC00002080B584B05C
:1083A00000AFF860B9607A600020FDF7E5FB0023BC
:1083B0001800BD4604B080BD90B589B002AFF8602A
:1083C000B9607A6017217B1800221A70334B1B7832
:1083D000012B04D97C180CF043FF030023702F4BB2
:1083E0001B781A002E49FB68180033F0E7FB2D4B71
:1083F0001C78FB681800F7F791FE03009AB2F96841
:1084000001235B420093322320000CF0BDFD264A7D
:10841000FB681100180033F0D1FB224B1C78FB687D
:108420001800F7F77BFE03009AB2F96801235B425C
:108430000093322320000CF0A7FD1A4B1B78180084
:10844000FDF7E2F9174B1B781800FDF709FB17231E
:10845000FB181B78022B15D1144AFB681100180079
:1084600033F0ACFB0F4B1C78FB681800F7F756FE97
:1084700003009AB2F96801235B4200933223200083
:108480000CF082FD0A4AFB681100180033F096FBDD
:1084900000231800BD4607B090BDC0467C000020F8
:1084A00000240408980A00201C240408302404082E
:1084B000EC230408F0B58BB002AFF860B9607A60C5
:1084C0001D23FB1800221A700023BB6100237B616F
:1084D0001F23FB1800221A701E243B1900221A7059
:1084E0001823FA187B680121180010F0ABFD020078
:1084F0002F4B1A602E4B1B68BA692E49180033F0B7
:1085000000FC031E03D13B1901221A700CE0284B1A
:108510001B68BA692849180033F0F3FB031E03D126
:108520001E23FB1802221A701423FA187B680221FA
:10853000180010F087FD0200204B1A601F4B1B68CB
:108540001B785BB2702B09D11C4B1B6801331800E0
:1085500031F077FF02001F23FB181A701D26BC198B
:108560001F257B191A781E23FB181B781100180091
:108570000AF0FEFC03002370BB191B78002B12D1FC
:108580000B4B1B68BA699B1800221A700C4B1968B8
:10859000074B1A687B191C787B191B78F8680093C5
:1085A000230033F00BFB00231800BD4609B0F0BDDB
:1085B000681D002074240408802404086C1D002019
:1085C000F0000020F0B587B000AFF860B9607A60C5
:1085D0001623FB1800221A7000233B6117243B1955
:1085E00000221A701023FA187B680121180010F07D
:1085F00029FD0200164B1A60154B1B681B785BB2F5
:10860000702B08D1124B1B680133180031F019FF91
:1086100002003B191A701626BC1917257B191B7806
:1086200018000AF0DDFD03002370BB191B78002B36
:1086300008D1084B19687B191A787B191B78F868E0
:1086400033F0BCFA00231800BD4607B0F0BDC046A9
:10865000701D0020F4000020F0B5C64600B592B0B1
:1086600004AFF860B9607A603723FB1800221A70F3
:1086700000237B6200233B620023FB610023BB617C
:1086800000237B613023FB1800221A800023FB6249
:108690003623FB1800221A703523FB1800221A70AB
:1086A0003423FB1800221A702B23FB1800221A70A7
:1086B0003323FB1800221A702423FA187B68012147
:1086C000180010F0BFFC0200CD4B1A60CC4B1B68A9
:1086D000CC490422180033F014FB031E00D026E21C
:1086E0002023FA187B680221180010F0ABFC02006E
:1086F000C54B1A60C24B1B68181D7B6A043B1A00ED
:10870000C24B190033F0FDFA031E00D0A7E0BE4BA8
:108710001B683A6ABE49180033F0F3FA031E1DD1F4
:10872000BC4B1A7860210A431A70BA4B1B785B075E
:10873000DB0FDBB21BB21B021AB2B64B1B785B0617
:108740009B0FDBB21BB213431BB29AB28A235B00AE
:108750001100180009F090FD00F002FDAA4B1B6803
:108760003A6AAD49180033F0CCFA031E20D1A94B68
:108770001A7860218A43111C20220A431A70A54BE3
:108780001B785B07DB0FDBB21BB21B021AB2A14BDB
:108790001B785B069B0FDBB21BB213431BB29AB272
:1087A0008A235B001100180009F066FD00F0D8FC78
:1087B000954B1B683A6A9949180033F0A2FA031ED8
:1087C00020D1944B1A7860218A43111C40220A431D
:1087D0001A70904B1B785B07DB0FDBB21BB21B02DE
:1087E0001AB28C4B1B785B069B0FDBB21BB2134398
:1087F0001BB29AB28A235B001100180009F03CFDFD
:1088000000F0AEFC804B1B683A6A8549180033F0D3
:1088100078FA031E1DD17F4B1A7860218A431A70A3
:108820007C4B1B785B07DB0FDBB21BB21B021AB25F
:10883000784B1B785B069B0FDBB21BB213431BB25A
:108840009AB28A235B001100180009F015FD00F0B0
:1088500087FC3723FB1868221A7000F081FC684BF4
:108860001B68181D7B6A043B1A006E4B190033F01D
:1088700048FA031E2CD1644B1B683A6A64491800FD
:1088800033F03FFA031E1DD1624B1A7804210A43CC
:108890001A70604B1B785B07DB0FDBB21BB21B024D
:1088A0001AB25C4B1B785B069B0FDBB21BB2134307
:1088B0001BB29AB28A235B001100180009F0DCFC9D
:1088C00000F04EFC3723FB1868221A7000F048FCB9
:1088D0004B4B1B68181D7B6A043B1A00524B190056
:1088E00033F00FFA031E2DD1474B1B68180031F0EF
:1088F000A2FD0300FB62FA6AE1231B039A421BD824
:108900004A4BFA6A9A60494B9B689AB28C235B0087
:108910001100180009F0B0FC444B9B681B0C9AB284
:108920001A23FF331100180009F0A6FC3623FB18A8
:1089300001221A7000F014FC3723FB1868221A7009
:1089400000F00EFC2E4B1B68181D7B6A043B1A00BE
:10895000374B190033F0D5F9031E22D12A4B1B687F
:10896000180031F068FD020030217B181A800A00DF
:10897000BB181B88002B0ED02C4B1100BA18128884
:108980001A807B181A881623FF331100180009F08B
:1089900073FC00F0E5FB3723FB1868221A7000F027
:1089A000DFFB174B1B68181D7B6A043B1A00214B29
:1089B000190033F0A6F9031E3ED1134B1B681800B3
:1089C00031F039FD020030217B181A800A00BB18F3
:1089D0001B88002B0ED0154B1100BA1812885A8034
:1089E0007B181A888B235B001100180009F044FCE7
:1089F00000F0B6FB3723FB1868221A7000F0B0FBBA
:108A0000741D00208C240408781D00209424040880
:108A1000A0240408141B0020A4240408AC24040887
:108A2000B0240408B8240408C0240408F81A00205C
:108A3000CC240408D8240408D84B1B68181D7B6A72
:108A4000043B1A00D64B190033F05BF9031E2FD1FB
:108A5000D44B1B68180031F0EEFC020030217B186B
:108A60001A800A00BB181B88002B1BD0BB181B8860
:108A7000FF2B17D8BB181B88DAB2CB4B1A71CA4B25
:108A80005B791BB21B021AB2C74B1B791BB2134393
:108A90001BB29AB21823FF331100180009F0ECFB47
:108AA00000F05EFB3723FB1868221A7000F058FBB9
:108AB000BA4B1B68181D7B6A043B1A00BB4B19009C
:108AC00033F01FF9031E2DD1B64B1B68180031F08F
:108AD000B2FC020030217B181A800A00BB181B88E8
:108AE000002B1AD0BB181B88FF2B16D8BB181B886D
:108AF000DAB2AD4B5A71AC4B5B791BB21B021AB2A6
:108B0000A94B1B791BB213431BB29AB21823FF3334
:108B10001100180009F0B0FB22E33723FB1868228C
:108B20001A701DE33723FB1867221A7018E39B4B5A
:108B30001B689F490422180033F0E3F8031E00D09D
:108B4000A2E02023FA187B680221180010F07AFABC
:108B50000200944B1A601C23FA187B68032118004A
:108B600010F070FA0200934B1A601823FA187B6811
:108B70000421180010F066FA02008F4B1A601423CB
:108B8000FA187B680521180010F05CFA02008B4B84
:108B90001A60844B1B68180031F04DFC020035232D
:108BA000FB181A70834B1B68180031F044FC02005C
:108BB0003423FB181A70804B1B68180031F03BFC03
:108BC00002002B23FB181A707C4B1B68002B1FD054
:108BD0007A4B1B687A490222180033F092F8031E80
:108BE00004D13323FB1801221A7011E0734B1B6868
:108BF00074490222180033F084F8031E04D1332391
:108C0000FB1802221A7003E03723FB1868221A703F
:108C10003723FB181B78002B00D0A1E23523FB186B
:108C20001B78172B09D83423FB181B783B2B04D84F
:108C30002B23FB181B783B2B04D93723FB18682206
:108C40001A708DE20BF08CFC574B987D564B597D7A
:108C5000554B1A8B544B1D7D3723FC183323FB18BF
:108C60001B7803933523FB181B7802933423FB18DE
:108C70001B7801932B23FB181B7800932B000BF020
:108C8000A5FB030023706BE2444B1B684E49042292
:108C9000180033F036F8031E00D05DE22023FA18E6
:108CA0007B680221180010F0CDF902003D4B1A60DC
:108CB0001C23FA187B680321180010F0C3F9020086
:108CC0003C4B1A601823FA187B680421180010F036
:108CD000B9F90200384B1A601423FA187B68052191
:108CE000180010F0AFF90200344B1A60324B1B68C9
:108CF000180031F0A0FB02002B23FB181A702F4B39
:108D00001B68180031F097FB02003023FB181A8013
:108D1000244B1B682D490622180032F0F2FF031E77
:108D200004D13523FB1801221A7079E01D4B1B6812
:108D300027490722180032F0E4FF031E04D135232F
:108D4000FB1802221A706BE0164B1B68214909229E
:108D5000180032F0D6FF031E04D13523FB1803227E
:108D60001A705DE00F4B1B681B490822180032F097
:108D7000C8FF031E04D13523FB1804221A704FE0EC
:108D8000084B1B6815490622180032F0BAFF031E73
:108D900026D13523FB1805221A7041E0741D0020EE
:108DA000E8240408781D0020F81A0020FC24040898
:108DB000281D04087C1D0020801D0020841D00202B
:108DC00010250408142504087C1D0408182504082F
:108DD0002025040828250408342504084025040813
:108DE000BF4B1B68BF490822180032F08AFF031EE0
:108DF00004D13523FB1806221A7011E0B84B1B680A
:108E0000B9490622180032F07CFF031E04D1352335
:108E1000FB1807221A7003E03723FB1868221A7028
:108E2000B24B1B68B2490722180032F06AFF031EDA
:108E300008D0AE4B1B68AF490222180032F061FF28
:108E4000031E04D13423FB1801221A7000E1A74B42
:108E50001B68A9490822180032F053FF031E08D0EE
:108E6000A24B1B68A5490222180032F04AFF031EDC
:108E700004D13423FB1802221A70E9E09B4B1B68D3
:108E80009F490522180032F03CFF031E08D0974B83
:108E90001B689C490222180032F033FF031E04D1E4
:108EA0003423FB1803221A70D2E0904B1B689649BA
:108EB0000522180032F025FF031E08D08B4B1B68DB
:108EC00092490222180032F01CFF031E04D1342301
:108ED000FB1804221A70BBE0844B1B688C490322E8
:108EE000180032F00EFF031E08D0804B1B68894922
:108EF0000222180032F005FF031E04D13423FB18B0
:108F000005221A70A4E0794B1B68834904221800DB
:108F100032F0F7FE031E08D0744B1B687F49022213
:108F2000180032F0EEFE031E04D13423FB18062293
:108F30001A708DE06D4B1B6879490422180032F0DD
:108F4000E0FE031E08D0694B1B6876490222180018
:108F500032F0D7FE031E04D13423FB1807221A7007
:108F600076E0624B1B6870490522180032F0C9FE9A
:108F7000031E08D05D4B1B686C490222180032F0BA
:108F8000C0FE031E04D13423FB1808221A705FE0D0
:108F9000564B1B6866490922180032F0B2FE031EC8
:108FA00008D0524B1B6863490222180032F0A9FE18
:108FB000031E04D13423FB1809221A7048E04B4BDE
:108FC0001B685D490722180032F09BFE031E08D083
:108FD000464B1B6859490222180032F092FE031ECC
:108FE00004D13423FB180A221A7031E03F4B1B686E
:108FF00053490822180032F084FE031E08D03B4B70
:109000001B6850490222180032F07BFE031E04D177
:109010003423FB180B221A701AE0344B1B684A49A0
:109020000822180032F06DFE031E08D02F4B1B687B
:1090300046490222180032F064FE031E04D1342394
:10904000FB180C221A7003E03723FB1868221A70F1
:109050003723FB181B78002B00D081E02B22BB1894
:109060001B78002B0FD0BB181B781F2B0BD830217F
:109070007B181A88FA23DB009A4204D37B181B88DA
:10908000334A934204D93723FB1868221A7067E0E9
:109090000BF066FA2F4B1B7C2E4A527C2D49897CA3
:1090A0002C48C07C37243C1935257D192D78A846DD
:1090B00030257D192D88AC462B257D192E78342539
:1090C0007D192D78039002910192009343466246E8
:1090D000310028000BF07AF90300237040E0C0460D
:1090E000781D002048250408542504087C1D002014
:1090F0005C25040864250408682504087425040810
:109100007825040880250408842504088C25040893
:10911000902504089425040898250408A02504082F
:10912000A4250408AC250408B0250408B8250408C3
:10913000BC250408C8250408CC250408D425040847
:10914000D8250408E4250408E8250408F4250408C3
:1091500034080000F81A00203723FB1867221A7021
:109160003723FB181B78002B22D1214B1B687A6A0E
:109170009B1800221A701F4B19681D4B1A681E4B52
:109180001B68F86832F01AFD3623FB181B78012B98
:1091900027D11A4B1A68FB681100180032F096FDAF
:1091A000174B1A68FB681100180032F08FFD18E0A9
:1091B0003723FB181B78672B07D1124B1A68FB6803
:1091C0001100180032F091FE0BE03723FB181B78DA
:1091D000682B06D10C4B1A68FB681100180032F09E
:1091E00084FE00231800BD460EB080BCB846F0BD1A
:1091F000741D0020F8000020781D0020FC000020D5
:1092000000010020040100200801002080B588B082
:1092100000AFF860B9607A601F23FB1800221A7053
:109220000023BB6100237B611E23FB1800221A7000
:109230001D23FB1800221A701C23FB1800221A7031
:109240001823FA187B68012118000FF0FBFE0200BA
:10925000BB4B1A60BA4B1B68BA490422180032F0A3
:1092600050FD031E00D0CAE0B54B1B68181DBB693A
:10927000043B1A00B44B190032F043FD031E31D1F8
:10928000B24B1B7860221340DBB2602B07D1B04B8E
:109290001968B04AFB68180032F090FC31E1AB4B22
:1092A0001B7860221340DBB2202B07D1A84B196832
:1092B000A94AFB68180032F081FC22E1A34B1B781D
:1092C00060221340DBB2002B07D1A14B1968A34ADF
:1092D000FB68180032F072FC13E11F23FB186822B0
:1092E0001A700EE1964B1B68181DBB69043B1A00EF
:1092F0009B4B190032F005FD031E13D1934B1B78D5
:1093000004221340DBB2002B07D0914B1968914A1D
:10931000FB68180032F052FCF3E01F23FB186822B0
:109320001A70EEE0864B1B68181DBB69043B1A00DF
:109330008C4B190032F0E5FC031E07D18A4B9A686A
:109340008A49FB68180032F039FCDAE07C4B1B6874
:10935000181DBB69043B1A00854B190032F0D1FC83
:10936000031E08D1804B1B881A008049FB68180037
:1093700032F024FCC5E0724B1B68181DBB69043B2E
:109380001A007C4B190032F0BCFC031E08D1764B4E
:109390005B881A007549FB68180032F00FFCB0E0DA
:1093A000674B1B68181DBB69043B1A00724B190000
:1093B00032F0A7FC031E08D16B4B1B791A006B49D6
:1093C000FB68180032F0FAFB9BE05D4B1B68181D30
:1093D000BB69043B1A00694B190032F092FC031E72
:1093E00008D1614B5B791A006049FB68180032F0C4
:1093F000E5FB86E01F23FB1867221A7081E0504BC3
:109400001B685F490522180032F07BFC031E00D068
:1094100073E01423FA187B68022118000FF012FE83
:109420000200584B1A601E23FB1800221A701D23DD
:10943000FB1800221A701AE0524B18681D23FB1803
:109440001A7813009B009B185B004F4A9B18190069
:10945000F6F75AFE031E04D11E23FB1801221A70D0
:109460000AE01D217B181A787B1801321A701D231F
:10947000FB181B78092BDFD91E23FB181B78002B48
:1094800009D1424B19683F4B1A68FB68180032F04B
:1094900095FB002350E03E4B19683A4B1A68FB6875
:1094A000180032F08BFB1C23FB1801221A701CE001
:1094B0001C217B181B785A1E364B5200D35A1A00B7
:1094C0001D23FB181B781A4113000122134006D0FC
:1094D0007B181B78FA683049F86832F06FFB1C2162
:1094E0007B181A787B1801321A702C4B1B781C22BF
:1094F000BA1812789A42DBD903E01F23FB186722BF
:109500001A701F23FB181B78672B07D1244B1A688E
:10951000FB681100180032F0E8FC0CE01F23FB1878
:109520001B78682B07D11F4B1968054B1A68FB681D
:10953000180032F043FB00231800BD4608B080BD80
:10954000881D00208C24040894240408141B002087
:109550000C010020A0240408F8250408B024040805
:10956000B8240408C0240408F81A0020FC250408C4
:10957000CC240408D8240408E8240408FC240408A3
:10958000DC1904088C1D0020FC09002010010020BB
:10959000140100208C1A0020042604087C000020FE
:1095A000180100201C01002090B587B000AFF860C2
:1095B000B9607A601723FB1800221A7000233B6100
:1095C0001023FA187B68012118000FF03BFD020000
:1095D0002A4B1A60294B1B683A692949180032F056
:1095E00090FB031E11D1274B274A13CA13C313CA7A
:1095F00013C312681A60FAF78FFD244B1A68FB68D0
:109600001100180032F071FC26E01C4B1B683A690F
:109610001F49180032F075FB031E19D100221621D4
:10962000FF2001F023FF1B4B02221A7064200FF071
:1096300089FBFAF7CDFD07F03BFB64200FF082FBBE
:10964000154B1A68FB681100180032F04EFC03E05D
:109650001723FB1868221A701723FB181B78682B36
:1096600006D10E4B1A68FB681100180032F03DFC61
:1096700000231800BD4607B090BDC046901D0020D5
:109680000C260408F81A0020800000202001002089
:10969000142604089A0A0020240100202801002032
:1096A000F0B589B004AFF860B9607A600AF058FF8D
:1096B0002C4B5B7B182B14D12B4B1968294B9B7CB3
:1096C0001C00284B5B7C1D00264B1B7C1A00254B85
:1096D000DB89F868019300922B00220032F06EFAC9
:1096E0003AE0204B5B7B0C2B36D11E4BDB7C012BF5
:1096F00017D11E4B19681B4B9B7C1D00194B5B7CC3
:109700001E00184B1B7C1A00164BDB891C00F868E6
:10971000174B02930194009233002A0032F04EFA64
:109720001AE0104BDB7C022B16D1104B19680D4B45
:109730009B7C1D000B4B5B7C1E000A4B1B7C1A00A4
:10974000084BDB891C00F8680A4B029301940092D5
:1097500033002A0032F032FA00231800BD4605B06B
:10976000F0BDC046F81A00202C0100203001002076
:109770001C2604082026040890B585B000AFF860C8
:10978000B9607A600AF0ECFE074B1C68FDF706F83A
:109790000200FB682100180032F010FA00231800C4
:1097A000BD4605B090BDC0463401002090B58BB0D9
:1097B00000AFF860B9607A602723FB1800221A70A6
:1097C00000237B6100233B611423FA187B6801218D
:1097D00018000FF037FC03003B623B6A1B785BB25A
:1097E000702B09D13B6A0133180030F02AFE0200C9
:1097F0002623FB181A7003E02723FB1868221A702F
:109800001023FA187B68022118000FF01BFC0300DC
:10981000FB61FB69180030F014FE0300BB612723D5
:10982000FB181B78682B07D10E4B1A68FB681100D8
:10983000180032F05AFB0FE0BA6926243B191B7856
:10984000110018000BF036FC074B19683B191B7808
:10985000BA69F86832F0B2F900231800BD460BB0BF
:1098600090BDC046380100203C01002090B587B073
:1098700000AFF860B9607A601B4B1A681B49FB683F
:10988000180032F09BF91723FB1800221A7011E020
:1098900017243B191B789B00154A944663441B68A8
:1098A000FA681449F86832F089F93B191A783B19BB
:1098B00001321A701723FB181B78022BE8D9FB68BA
:1098C0001800F6F72BFC03001A00FB689A180A4BE5
:1098D0001000190003231A0032F00FFB00231800B8
:1098E000BD4607B090BDC0464001002024260408B4
:1098F0009075FF1F282604083026040890B587B00D
:1099000000AFF860B9607A6016243B1900221A8013
:1099100012F0AAFD02003B191A803B191B88114A5C
:10992000934207D1104B1968104AFB68180032F0B7
:1099300045F907E00C4B19680D4AFB68180032F036
:109940003DF9C0460B4B1C6812F082FD03001B0B57
:10995000FA68F868210032F031F900231800BD469A
:1099600007B090BD670400004401002034260408BD
:10997000402604084801002080B584B000AFF8609C
:10998000B9607A60074B1968074B1B681B041A0CF7
:10999000FB68180032F012F900231800BD4604B02D
:1099A00080BDC0464C010020E075FF1FF0B58FB0B0
:1099B00004AFF860B9607A601823FB18B54A13CA7F
:1099C00013C312881A80B44B1C78B44B1D68B34B78
:1099D0001B681800F6F7A2FB03009AB201235B4252
:1099E00000933223290020000BF0CEFA2723FB1826
:1099F00001221A702623FB1800221A7036E1262055
:109A00003B181A78A64913009B009B189B005B5CCF
:109A1000002B1AD0A34B1C682723FB181D783B187A
:109A20001A789F4913009B009B189B00CB1810339A
:109A30001B7819001823FA180B00DB005B1AD318E7
:109A4000F8682A00210032F0B9F82623FB181A78AA
:109A5000934913009B009B189B005B5C012B03D078
:109A6000032B00D175E0BBE02623FB181A788C4944
:109A700013009B009B189B00CB1803331B78072B0C
:109A800045D064DC052B02D0062B20D05FE0864B4E
:109A90001C6826203B181A78814913009B009B18EC
:109AA0009B00CB1802331B781D003B181A787C49A9
:109AB00013009B009B189B00CB180C331B68FA68A3
:109AC000F86800932B00210032F078F840E0774BE3
:109AD0001C6826203B181A78714913009B009B18BC
:109AE0009B00CB1802331B781D003B181A786C4979
:109AF00013009B009B189B00CB180C331B68FA6863
:109B0000F86800932B00210032F058F820E0684BF1
:109B10001C6826203B181A78614913009B009B188B
:109B20009B00CB1802331B781D003B181A785C4948
:109B300013009B009B189B00CB180C331B68FA6822
:109B4000F86800932B00210032F038F800E0C0469E
:109B500046E026243B191A7813009B009B189B00B3
:109B60004F4A9B18991D1423FB180422180032F049
:109B7000C4F9504B1D6820003B181A78484913005F
:109B80009B009B189B00CB1803331B785A1E4A4935
:109B900013005B009B189B00CB1808331E683B1812
:109BA0001A783F4913009B009B189B00CB18013388
:109BB0001B785A1E13005B009B18404A9C187B6957
:109BC000181CF9F7DDF902000B00F968F868029239
:109BD0000393009433000A00290031F0EFFFC046E0
:109BE00010E0374B1968374BFA68F86831F0E6FF38
:109BF000344B1800F6F792FA0200324B002118009D
:109C000032F05CF826257B191A78254913009B0051
:109C10009B189B00CB180C331B682A4A11001800B4
:109C2000FDF762FE031EDCD1274B1A68FB681100AA
:109C3000180032F04BF8184B1C78FB681800F6F748
:109C40006DFA03009AB2F96801235B420093322354
:109C500020000BF099F92722BB18BA1812780132AC
:109C60001A707B191A787B1901321A70174B1B78FE
:109C70002622BA1812789A4200D2C0E6144B1A680B
:109C8000FB681100180032F030F900231800BD46BF
:109C90000BB0F0BD48260408980A002050010020AF
:109CA000A81B002054010020580100205C01002066
:109CB0006001002064010020CC010020F0150408A0
:109CC00068010020941D00206C0100209D0A0020E6
:109CD0007001002080B588B000AFF860B9607A608C
:109CE00000233B611F23FB1800221A701023FA186F
:109CF0007B68012118000FF0A5F90300BB61BB6967
:109D0000180030F098FB020017217B181A700A0027
:109D1000BB181B78002B05D0184B1B78BA1812788B
:109D20009A4203D91F23FB18FF221A701F23FB1826
:109D30001B78002B16D11723FB181B785A1E1049CD
:109D400013009B009B189B00CB18103301221A7044
:109D500006F0B4FE0B4B1A68FB681100180032F0D5
:109D6000C4F806E0084B1A68FB681100180032F0CE
:109D7000BCF800231800BD4608B080BD9D0A002035
:109D8000A81B0020740100207801002080B588B055
:109D900000AFF860B9607A6000233B611F23FB18B5
:109DA00000221A701023FA187B68012118000FF0A6
:109DB00049F90300BB61BB69180030F03CFB0200AD
:109DC00017217B181A700A00BB181B78002B05D0CE
:109DD000184B1B78BA1812789A4203D91F23FB1824
:109DE000FF221A701F23FB181B78002B16D1172394
:109DF000FB181B785A1E104913009B009B189B00F0
:109E0000CB18103300221A7006F058FE0B4B1A685C
:109E1000FB681100180032F068F806E0084B1A6879
:109E2000FB681100180032F060F800231800BD46EE
:109E300008B080BD9D0A0020A81B00207C010020E6
:109E40008001002090B589B000AFF860B9607A60F9
:109E500000233B611F23FB1800221A701023FA18FD
:109E60007B68012118000FF0EDF80300BB61BB69AE
:109E7000180030F0E0FA020017217B181A700A006F
:109E8000BB181B78002B05D05F4B1B78BA181278D3
:109E90009A4203D91F23FB18FF221A701F23FB18B5
:109EA0001B78002B00D096E017243B191B785A1E14
:109EB000564913009B009B189B0000225A543B19E3
:109EC0001B785A1E514913009B009B189B00CB180E
:109ED000013300221A703B191B785A1E13009B0095
:109EE0009B189B00494A9B1802330422002118004A
:109EF00031F0E4FE3B191B785A1E444913009B00C5
:109F00009B189B00CB18103300221A703B191B784A
:109F10005A1E3E4913009B009B189B00CB180C3324
:109F20001B68180030F09EFA20003B181B785A1E60
:109F3000364913009B009B189B00CB180C33002262
:109F40001A601E23FB183A1812781A7034E01E208B
:109F50003B181A782D4913009B009B189B005B5CF3
:109F6000002B23D001007B181B785A1E13009B0086
:109F70009B189B00254A98180C007B181A78130030
:109F80009B009B189B00214A9B181422190031F05A
:109F9000B4FF3B191A7813009B009B189B001B4AC7
:109FA0009B1814220021180031F088FE1E217B1816
:109FB0001A787B1801321A70134B1B781E22BA18BC
:109FC00012789A42C3D3104B1B78013BDAB20E4B86
:109FD0001A7006F073FD1F23FB181B78002B07D1A6
:109FE0000B4B1A68FB681100180031F07EFF06E089
:109FF000084B1A68FB681100180031F076FF002347
:10A000001800BD4609B090BD9D0A0020A81B002085
:10A01000840100208801002090B58BB000AFF8606B
:10A02000B9607A600023BB6100237B612723FB18A2
:10A0300000221A701823FA187B68012118000FF00B
:10A0400001F803003B623B6A1B785BB2702B09D1BD
:10A050003B6A0133180030F0F4F902002623FB18A4
:10A060001A7003E02723FB1867221A701423FA18CA
:10A070007B68022118000EF0E5FF0300FB61FB691D
:10A080001B785BB2702B09D1FB690133180030F0EB
:10A09000D8F902002523FB181A7003E02723FB18C8
:10A0A00067221A702722BB181B78002B0DD1BC1811
:10A0B0002523FB181A782623FB181B78110018009B
:10A0C000FCF79AFB0300237003E02723FB186722A9
:10A0D0001A702723FB181B78002B0BD1124B196821
:10A0E0002623FB181A782523FB181B78F86831F013
:10A0F00065FD13E02723FB181B78672B07D10B4B5B
:10A100001A68FB681100180031F0EFFE06E0084BFA
:10A110001A68FB681100180031F0E7FE00231800F0
:10A12000BD460BB090BDC0468C01002090010020C0
:10A130009401002090B58BB000AFF860B9607A60F0
:10A140000023BB6100237B612723FB1800221A70C8
:10A150001823FA187B68012118000EF073FF030022
:10A160003B623B6A1B785BB2702B09D13B6A0133BF
:10A17000180030F066F902002623FB181A7003E07D
:10A180002723FB1867221A701423FA187B68022110
:10A1900018000EF057FF0300FB61FB691B785BB2F0
:10A1A000702B09D1FB690133180030F04AF9020025
:10A1B0002523FB181A7003E02723FB1867221A7067
:10A1C0002722BB181B78002B0DD1BC182523FB18A8
:10A1D0001A782623FB181B7811001800FCF732FBB5
:10A1E0000300237003E02723FB1867221A7027233C
:10A1F000FB181B78002B0BD1124B19682623FB1878
:10A200001A782523FB181B78F86831F0D7FC13E087
:10A210002723FB181B78672B07D10B4B1A68FB68A9
:10A220001100180031F061FE06E0084B1A68FB6867
:10A230001100180031F059FE00231800BD460BB084
:10A2400090BDC046980100209C010020A001002084
:10A25000B0B58EB002AFF860B9607A600023FB61E0
:10A260002F23FB1800221A701823FB18A54A127816
:10A270001A700023BB621C23FA187B6801211800A6
:10A280000EF0E0FE03007B629F4A7B6A110018001B
:10A29000F5F73AFF031E00D0AEE0BB6A002B00D0FA
:10A2A0002BE12E23FB1801221A709EE0974B1B789E
:10A2B0002E243A1912789A4200D190E030F0FCFA3C
:10A2C0000300DAB218257B191A7079193B1918782E
:10A2D000642300930A2301220AF056FE3B191B78DF
:10A2E00018000AF007FF03001B685B6ADAB214214A
:10A2F0007B181A707B191A787B181B789A4204D144
:10A300002F23FB1800221A7003E02F23FB180622CC
:10A310001A702F23FB181B78002B18D17C4B19685F
:10A320002E23FB181A78FB68180031F047FC774B96
:10A330001C78FB681800F5F7F1FE03009AB2F96883
:10A34000642300930A2320000AF01EFE1CE02F2342
:10A35000FB181B78062B17D16E4B19682E23FB18A0
:10A360001A78FB68180031F029FC684B1C78FB68F0
:10A370001800F5F7D3FE03009AB2F968642300933E
:10A380000A2320000AF000FE634B1A68FB681100E4
:10A39000180031F0AAFD5D4B1C78FB681800F5F73A
:10A3A000BDFE03009AB2F968642300930A232000DB
:10A3B0000AF0EAFD02E0012012F026F8534B1B7868
:10A3C0005A1EBB6A591C554813005B009B189B0121
:10A3D000C3185B5C002BEED0BB6A0133BB622E213D
:10A3E0007B181A787B1801321A702E23FB181B7801
:10A3F000052B00D85AE780E07B6A1B785BB2702B94
:10A4000000D073E07B6A0133180030F01AF80200C4
:10A4100023243B191A703B191B78002B37D03B19AA
:10A420001B78052B33D82F23FB181B78002B1CD14E
:10A4300030F042FA0300DAB218217B181A7079184A
:10A440003B19187864230093322301220AF09CFD03
:10A450002E23FB181B7818000AF04CFE03001B6823
:10A460005B6ADAB21423FB181A701823FB181A78E7
:10A470001423FB181B789A4204D12F23FB180022C7
:10A480001A7008E02F23FB1806221A7003E02F230E
:10A49000FB1866221A702F23FB181B78002B09D19A
:10A4A0001B4B19682323FB181A78FB68180031F03E
:10A4B00085FB22E02F23FB181B78662B07D1184B56
:10A4C0001A68FB681100180031F00FFD15E02F230A
:10A4D000FB181B78062B10D10E4B19682323FB1891
:10A4E0001A78FB68180031F069FB06E00D4B1A681A
:10A4F000FB681100180031F0F8FC00231800BD467D
:10A500000CB0B0BD58260408A0240408980A002006
:10A51000A4010020A8010020AC010020181E00208A
:10A52000B0010020B4010020B0B58CB000AFF860DD
:10A53000B9607A600023FB610023BB6100237B616B
:10A540001C23FA187B68012118000EF07BFD030024
:10A55000BB621823FA187B68022118000EF072FD06
:10A5600003007B622F4ABB6A11001800F5F7CCFD8F
:10A57000031E07D02C4ABB6A11001800F5F7C4FD72
:10A58000031E42D0BB6A013318002FF054FF0200B3
:10A590002323FB181A70254A7B6A11001800F5F76F
:10A5A000B3FD031E04D12F23FB1800221A700BE009
:10A5B0001F4A7B6A11001800F5F7A6FD031E03D1A0
:10A5C0002F23FB1801221A7023243B191B78180033
:10A5D00008F0ACFF14257A192F23FB1819783B19C2
:10A5E0001B78180008F0EEFF7A19FB6811001800BC
:10A5F00031F07BFC7B69181CF8F7C2FC02000B00F1
:10A600000C49F86831F0DAFA06E00B4B1A68FB687F
:10A610001100180031F069FC00231800BD460CB091
:10A62000B0BDC0465C260408602604086426040801
:10A630006826040870260408B801002090B587B089
:10A6400000AFF860B9607A6000237B6100233B6152
:10A650001023FA1814243B191100180009F082F88D
:10A660003A19FB681100180031F03FFC7B69181C97
:10A67000F8F786FC02000B000449F86831F09EFAF6
:10A6800000231800BD4607B090BDC0468C260408C4
:10A6900090B587B000AFF860B9607A6000237B6145
:10A6A00000233B611023FA1814243B1911001800F1
:10A6B00009F058F83A19FB681100180031F015FC40
:10A6C0003B69181CF8F75CFC02000B000449F868B1
:10A6D00031F074FA00231800BD4607B090BDC046A3
:10A6E000B026040890B58DB000AFF860B9607A600C
:10A6F0000023FB610023BB6100237B611C23FA184C
:10A700007B68012118000EF09DFC0300BB6218233A
:10A71000FA187B68022118000EF094FC03007B629B
:10A720002C4ABB6A11001800F5F7EEFC031E07D097
:10A73000294ABB6A11001800F5F7E6FC031E3CD05D
:10A74000BB6A013318002FF076FE02002323FB18AA
:10A750001A70224A7B6A11001800F5F7D5FC031E17
:10A7600004D12F23FB1800221A700BE01C4A7B6ACD
:10A7700011001800F5F7C8FC031E03D12F23FB18A6
:10A7800001221A7023243B191B78180008F0CEFE12
:10A790001423FA182F23FB1819783B191B7818007B
:10A7A00009F0CEF87B69181CF8F7EAFB02000B00F1
:10A7B0000C49F86831F002FA06E00B4B1A68FB68A6
:10A7C0001100180031F091FB00231800BD460DB0B8
:10A7D00090BDC0465C260408602604086426040870
:10A7E00068260408DC260408BC010020B0B586B049
:10A7F00000AFF860B960BB1D1A8017257C19FB6893
:10A80000180006F05BFC030023707B191B78204ABC
:10A81000D35C002B0BD07B191B781D4AD35C012B1A
:10A8200005D07B191B781A4AD35C032B22D117243D
:10A830003B191B78180007F04FFB20003B181B78D2
:10A840005A1E144B9200B968D1503B181B78104A1D
:10A850000221D1543B181B785A1E0F4B9200002145
:10A86000D150BB1D1A88B968FB68180007F060FA60
:10A87000002309E01723FB181B78054AD35C022B41
:10A8800001D1172300E017231800BD4606B0B0BD64
:10A89000A80A0020D8210020EC21002080B584B037
:10A8A00000AF0200FB1D1A70FB1D1B783B4AD35CF6
:10A8B000022B09D0FB1D1B785A1E394B9200D3582E
:10A8C000180013F0BFFB64E0FB1D1B785A1E344BCD
:10A8D0009200D358180013F0B5FBFB1D1B785A1ECD
:10A8E000304B9200D358002B09D0FB1D1B78013B45
:10A8F0002D4A99008A58511C2B4A9B009950FB1DE8
:10A900001B785A1E284B9200D258FB1D1B78591EEB
:10A91000244B8900CB589A4208D2FB1D1B785A1E43
:10A92000224B5200D35ADBB20D2B32D1FB1D1B78C8
:10A930005A1E1E4B5200D35A1B0A9AB20F217B1883
:10A940001A70FB1D1B785A1E184B5200D25A0E2348
:10A95000FB181A707B181B78002B03D07B181B7810
:10A96000012B08D1FB1D1B78180007F0DFFA104BF4
:10A9700001221A700DE0FB1D1B78180007F0D6FAB3
:10A980000E23FB181B78180007F0D0FA084B0122A1
:10A990001A70C046BD4604B080BDC046A80A00205B
:10A9A000D455002000220020EC2100205823002054
:10A9B000C001002080B500AF0B4B1B6808221A6253
:10A9C0000A4B1B6808221A62094B1B6808221A628C
:10A9D000084B1B6808221A62074B1B6808221A6280
:10A9E000C046BD4680BDC046382C0020CC2C00207F
:10A9F000602D0020882E00201C2F002080B58CB0F8
:10AA000002AFFA239A00694969486A4B019303230C
:10AA1000009300230FF0D5FCFA239A00664967489B
:10AA2000674B01930523009300230FF0CAFCFA2320
:10AA30009A0064496448654B019303230093002303
:10AA40000FF0BFFCFCF7D8FFFA239A006049614879
:10AA5000614B01930323009300230FF0B2FCFA2310
:10AA60009A005E495E485F4B0193042300930123E3
:10AA70000FF0A7FCFA239A005B4959485B4B0193FE
:10AA80000423009302230FF09CFCFA239A005849F8
:10AA90005348584B01930423009303230FF091FC78
:10AAA000FA239A0054494E48544B019304230093CF
:10AAB00004230FF086FCFA239A0051494848514B71
:10AAC00001930423009305230FF07BFC00237B629A
:10AAD0002423FB18012118000EF048F902004A4B0C
:10AAE0005A6000233B622023FB18012118000EF05E
:10AAF0003DF90200454B5A600023FB611C23FB1803
:10AB0000012118000EF032F902003F4B9A60002339
:10AB1000BB611823FB18012118000EF027F9020071
:10AB20003A4B9A6000237B611423FB180121180023
:10AB30000EF01CF90200344BDA6000233B61102355
:10AB4000FB18012118000EF011F902002F4BDA60FA
:10AB50000023FB600C23FB18012118000EF006F9FE
:10AB60000200294B1A610023BB600823FB18012156
:10AB700018000EF0FBF80200244B1A6100237B60E2
:10AB80003B1D012118000EF0F1F802001E4B5A6126
:10AB900000233B603B00012118000EF0E7F80200A3
:10ABA0001A4B5A61C046BD460AB080BD70300408D9
:10ABB00011AC0008882200207C3004083DBE00084B
:10ABC000902200208830040877A303088C220020FC
:10ABD00094300408096A0008942200209C3004087C
:10ABE000FDC9000874220020A83004087822002043
:10ABF000B43004087C220020C030040880220020E9
:10AC0000CC3004088422002098220020B4220020A6
:10AC100080B582B000AF78603A4B1B78032B2FD001
:10AC200043DC012B02D0022B15D03EE080235B01D8
:10AC300035480122190013F0B8FE50200EF082F8BA
:10AC400080235B0130480022190013F0AEFE2D4B2B
:10AC500000221A702AE080235B012B480122190090
:10AC600013F0A3FE64200EF06DF880235B012648EC
:10AC70000022190013F099FE224B00221A7015E0F1
:10AC800080235B0120480122190013F08EFE1E2054
:10AC90000EF058F880235B011B480022190013F0C6
:10ACA00084FE184B00221A7000E0C04607F0DEFE5A
:10ACB000FCF7ACFD154B1B78002B15D005F0EAFC1A
:10ACC000124B00221A7080235B010F4801221900E9
:10ACD00013F06BFEC82011F097FB80235B010A483C
:10ACE0000022190013F061FE094B1B78012253402A
:10ACF000DBB2002B02D0074B00221A700EF010FCC2
:10AD00008AE7C0469A0A0020000400506C22002006
:10AD1000055700200457002080B500AF064B1B6884
:10AD200006491800F5F716FA03001A00044B1A60DA
:10AD3000C046BD4680BDC046E0010020102700008F
:10AD40007022002080B588B000AF0023FB61002393
:10AD5000BB6100237B611E4B1B68FA229100180027
:10AD6000F5F7F8F90300013B3B611A4BFB601A4B06
:10AD7000BB608023DB047B60FB681B683A69D31AE5
:10AD8000FB610FF057FE0300BB61BB681B687A686C
:10AD9000134007D0BB690133BB61FB681B683A698C
:10ADA000D31AFB61BA6913009B009B185B007B619F
:10ADB0000A4B1B681900F869F5F7CCF903001A0073
:10ADC0007B699B187B617B691800BD4608B080BD1C
:10ADD000E001002018E000E004ED00E07022002017
:10ADE000F0B589B002AFB9607A6019000F23FB1883
:10ADF000021C1A700E203B180A1C1A7000237B617B
:10AE000001007B181A78282308201B18DB191B78EF
:10AE10009A4207D17B181B781A00DD4B0221995406
:10AE20006723B0E10E23FB181B78002B06D02823E4
:10AE300008229B18DB191B78002B01D16723A2E1A4
:10AE40000F23FB181B78002B5BD128250826AB1994
:10AE5000DB191B780D2B18D10E23FB181B7818005B
:10AE60000AF048F90400AB19DB191B7818000AF046
:10AE700041F90100BB689BB21A002000FFF7B6FC45
:10AE80000300172B1BD117237DE10E23FB181B7822
:10AE900018000AF02FF90400282308229B18DB1958
:10AEA0001B7818000AF026F903000122190020007F
:10AEB000FFF79CFC0300172B01D1172363E17A688D
:10AEC00013005B019B1A9B009B18DB001A00FA23FE
:10AED00099001000F5F73EF9030019000E243A1905
:10AEE000AC48AD4B00931300002210F0E7FE0300C6
:10AEF0007B613B191B785A1EA84B9200B968D15050
:10AF0000C1E00F23FB181B78012B3DD12823082219
:10AF10009B18DB191B7818000AF0ECF804000E23CC
:10AF2000FB181B7818000AF0E5F80300012219004D
:10AF30002000FFF75BFC0300172B01D1172322E150
:10AF40007A6813005B019B1A9B009B18DB001A00B8
:10AF5000FA2399001000F5F7FDF8030019002824E2
:10AF600008256319DB198B488B4A0092002210F0E8
:10AF7000A5FE03007B616319DB191B785A1E874B02
:10AF80009200B968D1507EE00F23FB181B78022B8A
:10AF900077D10E23FB181B7818000AF0ABF80400D9
:10AFA000282308229B18DB191B7818000AF0A2F846
:10AFB0000300012219002000FFF718FC0300172BE3
:10AFC00001D11723DFE07A6813005B019B1A9B0015
:10AFD0009B18DB001A00FA2399001000F5F7BAF865
:10AFE000030019000E257A196A486B4B0093130071
:10AFF000002210F063FE03007B617B191B785A1E50
:10B00000664B9200B968D150282308229B18DB199F
:10B010001B7818000AF06EF804007B191B781800E2
:10B020000AF068F80300012219002000FFF7DEFB98
:10B030000300172B01D11723A5E07A6813005B01E9
:10B040009B1A9B009B18DB001A00FA239900100042
:10B05000F5F780F803001900282408256319DB1987
:10B060004C484D4A0092002210F028FE03007B61FC
:10B070006319DB191B785A1E484B9200B968D150EE
:10B0800001E067237FE00F22BB181B78002B14D14F
:10B09000BB181B789BB21B0299B2282308229B186D
:10B0A000DB191B7818000E23FB181B785A1E0B188F
:10B0B00099B23B4B5200D15244E00F22BB181B788F
:10B0C000012B14D1BB181B789BB21B0299B20E2323
:10B0D000FB181B781800282308229B18DB191B7803
:10B0E0005A1E0B1899B22E4B5200D1522AE00F244F
:10B0F0003B191B78022B25D13B191B789BB21B02F5
:10B1000099B228250823EA18D3191B7818000E26AF
:10B11000BB191B785A1E0B1899B2214B5200D15201
:10B120003B191B789BB21B0299B2BB191B78180004
:10B130000823EB18DB191B785A1E0B1899B2184B11
:10B140005200D1520F23FB181B781A042823082120
:10B150005B18DB191B781B02D3180E22BA18127861
:10B160009B181A000F4B1A607B69002B0AD00FF056
:10B1700053FC0200786901235B4200930023012104
:10B1800010F0ECFD00231800BD4607B0F0BDC0462E
:10B19000A80A0020E0300408A9B10008002200201D
:10B1A000582300206423002090B585B000AF78605C
:10B1B0000F203B1800221A700E243B1900221A702F
:10B1C0000D217B1800221A701E4B1B681A0C7B186D
:10B1D0001A701C4B1B681A0A3B191A70194B1A6813
:10B1E0003B181A707B181B78022B16D025DC002B1D
:10B1F00002D0012B07D020E00F23FB181B7818008A
:10B2000006F094FE1AE00E23FB181B78180006F0D7
:10B210008DFE0D4B01221A7010E00F23FB181B78D6
:10B22000180006F083FE0E23FB181B78180006F0AA
:10B230007DFE054B01221A7000E0C046C046BD46A7
:10B2400005B090BD64230020C0010020F0B587B098
:10B2500002AF0200FB1D1A700F23FB1800221A70A8
:10B260000E243B1900221A700D257B1900221A703A
:10B27000164B00221A70FB1D1B785A1E79191448B0
:10B280001300DB009B1ADB001B5C0B70114B1A7860
:10B2900026003C197B191B7819001000FAF7DEF81C
:10B2A00003002370FB1D1B789BB27A191178BA1921
:10B2B0001078009300230A00002100F0AFF90F235B
:10B2C000FB181B781800BD4605B0F0BDFA09002038
:10B2D000B00A0020F41A002080B586B002AF020048
:10B2E000FB1D1A70BB1D0A1C1A700F23FB180022CD
:10B2F0001A70134B00221A70124BFA1D12781A7032
:10B30000FB1D1B78FF2B0AD1BB1D1B789BB2009342
:10B310000023FF220021002000F080F909E0BB1D7E
:10B320001B789BB200930023FE220021002000F036
:10B3300075F90F23FB181B781800BD4604B080BDBB
:10B34000FA0900207800002080B582B000AF02002A
:10B35000FB1D1A70FB1D1B78052B2CD89A00184B6F
:10B36000D3181B689F46174B186800230222002140
:10B3700010F09CFA20E0144B1868002302220021F0
:10B3800010F094FA18E0114B1868002302220021F3
:10B3900010F08CFA10E00E4B1868002302220021F6
:10B3A00010F084FA08E00B4B1868002302220021F9
:10B3B00010F07CFA00E0C046C046BD4602B080BD39
:10B3C000EC30040874220020782200207C22002027
:10B3D0008022002084220020B0B584B002AF050096
:10B3E0000C0010001900FB1D2A1C1A70BB1D221C2A
:10B3F0001A703B1D021C1A80BB1C0A1C1A80184BB9
:10B4000001221A70174BBA1D12781A70BB1D1B78D7
:10B41000FF2B0CD13B1D1A88FB1D1978BB1C1B8808
:10B4200000931300FF22002000F0F8F80BE03B1D12
:10B430001A88FB1D1978BB1C1B8800931300FE2281
:10B44000002000F0EBF8BB1C1A88074B0021180005
:10B4500030F034FC00231800BD4602B0B0BDC04639
:10B46000FA09002078000020C80B0020B0B586B093
:10B4700002AF040008001100FB1D221C1A703B1DC6
:10B48000021C1A80BB1C0A1C1A800F23FB18002206
:10B490001A700E257B1900221A70FB1D1B78FF2BDA
:10B4A00020D0194B1A787C19FB1D1B78190010004D
:10B4B000F9F7D4FF03002370134B19783B1D1C8848
:10B4C000FB1D1A787B191878BB1C1B88009323007E
:10B4D00000F0A4F8BB1C1A880C4B0021180030F0B7
:10B4E000EDFB09E0084B1878BB1C19883B1D1A8836
:10B4F0000B00FF21FFF770FF0F23FB181B781800CC
:10B50000BD4604B0B0BDC046F41A0020C80B0020F0
:10B51000F0B587B000AF04000800BA6019000F252D
:10B520007B19221C1A700C23FB18021C1A80BB1DED
:10B530000A1C1A801623FB18BA1D12881A801423BD
:10B54000FB1800221A801223FB1800221A801121F6
:10B550007B1800221A701023FB1800221A702C4B43
:10B560001A787C187B191B7819001000F9F776FF00
:10B570000300237041E01223FA181623FB181B88DE
:10B5800099B22E2900D92E23138014243B191B882D
:10B59000BA68D11812257B191A881E4B180030F092
:10B5A000ACFC1626BB19B91928003A18098812886C
:10B5B0008A1A1A803B1939193A18098812888A1888
:10B5C0001A80BB191B88002B06D0134B1A788021D8
:10B5D00049420A431A7004E00F4B1A787F210A404F
:10B5E0001A701223FB181A880C23FB1819880F23D2
:10B5F000FB181B781800FFF739FF1623FB181B8870
:10B60000002BB8D100231800BD4607B0F0BDC046DE
:10B61000F41A0020C80B0020141B0020B0B586B01F
:10B6200000AF05000C0010001900FB1D2A1C1A7049
:10B63000BB1D221C1A707B1D021C1A70BB1C0A1C2D
:10B640001A801023FB1800221A700F23FB18002207
:10B650001A700E23FB1800221A701723FB18002201
:10B660001A701623FB1800221A701523FB180022EB
:10B670001A70FB1D1B78002B03D17B1D1B78002B40
:10B6800017D0FB1D1B78002B07D17B1D1B78FF2BD0
:10B6900003D07B1D1B78FE2B0BD1FB1D1B78002BD1
:10B6A00009D0BB1D1B78002B05D07B1D1B78002B00
:10B6B00001D1672318E200200FF040F80300BB60BF
:10B6C000052100200FF054F8CA4B48221A70C94BCC
:10B6D0005A225A70FB1D1B78002B0BD1BB1D1B7807
:10B6E000002B07D17B1D1B78FF2B07D07B1D1B7800
:10B6F000FE2B03D0BB1C1B88002B18D128203B1825
:10B700001B885A1E16243B19BB498A5C1A703B18C9
:10B710001B885A1E1300DB009B1ADB00B74A9918DE
:10B720003B191A78B64B180030F0E7FB29E1BB1D36
:10B730001B78002B03D1BB1DB24A12781A70B24B92
:10B740001B7801221340DBB2002B05D01722BB1857
:10B75000BA18127801321A70BB1C1B88FF2B04D94F
:10B76000A94B1A7802210A431A70A24B1622BA1862
:10B7700012789A709F4B7A1D1278DA709D4BBA1D21
:10B7800012781A71A04B1A789A4B5A7117203B18ED
:10B790001B780633BA1C1288D1B2964AD1549A4B00
:10B7A0001B7802221340DBB2002B0ED03B183A1854
:10B7B000127801321A70BB1C1B881B0A9AB23B1804
:10B7C0001B780633D1B28B4AD15428243B191B88ED
:10B7D0002E2B1AD817257B191B78DA1D854BD0180C
:10B7E0008A4B1B881A008A4BD1183B191B881A00F8
:10B7F00030F083FB3B191B88DAB27B191B78D31816
:10B80000DAB21623FB1804321A70824B1B78002B15
:10B8100000D1B6E0804B1B78FF2B52D01223FB18CF
:10B8200001221A8035E012203B181B885A1E7B4BE0
:10B830005200D35A1A00784B1B781A411300012288
:10B84000134020D015217B187A18127801321A7013
:10B8500028243B191A887B181B78D3182C2B10DC52
:10B860001723FB181B78DA1D3B191B88D2187B188D
:10B870001B78D318013B3A181288D1B25D4AD154D3
:10B8800001E0692330E112217B181A887B1801320C
:10B890001A80634B1B781A001223FB181B889342F3
:10B8A000C1D91723FB181B78DA1D2823FB181B8826
:10B8B000D21815217B181B78D3184E4A79180978AD
:10B8C000D154554B1B78FF2B16D128217B181B8890
:10B8D0002C2B11D8534B1B780133DAB2514B1A7011
:10B8E0001723FB181B78DA1D7B181B88D3184D4AC9
:10B8F0001178404AD1542EE0474B1B78FF2B01D1E1
:10B900006923F1E0444B1B78FF2B1ED028217B18C4
:10B910001A8815203B181B78D3182B2B15DC414BAC
:10B920001B780133DAB23F4B1A701723FB181B78D0
:10B93000DA1D7B181B88D2183B181B78D3180133EB
:10B94000384A11782B4AD15405E0334B1B78FF2B32
:10B9500001D06923C8E0304B1B78FF2B06D116229B
:10B96000BB18BA18127801321A700AE01523FA18B7
:10B9700016217B1812781B78D318DAB27B180232A2
:10B980001A701C4B16257A1912789A707B191B783D
:10B9900003331A001749244B180030F0AEFA7B1914
:10B9A0001B789BB203339AB27B191B78DC1C1E4BAD
:10B9B0001100180006F058FB03001A000D4B1A5531
:10B9C000194B38220021180030F078F97B1D1B78C4
:10B9D000FF2B2BD07B1D1B78FE2B27D07B191B78D0
:10B9E0009BB204339AB20349FB1D1878322309F045
:10B9F00021FB6AE0600A0020A00A0020B00A0020B3
:10BA0000630A0020F41A0020141B00209623002053
:10BA1000C80B0020FA090020780000208C1A0020B2
:10BA20007C000020990A002020230020BB1C1B88DA
:10BA3000002B07D1BB1D1B78002B03D1BB1D2C4A4B
:10BA400012791A70BB1D1B781800F9F72FFB112310
:10BA5000FB1801221A7033E0264B1B785A1E264B26
:10BA60005200D35A1A0011203B181B78013B1A418F
:10BA70001300012213401AD016243B191B789BB2E5
:10BA800004339AB21A493B181878322309F0D2FAD3
:10BA90001A4B1B78002B0AD03B191B789BB204333E
:10BAA0009AB21349FB1D1878322309F0C3FA0A2011
:10BAB00008F070FE11217B181A787B1801321A7079
:10BAC0001123FB181B78052BC6D9BB681900002071
:10BAD0000EF04EFE0A4B1B78002B02D0084B0222C0
:10BAE0001A701023FB181B781800BD4606B0B0BDB5
:10BAF000600A0020F41A002020160020F909002016
:10BB0000151B0020F0B58BB006AF05000C0010002F
:10BB10001900FB1D2A1C1A70BB1D221C1A707B1DEC
:10BB2000021C1A703B1D0A1C1A700B243B190022C0
:10BB30001A700F23FB1800221A700E23FB18002224
:10BB40001A700D23FB1800221A70B04B1B78BA1D17
:10BB500012789A4248D0FB6ADAB2AD4B1A70FB6A8F
:10BB60001B0ADAB2AA4B5A70FB6A1B0CDAB2A84B5A
:10BB70009A70FB6A1B0EDAB2A54BDA703B6BDAB235
:10BB8000A34B1A713B6B1B0ADAB2A14B5A713B6B88
:10BB90001B0CDAB29E4B9A713B6B1B0EDAB29C4BBC
:10BBA000DA719B4A202308215B18DB191B7813727A
:10BBB000974BFA1D12785A72954B3A1D12789A7269
:10BBC000934B7A1D1278DA722C235B18DB191A78E2
:10BBD0008F4B1A73BB1D1B780D221C211800FFF719
:10BBE00045FC3B191B780CE10C23FB1800221A7052
:10BBF000B6E03B1D1A78BB1D1B7811001800F9F741
:10BC00002DFC0C217B181B78824AD35C002B00D1C1
:10BC1000A0E07B181B7801337E4AD35C002B10D048
:10BC20007B181B787B4AD05C7B181B780133794AE0
:10BC3000D35C0E22BC181900F9F710FC0300237026
:10BC40000EE00C23FB181B78724AD25C0E23FC1802
:10BC5000BB1D1B7819001000F9F700FC03002370CE
:10BC60003B1D1A78BB1D1B7811001800F9F7F6FB75
:10BC70000C23FB181B78674AD35C3A1D12789A4252
:10BC800005D10D23FB187A1D12781A7010E00C21D3
:10BC90007B181B785F4AD05C7B181B78013B5D4AA0
:10BCA000D35C0D22BC181900F9F7D8FB03002370F0
:10BCB000FB6ADAB2564B1A70FB6A1B0ADAB2544BB3
:10BCC0005A70FB6A1B0CDAB2514B9A70FB6A1B0E5E
:10BCD000DAB24F4BDA703B6BDAB24D4B1A713B6BF9
:10BCE0001B0ADAB24A4B5A713B6B1B0CDAB2484B57
:10BCF0009A713B6B1B0EDAB2454BDA71444A202332
:10BD000008215B18DB191B781372414B0E22BA18FD
:10BD100012785A723E4B0D22BA1812789A722C235E
:10BD20005B18DB191A783A4BDA723B1D1A78BB1D87
:10BD30001B7811001800F9F791FB0C23FB181B78F6
:10BD4000344AD35C0C221B211800FFF78FFB0A201A
:10BD50000CF0F8FF0C217B181A787B1801321A704E
:10BD60000C23FB181B78192B00D842E7FB1D1B780E
:10BD70000D2B43D0BA1D3B1D12781B789A4205D17A
:10BD80000F23FB187A1D12781A700BE00F23FC1892
:10BD90003B1D1A78BB1D1B7811001800F9F75EFBDC
:10BDA00003002370FB1D1C783A6BF96A20250820DC
:10BDB0002B18DB1918780F26BB191B78009323006A
:10BDC000FFF70EF82C2308201B18DB191B78002B1B
:10BDD00014D0FB1D1C783A6BF96A2B18DB19187804
:10BDE0000023049300230393002302930023019371
:10BDF000BB191B7800932300F8F720F90B23FB18DD
:10BE00001B781800BD4605B0F0BDC046F41A0020EE
:10BE1000C80B00207C23002080B500AFBFF34F8FFC
:10BE2000C046044B044ADA60BFF34F8FC046C04699
:10BE3000FDE7C04600ED00E00400FA05F0B58BB068
:10BE400000AF78602723FB1800221A701023FB181C
:10BE5000180005231A0000212FF030FF0823FB18DB
:10BE6000180005231A0000212FF028FF1A23FB18C1
:10BE700000221A7001235B42190001200FF0D4FC4C
:10BE8000D54B00221A7000F0A8FD1923FB18D24AE6
:10BE900012781A70D04B1B781A00D04B9200D358EE
:10BEA0001B68DBB2CC4A1278110040225242D31AEE
:10BEB000DAB2CB4B5A54C84B1B781A00C84B9A5C69
:10BEC000C54B1B781900C74B5B5C9A4200D125E239
:10BED000C14B1A7818243B1901321A703B191B7890
:10BEE0005A1EBD4B1B781900BE4B5B5C1800BE4947
:10BEF00013005B009B189B01CB181B5C0D2B4BD1D7
:10BF00003B191B78B94AD35C002B45D100233B6217
:10BF10000DE0B64A3B6AD3181B78032B04D1B34A11
:10BF20003B6AD31800221A703B6A01333B623B6ABA
:10BF3000052BEEDD18203B181B78AC4A0321D154A9
:10BF4000AB4B3A1812781A70AA4B3A1812781A703A
:10BF50003B181B785A1EA04B1B781900A14B5B5C49
:10BF60001800A14913005B009B189B01CB181A5CB9
:10BF7000A14B1A70A14B18680023022200210FF078
:10BF800095FC9F4B1B78012B02D19E4B01221A700E
:10BF90009B4B01221A70ABE118217B181B78934A46
:10BFA000D35C032B15D17B181B785A1E8A4B1B7848
:10BFB00019008C4B5B5C18008B4913005B009B18CD
:10BFC0009B01CB181A5C8C4B1A708E4B01221A7095
:10BFD0008EE118243B191B785A1E7F4B1B781900E1
:10BFE000804B5B5C1800804913005B009B189B0131
:10BFF000CB181B5C482B0BD13B191B787B4AD35CBD
:10C00000002B05D13B191B78784A0721D1546FE1E9
:10C0100018243B191B785A1E6F4B1B781900714B63
:10C020005B5C1800704913005B009B189B01CB18E8
:10C030001B5C5A2B0BD13B191B786C4AD35C072B2A
:10C0400005D13B191B78694A0821D15450E11824C5
:10C050003B191B785A1E604B1B781900614B5B5CC7
:10C060001800614913005B009B189B01CB181B5CF7
:10C070005A2B0BD03B191B785C4AD35C072B05D19C
:10C080003B191B78594A0021D15431E11826BB19BC
:10C090001B78564AD35C082B4CD1BB191B78534AEA
:10C0A0000121D154BB191B785A1E4B4B1B78190028
:10C0B0004C4B5B5C1D0019243B1919783B191B780C
:10C0C0005148C35C1C00484813005B009B189B014F
:10C0D000C3185D5D4D482300DB001B1BDB000A001D
:10C0E00092005218D100891ACA0011005B18C318B7
:10C0F00002332A1C1A7019243B191B780822BA181B
:10C100000321D154BB191B785A1E334B1B781900DD
:10C11000344B5B5C1800344913005B009B189B0197
:10C12000CB181A5C3B191B780132D1B21022BA1815
:10C13000D154DDE018217B181B782C4AD35C012BED
:10C1400000D0D5E019203B181B781022BA18D35C18
:10C15000012B5DD97B181B785A1E1F4B1B781900C9
:10C16000204B5B5C1E003B18197805003B181B78C0
:10C170002548C35C1C007B191B7808257819C35C13
:10C180001D00194813005B009B189B01C3189E5D9E
:10C190001E482300DB001B1BDB000A009200521824
:10C1A000D100891ACA0011005B18C318321C5A55F5
:10C1B00019203B181B7808243A19D25C0132D1B2FD
:10C1C0003A19D1543B181B7810203A18D25C013A26
:10C1D000D1B23A18D1548BE0CA290020CC160020E5
:10C1E000C4290020BC290020181E0020A80A002015
:10C1F000980A0020191B0020C92900209422002041
:10C20000282400209E0A0020342400203C24002002
:10C210001823FB181B785A1EE04B1B781900E04BC3
:10C220005B5C1E0019257B1919787B191B78DD488A
:10C23000C35C1C007B191B7808203818C35C1D00E8
:10C24000D94813005B009B189B01C3189E5DD7481B
:10C250002300DB001B1BDB000A0092005218D100F8
:10C26000891ACA0011005B18C318321C5A551920CC
:10C270003B181B7808243A19D25C0132D1B23A1922
:10C28000D1543B181B7810243A19D25C013AD1B230
:10C290003A19D1543B181B78C24AD25C0132D1B250
:10C2A000C04AD1543B181B78BE4AD35C052B04D13D
:10C2B0003B181B78BB4A0021D154BD4B1B78190099
:10C2C000BC4B1822BA1812785A54B94B1B78013358
:10C2D000DAB2B74B1A70B64B1B78052B02D1B44BB0
:10C2E00000221A701823FB181B78B34A0021D1547E
:10C2F000AA4B1B78AA4AD25C0132D1B2A84AD154C7
:10C30000A64B1B781A00A64B9B5CC02B18D1A34BE5
:10C310001B781A00A24B0021995411E09F4B1B7807
:10C320001A00A64B9A5C9D4B1B7819009C4B5B5CDA
:10C330009A4205D1994B1B780133DAB2974B1A70A8
:10C340009B4B1A789E4B1B789A4200D145E39C4B3D
:10C350001B78190018203B18964A525C1A70192550
:10C360007B193A181278013A1A707B1919787B19DF
:10C370001B78944AD35C1A008C481300DB009B1A8C
:10C38000DB000A0092005218D100891ACA0011007D
:10C390005B1848221A547B1919787B191B78894A33
:10C3A000D35C1A0081481300DB009B1ADB000A00F3
:10C3B00092005218D100891ACA0011005B18C318E4
:10C3C00001335A221A707B1919787B191B787D4A20
:10C3D000D35C1A0017243819744C1300DB009B1A25
:10C3E000DB000A0092005218D100891ACA0011001D
:10C3F0005B18E31802331B7803707B1919787B19DB
:10C400001B78704AD35C1A001626B819674C1300C3
:10C41000DB009B1ADB000A0092005218D100891A37
:10C42000CA0011005B18E31803331B780370664BD6
:10C430001B78BA1912789A4263D0BB191B78002B6B
:10C440005FD0BB191B78FF2B5BD0BB191B78FE2B71
:10C4500057D07B191B785D4A172439190978D154B4
:10C460007B191A781300DB009B1ADB00584A9818D6
:10C470007B1919787B191B78524AD35C1A00130078
:10C48000DB009B1ADB000A0092005218D100891AC7
:10C49000CA0011005B18DA1C444BD1183B191B78F9
:10C4A0001A002FF02AFD18203B181B785A1E484905
:10C4B0001300DB009B1ADB00CB1802331B789B08B0
:10C4C000DBB21A1C01231340DAB2424B01210A40AD
:10C4D00090001A7804218A43111C021C0A431A7026
:10C4E0003C4B1B7804221340DBB2002B02D03A4BAA
:10C4F00003221A701823FB181B781800FEF7A6FEFB
:10C500004AE219243B1919783B191B782D4AD35C50
:10C510001A0026481300DB009B1ADB000A00920079
:10C520005218D100891ACA0011005B181A5C2B4BF3
:10C530001A703B1919783B191B78224AD35C1A00F0
:10C540001A481300DB009B1ADB000A009200521805
:10C55000D100891ACA0011005B18C31801331A7878
:10C560001E4B5A703B1919783B191B78154AD35C3E
:10C570001A000E481300DB009B1ADB000A00920031
:10C580005218D100891ACA0011005B18C31802336F
:10C590001A78124B9A700023FB6141E0CA290020EF
:10C5A000BC29002034240020181E00203C24002038
:10C5B000BA290020B4290020A80A0020C42900209C
:10C5C000B92900202C240020F41A0020A00A002001
:10C5D000B00A0020141B00209A0A0020F02300203B
:10C5E0001922BB181978BB181B78DE4AD35C1A00D5
:10C5F000FB69DC1CFB69D81CDB4D1300DB009B1ABC
:10C60000DB000A0092005218D100891ACA001100FA
:10C610005B18EB181A5DD54B1A54FB690133FB61AB
:10C620001726BB191B78FA699A42D9DBBB191B780C
:10C630009BB203339AB21523FC18CC4B110018009F
:10C6400005F012FD03002370C94B1B8801339AB219
:10C65000C74B1A8019257B1919787B191B78C14A99
:10C66000D35C1A00BB191B78D81CBF4C1300DB002D
:10C670009B1ADB000A0092005218D100891ACA00E6
:10C6800011005B18E3181B5C1522BA1812789A4245
:10C6900000D07BE1B74B1B8801339AB2B54B1A80AF
:10C6A0007B191B78B44A3400B9190978D1547B1925
:10C6B0001A781300DB009B1ADB00B04A98187B192C
:10C6C00019787B191B78A74AD35C1A001300DB008A
:10C6D0009B1ADB000A0092005218D100891ACA0086
:10C6E00011005B18DA1CA04BD1183B191B781A00FB
:10C6F0002FF003FC2723FB1800221A701622BB1808
:10C700001B78FF2B04D0BB181B78FE2B00D01CE13C
:10C710001623FB181B78FF2B42D118243B191B78DA
:10C720005A1E3B191B78013B9349CB5C591E934819
:10C730001300DB009B1ADB00C3185A5C904B1B787C
:10C74000DBB29A422CD03B191B785A1E3B191B783E
:10C75000013B8949CB5C591E88481300DB009B1ABA
:10C76000DB00C3185A5C864B111C1970854B1A707C
:10C770003B191B781900FF20FEF7AEFD3B191B7813
:10C780005A1E3B191B78013B7B49CB5C591E7B48E9
:10C790001300DB009B1ADB00C31800225A541EE072
:10C7A0001623FB181B78FF2B19D118217B181B7837
:10C7B0005A1E7B181B78013B6F49CB5C591E6F4892
:10C7C0001300DB009B1ADB00C3185A5C6C4B1B7810
:10C7D000DBB29A4203D12723FB1803221A701623D7
:10C7E000FB181B78FE2B00D090E018243B191B7817
:10C7F0005A1E3B191B78013B5F49CB5C591E5F48B1
:10C800001300DB009B1ADB00C3185A5C5C4B1B78DF
:10C81000DBB29A4200D179E03B191B785A1E3B19D2
:10C820001B78013B5449CB5C591E54481300DB0074
:10C830009B1ADB00C3185A5C514B111C1970514BE9
:10C840001A703B191B781900FE20FEF745FD3B19B5
:10C850001B785A1E3B191B78013B4749CB5C591E7C
:10C8600046481300DB009B1ADB00C31800225A5411
:10C870003B191B785A1E3B191B78013B3E49CB5C88
:10C88000981E1A23F9183D4C1300DB009B1ADB009D
:10C89000E3181B5C0B702723FB1866221A701B23FE
:10C8A000FB1800221A7028E018217B181B785A1EEA
:10C8B0007B181B78013B3049CB5C991E1A23FB186F
:10C8C0001B78C91A1B23FB181B78C9182B481300A7
:10C8D000DB009B1ADB00C3185A5C2B4B1B789A4277
:10C8E00005D12723FB1800221A70C0462DE01B211A
:10C8F0007B181A787B1801321A701B23FA181A2336
:10C90000FB1812781B789A42CED31EE01623FB1830
:10C910001B78FE2B19D118217B181B785A1E7B1807
:10C920001B78013B1449CB5C591E14481300DB00F3
:10C930009B1ADB00C3185A5C114B1B78DBB29A427E
:10C9400003D12723FB1803221A702723FB181B7817
:10C95000002B21D11823FB181B781800FEF7F4FCDC
:10C960001AE0C0462C2400203C240020F0230020A4
:10C97000D0290020CC290020A00A0020B00A0020E5
:10C98000BB290020990A0020F41A0020174B1B88AD
:10C9900001339AB2154B1A8019203B181B78144AA0
:10C9A000D25C0132D1B2124AD1543B181B78104AE2
:10C9B000D35C052B04D13B181B780D4A0021D154C0
:10C9C0000C4B1B780133DAB20A4B1A70094B1B78F7
:10C9D000052B02D1074B00221A70074B1B78042B42
:10C9E00001D8FFF752FAFFF745FAC046CE290020DA
:10C9F0002C240020B9290020CA290020B0B586B017
:10CA000000AF78601723FB1800221A701123FB185F
:10CA100000221A707A681023FB181A701723FB186B
:10CA200000221A7001235B42190001200EF0FCFE67
:10CA300010243B191B78013BE34AD35C002B00D147
:10CA400026E33B191B785A1E0F23F918DF48130001
:10CA5000DB009B1ADB001B5C0B703B191B785A1E1A
:10CA60001623F918D9481300DB009B1ADB00C31802
:10CA700001331B780B7015257B1900221A703B19A6
:10CA80001B785A1ED249D1481300DB009B1ADB00E9
:10CA9000C31802331B780B70CD4B1B780122134057
:10CAA000DBB2002B08D01123FB1801221A707B196E
:10CAB0007A19127801321A70C54B1B780222134082
:10CAC000DBB2002B29D010257B191B785A1E1524A8
:10CAD0003B191B78191DBD481300DB009B1ADB00B6
:10CAE000C3185B5C1B0299B27B191B785A1E250088
:10CAF0003B191B78D81CB54C1300DB009B1ADB00DC
:10CB0000E3181B5C1A001223FB188A181A807B1981
:10CB10007A19127801321A7011E01023FB181B7871
:10CB20005A1E1523FB181B78D91CA8481300DB00DC
:10CB30009B1ADB00C3185A5C1223FB181A80A44B03
:10CB40001B7808221340DBB2002B0CD0A04B1A78C4
:10CB500008218A431A701623FB181B7800222C2107
:10CB60001800FEF783FC1522BB18BA18127804329D
:10CB70001A701723FB181B78002B00D088E21223B1
:10CB8000FB181B88312B0ADC002B00DA6BE2312BFF
:10CB900000D968E29A008F4BD3181B689F468E4AD3
:10CBA00093425CD05FE21723FC181523FB181A7818
:10CBB0001023FB1819781623FB181B78180000F0B7
:10CBC000CFFA0300237063E21723FC181523FB1828
:10CBD0001A781023FB1819781623FB181B781800F5
:10CBE00000F0F8FA0300237052E280235B017B48D7
:10CBF0000122190011F0D9FE4AE280235B01774837
:10CC00000022190011F0D1FE42E280235B01734A39
:10CC10001900100011F0E6FE3AE21723FC18152364
:10CC2000FB181A781023FB1819781623FB181B78A9
:10CC3000180000F039FB0300237029E21723FC18C9
:10CC40001523FB181A781023FB1819781623FB18E4
:10CC50001B78180000F0B0FB0300237018E21723C4
:10CC6000FC181523FB181A781023FB1819781623C3
:10CC7000FB181B78180000F003FC0300237007E288
:10CC80001723FC181523FB181A781023FB181978A2
:10CC90001623FB181B78180000F0E6FD0300237034
:10CCA000F6E11723FC181523FB181A781023FB183C
:10CCB00019781623FB181B78180000F047FE0300B4
:10CCC0002370E5E11723FC181523FB181A781023AD
:10CCD000FB1819781623FB181B78180000F0B4FE17
:10CCE00003002370D4E11723FC181523FB181A78CE
:10CCF0001023FB1819781623FB181B78180000F076
:10CD000009FF03002370C3E11723FC181523FB1848
:10CD10001A781023FB1819781623FB181B781800B3
:10CD200000F06EFF03002370B2E11723FC181623F6
:10CD3000FB181B78180008F0E7FA03002370A7E13E
:10CD40001723FC181523FB181A781023FB181978E1
:10CD50001623FB181B78180000F0E8FF030023706F
:10CD600096E11723FC181523FB181A781023FB18DB
:10CD700019781623FB181B78180001F03FF8030000
:10CD8000237085E11723FC181523FB181A7810234C
:10CD9000FB1819781623FB181B78180001F0F6F819
:10CDA0000300237074E11723FC181523FB181A786D
:10CDB0001023FB1819781623FB181B78180001F0B4
:10CDC0000BF90300237063E1A00A0020B00A0020E1
:10CDD000141B00200C310408B205000000040050B0
:10CDE0001723FC181523FB181A781023FB18197841
:10CDF0001623FB181B78180001F016F903002370A6
:10CE000046E11723FC181523FB181A781023FB188A
:10CE100019781623FB181B78180001F0D9F90300C4
:10CE2000237035E11723FC181523FB181A781023FB
:10CE3000FB1819781623FB181B78180001F052FA1A
:10CE40000300237024E11723FC181523FB181A781C
:10CE50001023FB1819781623FB181B78180001F013
:10CE600065FA0300237013E11723FC181523FB1840
:10CE70001A781023FB1819781623FB181B78180052
:10CE800001F09EFA0300237002E11723FC1815231A
:10CE9000FB181A781023FB1819781623FB181B7837
:10CEA000180001F02FFD03002370F1E01723FC1898
:10CEB0001523FB181A781023FB1819781623FB1872
:10CEC0001B78180001F0C4FD03002370E0E0172375
:10CED000FC181523FB181A781023FB181978162351
:10CEE000FB181B78180002F00DF803002370CFE048
:10CEF0001723FC181523FB181A781023FB18197830
:10CF00001623FB181B78180002F0AAF903002370FF
:10CF1000BEE01723FC181523FB181A781023FB1802
:10CF200019781623FB181B78180002F04FFE030037
:10CF30002370ADE01723FC181523FB181A78102373
:10CF4000FB1819781623FB181B78180002F06AFEEC
:10CF5000030023709CE01723FC181523FB181A7894
:10CF60001023FB1819781623FB181B78180002F001
:10CF7000ADFE030023708BE01723FC181523FB186C
:10CF80001A781023FB1819781623FB181B78180041
:10CF900002F002FF030023707AE01723FC18152328
:10CFA000FB181A781023FB1819781623FB181B7826
:10CFB000180002F015FF0300237069E01723FC1826
:10CFC0001523FB181A781023FB1819781623FB1861
:10CFD0001B78180002F022FF0300237058E017238B
:10CFE000FC181523FB181A781023FB181978162340
:10CFF000FB181B78180002F02FFF0300237047E096
:10D000001723FC181523FB181A781023FB1819781E
:10D010001623FB181B78180003F000FA0300237096
:10D0200036E01723FC181523FB181A781023FB1879
:10D0300019781623FB181B78180003F029FA03004F
:10D04000237025E01723FC181523FB181A781023EA
:10D05000FB1819781623FB181B78180003F052FAF6
:10D060000300237014E01723FC181523FB181D7808
:10D070001223FB181A881023FB1819781623FB18A3
:10D0800018782B0003F0B0FA0300237000E0C046CC
:10D0900017243B191B78012B0AD11623FB181B7888
:10D0A000002200211800FEF7E1F93B1900221A7056
:10D0B00010217B181B785A1E1300DB009B1ADB0023
:10D0C000154A98180C007B181B78013B134AD35C57
:10D0D0001A0000212EF0F2FD3B191B78013B0F4A8C
:10D0E0000021D1543B191B780D4AD35C022B10D080
:10D0F0003B191B780A4AD35C032B0AD03B191B78D7
:10D10000074AD35C042B04D03B191B78044A002146
:10D11000D1540CF005FA81E4B00A0020A00A0020E6
:10D12000A80A0020B0B584B000AF05000C001000C4
:10D130001900BB1D2A1C1A807B1D221C1A703B1D66
:10D14000021C1A70FB1C0A1C1A700F217B1801228A
:10D150001A707B181B781800BD4604B0B0BD0000E3
:10D1600090B585B000AF040008001100FB1D221C23
:10D170001A70BB1D021C1A707B1D0A1C1A700F232B
:10D18000FB1800221A70114B01221A70104B1B78E9
:10D1900060221340DBB2602B06D00D4B1B7860225F
:10D1A0001340DBB2202B0AD10F23FC18FB1D1B7888
:10D1B000002202211800FEF759F9030023700F2303
:10D1C000FB181B781800BD4605B090BD9A0A0020D8
:10D1D000141B002090B587B002AF040008001100B6
:10D1E000FB1D221C1A70BB1D021C1A707B1D0A1C21
:10D1F0001A700F23FB1800221A70244B1B78002B87
:10D200003AD1234B1B781900224A0B009B005B1874
:10D210005B009B5C002B07D1FB1D1A781E491F4B3E
:10D2200018002EF0CBFC0EE0FB1D1C78FB1D1A78BD
:10D2300013009B009B185B00164A9B18184917485F
:10D2400022002EF0BBFC114B1C78144B1800F2F797
:10D2500065FF03009AB2114901235B420093322318
:10D26000200007F091FE031E06D00F217B18FF223D
:10D270001A707B181B7805E00A4B00221A700F23E6
:10D28000FB181B781800BD4605B090BD980A002019
:10D29000F41A002060190020D4310408A0230020D3
:10D2A000E8310408151B0020B0B586B002AF0400B9
:10D2B00008001100FB1D221C1A70BB1D021C1A70F5
:10D2C0007B1D0A1C1A700F257B1900221A70FB1D8A
:10D2D0001B789BB21B0299B2BB1D1B785A1E7B1D8B
:10D2E0001B78981C2F4C1300DB009B1ADB00E31803
:10D2F0001B5C1800BB1D1B785A1E0B1899B22A4BD9
:10D300009200D152BB1D1B785A1E7B1D19782548EF
:10D310001300DB009B1ADB00C3185B5C1B0299B295
:10D32000BB1D1B785A1E7B1D1B78581C1D4C1300FF
:10D33000DB009B1ADB00E3181B5C1A00BB1D1B788B
:10D34000013B8A1891B2184A9B00D31802330A1C79
:10D350001A80164B02221A70154B1B881B0A9BB2AF
:10D36000DAB2144B1A70124B1B88DAB2114B5A7096
:10D37000104BBA1D12789A7002200BF0E3FC7C1956
:10D38000BB1D1878032300930B2300220021FEF716
:10D3900045F9030023707B191B781800BD4604B0C3
:10D3A000B0BDC046B00A0020F81500209A0A00203F
:10D3B0007A000020C80B0020B0B584B000AF040094
:10D3C00008001100FB1D221C1A70BB1D021C1A70E4
:10D3D0007B1D0A1C1A700F257B1900221A70FB1D79
:10D3E0001B789BB21B0299B2BB1D1B785A1E7B1D7A
:10D3F0001B78981C1F4C1300DB009B1ADB00E31802
:10D400001B5C1800BB1D1B785A1E0B1899B21A4BD7
:10D410009200D152BB1D1B785A1E7B1D19781548EE
:10D420001300DB009B1ADB00C3185B5C1B0299B284
:10D43000BB1D1B785A1E7B1D1B78581C0D4C1300FE
:10D44000DB009B1ADB00E3181B5C1A00BB1D1B787A
:10D45000013B8A1891B2084A9B00D31802330A1C78
:10D460001A80064B00221A707B191B781800BD46E3
:10D4700004B0B0BDB00A0020F8150020151B002034
:10D4800090B585B000AF040008001100FB1D221C00
:10D490001A70BB1D021C1A707B1D0A1C1A700F2407
:10D4A0003B1900221A70BB1D1B785A1E7B1D197870
:10D4B000EB481300DB009B1ADB00C3185A5CE94BF6
:10D4C0001A70BB1D1B785A1E7B1D1B78591CE44823
:10D4D0001300DB009B1ADB00C3185A5CE14B5A7047
:10D4E000BB1D1B785A1E7B1D1B78991CDC48130042
:10D4F000DB009B1ADB00C3185A5CDA4B9A70BB1D29
:10D500001B785A1E7B1D1B78D91CD5481300DB00E5
:10D510009B1ADB00C3185A5CD24BDA70BB1D1B7818
:10D520005A1E7B1D1B78191DCD481300DB009B1A6A
:10D53000DB00C3185A5CCB4B1A71BB1D1B785A1EFB
:10D540007B1D1B78591DC6481300DB009B1ADB00AE
:10D55000C3185A5CC34B5A71BB1D1B785A1E7B1DE6
:10D560001B78991DBE481300DB009B1ADB00C31813
:10D570005A5CBC4B9A71BB1D1B785A1E7B1D1B78D5
:10D58000D91DB7481300DB009B1ADB00C3185A5C97
:10D59000B44BDA71BB1D1B785A1E7B1D1B780833F8
:10D5A0001900AF481300DB009B1ADB00C3185A5C5C
:10D5B000AC4B1A72BB1D1B785A1E7B1D1B7809339E
:10D5C0001900A7481300DB009B1ADB00C3185A5C44
:10D5D000A44B5A72BB1D1B785A1E7B1D1B780A3345
:10D5E00019009F481300DB009B1ADB00C3185A5C2C
:10D5F0009C4B9A72BB1D1B785A1E7B1D1B780B33EC
:10D60000190097481300DB009B1ADB00C3185A5C13
:10D61000944BDA72BB1D1B785A1E7B1D1B780C3392
:10D6200019008F481300DB009B1ADB00C3185A5CFB
:10D630008C4B1A73BB1D1B785A1E7B1D1B780D3338
:10D64000190087481300DB009B1ADB00C3185A5CE3
:10D65000844B5A73BB1D1B785A1E7B1D1B780E33DF
:10D6600019007F481300DB009B1ADB00C3185A5CCB
:10D670007C4B9A73BB1D1B785A1E7B1D1B780F3386
:10D68000190077481300DB009B1ADB00C3185A5CB3
:10D69000744BDA73BB1D1B785A1E7B1D1B7810332D
:10D6A00019006F481300DB009B1ADB00C3185A5C9B
:10D6B0006C4B1A74BB1D1B785A1E7B1D1B781133D3
:10D6C000190067481300DB009B1ADB00C3185A5C83
:10D6D000644B5A74BB1D1B785A1E7B1D1B7812337A
:10D6E00019005F481300DB009B1ADB00C3185A5C6B
:10D6F0005C4B9A74BB1D1B785A1E7B1D1B78133321
:10D70000190057481300DB009B1ADB00C3185A5C52
:10D71000544BDA74BB1D1B785A1E7B1D1B781433C7
:10D7200019004F481300DB009B1ADB00C3185A5C3A
:10D730004C4B1A75BB1D1B785A1E7B1D1B7815336D
:10D74000190047481300DB009B1ADB00C3185A5C22
:10D75000444B5A75BB1D1B785A1E7B1D1B78163314
:10D7600019003F481300DB009B1ADB00C3185A5C0A
:10D770003C4B9A75BB1D1B785A1E7B1D1B781733BB
:10D78000190037481300DB009B1ADB00C3185A5CF2
:10D79000344BDA75BB1D1B785A1E7B1D1B78183362
:10D7A00019002F481300DB009B1ADB00C3185A5CDA
:10D7B0002C4B1A76BB1D1B785A1E7B1D1B78193308
:10D7C000190027481300DB009B1ADB00C3185A5CC2
:10D7D000244B5A76BB1D1B785A1E7B1D1B781A33AF
:10D7E00019001F481300DB009B1ADB00C3185A5CAA
:10D7F0001C4B9A76BB1D1B785A1E7B1D1B781B3356
:10D80000190017481300DB009B1ADB00C3185A5C91
:10D81000144BDA76BB1D1B785A1E7B1D1B781C33FC
:10D8200019000F481300DB009B1ADB00C3185A5C79
:10D830000C4B1A77BB1D1B785A1E7B1D1B781D33A2
:10D84000190007481300DB009B1ADB00C3185A5C61
:10D85000044B5A773B191B781800BD4605B090BDA4
:10D86000B00A0020E8290020B0B584B000AF040061
:10D8700008001100FB1D221C1A70BB1D021C1A702F
:10D880007B1D0A1C1A700D23FB1800221A700F232F
:10D89000FB1800221A70BB1D1B781800F7F7BEFB9F
:10D8A000274B02221A7032200BF04CFA0E23FB1881
:10D8B00001221A702AE00E217B181B785A1E214B78
:10D8C0009200D35A002B1BD00F243B191B781E4A01
:10D8D0000D0079180978D1543B191B785A1C1A4B42
:10D8E000D0187B191B78013B9A00164BD3180422E1
:10D8F00019002EF002FB3B193A19127805321A7002
:10D900000E217B181A787B1801321A700E23FB182F
:10D910001B78052BCFD90F23FB181B789AB20D2546
:10D920007C19FB1D1B780D211800FDF79FFD0300DE
:10D9300023707B191B781800BD4604B0B0BDC046EB
:10D940009A0A0020F8150020C80B0020B0B584B05A
:10D9500000AF040008001100FB1D221C1A70BB1D43
:10D96000021C1A707B1D0A1C1A700E23FB18002261
:10D970001A700D203B1800221A70BB1D1B78013B4A
:10D980002D4AD15C0C257B197A1D12788A1A1A70DF
:10D990003C187B191B7805211800F2F7DBFB03000C
:10D9A00023700F23FB1800221A7033E0BB1D1B7875
:10D9B0005A1E7B1D18780F257B1919780B009B00C8
:10D9C0005B18C1181D481300DB009B1ADB00C3184D
:10D9D0005B5C013B9A001A4BD418BB1D1B785A1E86
:10D9E0007B1D1B78581C7B1919780B009B005B185A
:10D9F000C1181300DB009B1ADB005A180F4BD31819
:10DA00000422190020002EF078FA7B191A787B196D
:10DA100001321A700F23FA180D23FB1812781B78A5
:10DA20009A42C3D3074B00221A700E23FB181B78AF
:10DA30001800BD4604B0B0BDA00A0020B00A002006
:10DA40000C160020151B0020B0B584B000AF0400F8
:10DA500008001100FB1D221C1A70BB1D021C1A704D
:10DA60007B1D0A1C1A700E23FB1800221A700F234C
:10DA7000FB1801221A7026E00F257A19BB1D1278B7
:10DA80001B789A4219D07B191B78180007F032FBDB
:10DA90000400BB1D1B785A1E7B1D19787B191B784F
:10DAA000CB18591E1A481300DB009B1ADB00C31861
:10DAB0005B5C1900200007F047FB0F217B181A78E8
:10DAC0007B1801321A700F23FB181B78052BD3D952
:10DAD000BB1D1B78180007F00DFB0400BB1D1B7855
:10DAE0005A1E7B1D1B780A33190009481300DB00FE
:10DAF0009B1ADB00C3185B5C1900200007F024FBB5
:10DB00000E23FB181B781800BD4604B0B0BDC046FC
:10DB1000B00A002090B587B002AF040008001100E1
:10DB2000FB1D221C1A70BB1D021C1A707B1D0A1CD7
:10DB30001A700F23FB1800221A70BB1D1B785A1E87
:10DB40007B1D19782B481300DB009B1ADB00C318E0
:10DB50005B5C002B0FD1BB1D1B785A1E7B1D1B78F5
:10DB6000591C24481300DB009B1ADB00C3185A5CC5
:10DB7000214B1A7037E0BB1D1B785A1E7B1D19788C
:10DB80001C481300DB009B1ADB00C3185B5C012BF5
:10DB900029D11A4B00221A70BB1D1B785A1E7B1DFF
:10DBA0001B78591C13481300DB009B1ADB00C318B9
:10DBB0005A5C124B5A70BB1D1B785A1E7B1D1B787A
:10DBC000991C0C481300DB009B1ADB00C318585C3F
:10DBD0000F23FC1803230093102300220021FDF7DC
:10DBE0001DFD030023700F23FB181B781800BD4692
:10DBF00005B090BDB00A0020F41A0020C80B002028
:10DC000090B585B000AF040008001100FB1D221C78
:10DC10001A70BB1D021C1A707B1D0A1C1A700F2380
:10DC2000FB1800221A70BB1D1B78013B374AD15CE0
:10DC30000E243B197A1D12788A1A1A70344B1B78FD
:10DC40007F229343DBB2002B1FD0324B1B881A007C
:10DC5000314BD018BB1D1B785A1E7B1D1978130041
:10DC6000DB009B1ADB005A182C4BD1183B191B7890
:10DC70001A002EF042F93B191B789AB2254B1B88EB
:10DC8000D3189AB2234B1A8038E0224B1B881A0013
:10DC9000214BD018BB1D1B785A1E7B1D1978130011
:10DCA000DB009B1ADB005A181C4BD1180E243B19C1
:10DCB0001B781A002EF021F93B191B789AB2154BEC
:10DCC0001B88D3189AB2134B1A80124B1B8816214B
:10DCD0001800F2F73FFA03009BB2DAB2104B1A7049
:10DCE0000C4B1B881A000C490E4B18002EF005F93E
:10DCF000084B00221A800C4B02221A700F23FB18CB
:10DD00001B781800BD4605B090BDC046A00A002093
:10DD1000141B00204E2B0020302A0020B00A0020C7
:10DD20007C000020EC1600209A0A0020B0B584B0D8
:10DD300000AF040008001100FB1D221C1A70BB1D5F
:10DD4000021C1A707B1D0A1C1A700E23FB1800227D
:10DD50001A70BB1D1B78013B244AD15C0D23FB18B4
:10DD60007A1D12788A1A1A700F23FB1800221A7073
:10DD70002AE0FB1D1B785A1E1D4B5200D35A19B2C4
:10DD8000BB1D1B785A1E7B1D18780F257B191B782D
:10DD9000C018184C1300DB009B1ADB00E3181B5C57
:10DDA000013B802212021A4113001BB20B4319B22D
:10DDB000FB1D1B785A1E89B20D4B5200D1527B19A4
:10DDC0001A787B1901321A700F23FA180D23FB18E9
:10DDD00012781B789A42CCD3074B00221A700E237C
:10DDE000FB181B781800BD4604B0B0BDA00A002087
:10DDF000C01A0020B00A0020151B0020B0B586B064
:10DE000000AF040008001100FB1D221C1A70BB1D8E
:10DE1000021C1A707B1D0A1C1A701523FB180022A5
:10DE20001A70BB1D1B78013B564AD15C1423FB18AA
:10DE30007A1D12788A1A1A7000233B610F23FB188F
:10DE400000221A70BB1D1B785A1E7B1D19784E4884
:10DE50001300DB009B1ADB00C3185B5C1906BB1DBB
:10DE60001B785A1E7B1D1B78581C474C1300DB0087
:10DE70009B1ADB00E3181B5C1B04C918BB1D1B7835
:10DE80005A1E7B1D1B78981C3F4C1300DB009B1A0D
:10DE9000DB00E3181B5C1B02C918BB1D1B785A1E54
:10DEA0007B1D1B78D81C384C1300DB009B1ADB0051
:10DEB000E3181B5CCB183B61BB1D1B785A1E7B1DF6
:10DEC0001B78191D30481300DB009B1ADB00C318B8
:10DED0005B5CFF2B18D11723FB1801221A700DE091
:10DEE0003A6917243B191B781100180007F0E2F873
:10DEF00021007B181A787B1801321A701723FB183F
:10DF00001B78052BECD935E01623FB1800221A707C
:10DF100028E0BB1D1B785A1E7B1D1B78191D16237C
:10DF2000FB181B78C8180F257919174C1300DB0054
:10DF30009B1ADB00E3181B5C0B707B191B78002B12
:10DF40000AD07B191B78052B06D83A697B191B78F8
:10DF50001100180007F0AEF816217B181A787B180C
:10DF600001321A701623FA181423FB1812781B7842
:10DF70009A42CED31523FB181B781800BD4606B075
:10DF8000B0BDC046A00A0020B00A0020B0B584B0E1
:10DF900000AF040008001100FB1D221C1A70BB1DFD
:10DFA000021C1A707B1D0A1C1A700F257B19002297
:10DFB0001A7002F0A5FC7C19F5F79CFF0300237092
:10DFC000044B01221A707B191B781800BD4604B05F
:10DFD000B0BDC0469A0A0020B0B584B000AF0400BE
:10DFE00008001100FB1D221C1A70BB1D021C1A70B8
:10DFF0007B1D0A1C1A700F257B1900221A707C19D0
:10E00000F6F7E6F80300237002F052FE64200AF0EF
:10E0100099FE044B02221A707B191B781800BD462A
:10E0200004B0B0BD9A0A0020B0B588B000AF0400BB
:10E0300008001100FB1D221C1A70BB1D021C1A7067
:10E040007B1D0A1C1A701F23FB1800221A701C2348
:10E05000FB1800221A80BB1D1B78013B564AD15C7D
:10E060001B243B197A1D12788A1A1A70BB1D1B7863
:10E070005A1E1A25791951481300DB009B1ADB0040
:10E080001B5C0B700AF0D6FF03007B617B191B78C9
:10E09000FF2B14D1BB1D1B785A1E7B1D1978130052
:10E0A000DB009B1ADB005A18444BD1183B191B7834
:10E0B000013B1A00424B18002DF01FFF31E01A23DC
:10E0C000FB181B78FE2B19D1BB1D1B785A1E7B1D1C
:10E0D00019781300DB009B1ADB005A18374BD11854
:10E0E0001B23FB181A781323FB181B78D31A023B47
:10E0F0001A00334B18002DF000FF12E0BB1D1B78F7
:10E100005A1E7B1D19781300DB009B1ADB005A187E
:10E110002A4BD1181B23FB181A78294B18002DF015
:10E12000ECFE13243B19274A12781A70254BBA1DAE
:10E1300012781A7099239A007969214B18000AF015
:10E14000EBFE0300FB601F4B3A1912781A701E4B4E
:10E150001B7860221340DBB2602B1DD17B69180055
:10E16000F1F7DCFF02007969184B18002DF0C5FEAD
:10E170007B691800F1F7D2FF030099B21F23FC1846
:10E180007A69FB1D18780B001821FDF7C1F903000F
:10E1900023700A200AF0D6FDFB68002BC1D1084B82
:10E1A0003222002118002DF089FD1F23FB181B7857
:10E1B0001800BD4608B0B0BDA00A0020B00A00207B
:10E1C000502B0020980A0020141B0020C80B0020B0
:10E1D000B0B586B000AF040008001100FB1D221C82
:10E1E0001A70BB1D021C1A707B1D0A1C1A701723A3
:10E1F000FB1800221A7014243B1900221A80BB1D40
:10E200001B78013B324AD15C13257B197A1D1278A9
:10E210008A1A1A700AF00EFF0300FB60FB681800F0
:10E22000F1F77CFF0200FB68002118002DF046FD8D
:10E23000284B1B787F229343DBB2002B1DD03B1968
:10E240001B88FA68D018BB1D1B785A1E7B1D1978D5
:10E250001300DB009B1ADB005A181F4BD1187B19E7
:10E260001B781A002DF049FE7B191B7899B23B19D7
:10E270003A1912888A181A8023E014243B191B8843
:10E28000FA68D018BB1D1B785A1E7B1D1978130025
:10E29000DB009B1ADB005A180F4BD1181323FB1815
:10E2A0001B781A002DF029FE3B1900221A800B4B17
:10E2B00000221A700A4B18680023002200210DF07A
:10E2C000F5FA1723FB181B781800BD4606B0B0BD41
:10E2D000A00A0020141B0020B00A0020151B0020FB
:10E2E0009422002090B585B000AF04000800110012
:10E2F000FB1D221C1A70BB1D021C1A707B1D0A1C00
:10E300001A700F23FB1800221A70054B054A1A6079
:10E31000054B01221A700A200AF014FDFDF77CFD5E
:10E32000F03F0220EFBEADDE9A0A0020B0B586B005
:10E3300002AF040008001100FB1D221C1A70BB1D57
:10E34000021C1A707B1D0A1C1A700F257B190022F3
:10E350001A70BB1D1B785A1E7B1D197816481300B6
:10E36000DB009B1ADB00C318585C002300931923C1
:10E3700000220021FDF752F964200AF0E3FC0F4B64
:10E380001C78BB1D1B785A1E7B1D19780A48130088
:10E39000DB009B1ADB00C318595CBB1D1A78FB1D00
:10E3A00018780B00210002F09FFC7B191B781800E5
:10E3B000BD4604B0B0BDC046B00A0020F41A00202B
:10E3C000F0B589B002AF040008001100FB1D221C4B
:10E3D0001A70BB1D021C1A707B1D0A1C1A701623B2
:10E3E000FB1800221A70BB1D1B78013BB64AD15C9A
:10E3F00015257B197A1D12788A1A1A70BB1D1B7895
:10E400005A1E7B1D1B780B3318001726B919AF4C09
:10E410001300DB009B1ADB00E3181B5C0B707B19FD
:10E420001B780F2B0FD1BB1D1B785A1E7B1D1B7831
:10E430000D331800B919A54C1300DB009B1ADB0043
:10E44000E3181B5C0B701523FB181B78112B10D1E4
:10E45000BB1D1B785A1E7B1D1B780F33180017231A
:10E46000F9189A4C1300DB009B1ADB00E3181B5CC5
:10E470000B70BB1D1B785A1E7B1D19781300DB0027
:10E480009B1ADB005A18914BD1181023FB18052258
:10E490001800F8F777FABB1D1B785A1E7B1D1B78F6
:10E4A000191D1300DB009B1ADB005A18874BD1188B
:10E4B0000C23FB1805221800F8F764FA1723FB1841
:10E4C0001B78002B00D003E1BB1D1B785A1E7B1D5F
:10E4D0001B78093319007D481300DB009B1ADB0011
:10E4E000C3185B5C002B43D0BB1D1B785A1E7B1DE1
:10E4F0001B780A33190075481300DB009B1ADB00F8
:10E50000C3185B5C002B33D0BB1D1B785A1E7B1DD0
:10E510001B78083319006D481300DB009B1ADB00E1
:10E52000C3185C5C3D69FE68BB1D1B785A1E7B1DD1
:10E530001B780933190065481300DB009B1ADB00C8
:10E54000C3185B5C9C46BB1D1B785A1E7B1D1B7849
:10E550000A3319005D481300DB009B1ADB00C31867
:10E560005B5C00936346320029002000FCF738FC16
:10E57000BB1D1B785A1E7B1D1B780B33190053489B
:10E580001300DB009B1ADB00C3185B5C002B43D03D
:10E59000BB1D1B785A1E7B1D1B780C3319004B4882
:10E5A0001300DB009B1ADB00C3185B5C002B33D02D
:10E5B000BB1D1B785A1E7B1D1B780833190043486E
:10E5C0001300DB009B1ADB00C3185C5C3D69FE682E
:10E5D000BB1D1B785A1E7B1D1B780B3319003B4853
:10E5E0001300DB009B1ADB00C3185B5C9C46BB1D61
:10E5F0001B785A1E7B1D1B780C33190033481300FF
:10E60000DB009B1ADB00C3185B5C0093634632009F
:10E6100029002000FCF7E4FBBB1D1B785A1E7B1D64
:10E620001B780D33190029481300DB009B1ADB000F
:10E63000C3185B5C002B00D15BE1BB1D1B785A1E2D
:10E640007B1D1B780E33190020481300DB009B1A3A
:10E65000DB00C3185B5C002B00D14AE1BB1D1B78BB
:10E660005A1E7B1D1B780833190018481300DB0065
:10E670009B1ADB00C3185C5C3D69FE68BB1D1B7800
:10E680005A1E7B1D1B780D33190010481300DB0048
:10E690009B1ADB00C3185B5C9C46BB1D1B785A1E93
:10E6A0007B1D1B780E33190008481300DB009B1AF2
:10E6B000DB00C3185B5C0093634632002900200036
:10E6C000FCF78EFB15E1C046A00A0020B00A00202E
:10E6D000BB1D1B785A1E7B1D1B7808331900884808
:10E6E0001300DB009B1ADB00C3185B5C1900E420FD
:10E6F00003F0C2FDBB1D1B785A1E7B1D1978804894
:10E700001300DB009B1ADB00C3185B5C1B0299B291
:10E71000BB1D1B785A1E7B1D1B78581C784C1300A0
:10E72000DB009B1ADB00E3181B5CCB189BB21900C3
:10E73000E52003F0A1FDBB1D1B785A1E7B1D1B7835
:10E74000991C6F481300DB009B1ADB00C3185B5C4D
:10E750001B0299B2BB1D1B785A1E7B1D1B78D81C4F
:10E76000674C1300DB009B1ADB00E3181B5CCB1823
:10E770009BB21900E62003F07FFDBB1D1B785A1EDB
:10E780007B1D1B78191D5E481300DB009B1ADB0004
:10E79000C3185B5C1B0299B2BB1D1B785A1E7B1D04
:10E7A0001B78581D564C1300DB009B1ADB00E31846
:10E7B0001B5CCB189BB21900E72003F05DFDBB1D6D
:10E7C0001B785A1E7B1D1B78991D4D481300DB00DA
:10E7D0009B1ADB00C3185B5C1B0299B2BB1D1B7844
:10E7E0005A1E7B1D1B78D81D454C1300DB009B1A5D
:10E7F000DB00E3181B5CCB189BB21900E82003F088
:10E800003BFDBB1D1B785A1E7B1D1B78093319006D
:10E810003B481300DB009B1ADB00C3185B5C1B0248
:10E8200099B2BB1D1B785A1E7B1D1B780A3318003A
:10E83000334C1300DB009B1ADB00E3181B5CCB1886
:10E840009BB21900E92003F017FD1523FB181B7874
:10E85000132B23D1BB1D1B785A1E7B1D1B780B333A
:10E86000190027481300DB009B1ADB00C3185B5C10
:10E870001B0299B2BB1D1B785A1E7B1D1B780C33E3
:10E8800018001F4C1300DB009B1ADB00E3181B5C15
:10E89000CB189BB21900EA2003F0EEFC1523FB18FD
:10E8A0001B78152B23D1BB1D1B785A1E7B1D1B7893
:10E8B0000D33190012481300DB009B1ADB00C3184C
:10E8C0005B5C1B0299B2BB1D1B785A1E7B1D1B781B
:10E8D0000E3318000A4C1300DB009B1ADB00E31810
:10E8E0001B5CCB189BB21900EB2003F0C5FCFDF7B5
:10E8F00093FA1623FB181B781800BD4607B0F0BD2D
:10E90000B00A0020F0B5D6464F464646C0B58AB09C
:10E9100004AF040008001100FB1D221C1A70BB1D6F
:10E92000021C1A707B1D0A1C1A701723FB18002288
:10E930001A70BB1D1B785A1E7B1D19781300DB0053
:10E940009B1ADB005A18404BD1181022BB18052225
:10E950001800F8F717F8BB1D1B785A1E7B1D1B7893
:10E96000191D1300DB009B1ADB005A18364BD11817
:10E970000C22BB1805221800F8F704F8BB1D1B7801
:10E980005A1E7B1D1B78190009312F481300DB002C
:10E990009B1ADB00C3185A5C94462C4B1A7890469D
:10E9A000BB1D1B785A1E7B1D1B7819000B31264896
:10E9B0001300DB009B1ADB00C3185A5C9146BB1D99
:10E9C0001B785A1E7B1D1B7819000A311E48130044
:10E9D000DB009B1ADB00C3185A5C9246BB1D1B78F8
:10E9E0005A1E7B1D1B781900083117481300DB00E5
:10E9F0009B1ADB00C318595C3869FC68BB1D1B7887
:10EA00005A1E7B1D1B781D000C350F4E1300DB00BA
:10EA10009B1ADB00F3185B5D5A1E9341DBB2039334
:10EA200002940190009153464A4641466046FDF7E4
:10EA300069F81723FB181B781800BD4606B0E0BC28
:10EA4000BA46B146A846F0BDB00A0020F41A00202C
:10EA5000B0B586B000AF040008001100FB1D221CF9
:10EA60001A70BB1D021C1A707B1D0A1C1A7017231A
:10EA7000FB1800221A70BB1D1B785A1E7B1D1978CB
:10EA8000EB481300DB009B1ADB00C3185B5C002B18
:10EA900000D0AFE0BB1D1B785A1E7B1D1B78991C54
:10EAA000E3481300DB009B1ADB00C3185B5C19060C
:10EAB000BB1D1B785A1E7B1D1B78D81CDC4C130019
:10EAC000DB009B1ADB00E3181B5C1B04C918BB1D91
:10EAD0001B785A1E7B1D1B78181DD54C1300DB00BC
:10EAE0009B1ADB00E3181B5C1B02C918BB1D1B78BB
:10EAF0005A1E7B1D1B78581DCD4C1300DB009B1A42
:10EB0000DB00E3181B5CCB183B61BB1D1B785A1E56
:10EB10007B1D1B78591CC6481300DB009B1ADB00C9
:10EB2000C3185B5C082B00D9DCE19A00C14BD318F9
:10EB30001B689F463B691A78BF4B1A70FB1D1B78F8
:10EB400001221F211800FCF791FCD0E13B691B78E2
:10EB50005BB2DAB2B84B1A70FB1D1B7801221F2181
:10EB60001800FCF783FCC2E13B69B349032218009B
:10EB7000F7F7C6FEFB1D1B7802221F211800FCF7C9
:10EB800075FCB4E13B69AC4904221800F7F7B8FE04
:10EB9000FB1D1B7802221F211800FCF767FCA6E171
:10EBA0003B69A54905221800F7F7AAFEFB1D1B7853
:10EBB00004221F211800FCF759FC98E13B699E498B
:10EBC00006221800F7F79CFEFB1D1B7804221F216C
:10EBD0001800FCF74BFC8AE13B69974907221800B3
:10EBE000F7F78EFEFB1D1B7808221F211800FCF78B
:10EBF0003DFC7CE1BB1D1B785A1E7B1D19788C489F
:10EC00001300DB009B1ADB00C3185B5C022B00D0F7
:10EC1000B2E0BB1D1B785A1EBB1D1B78013B874908
:10EC2000CB5C591E82481300DB009B1ADB00C31823
:10EC300000225A54BB1D1B785A1E7B1D1B78591C81
:10EC40001300DB009B1ADB005A18794BD3180F25F1
:10EC50007C191800F5F772FB030023707B191B78F1
:10EC6000002B07D1FB1D1B7801221F211800FCF788
:10EC7000FDFB3CE10F203B181B785A1E7049130026
:10EC80005B009B189B005B583B613B181B785A1E2E
:10EC90006B4913005B009B189B00CB1804331A7858
:10ECA000654B1A70644B1B78082B00D91CE19A0045
:10ECB000644BD3181B689F463B691A785E4B5A70A9
:10ECC000FB1D1B7802221F211800FCF7CFFB0EE171
:10ECD0003B691B785BB2DAB2574B5A70FB1D1B784D
:10ECE00002221F211800FCF7C1FB00E13B695649D5
:10ECF00003221800F7F704FEFB1D1B7803221F21D7
:10ED00001800FCF7B3FBF2E03B694F4904221800FE
:10ED1000F7F7F6FDFB1D1B7803221F211800FCF7F7
:10ED2000A5FBE4E03B69484905221800F7F7E8FD38
:10ED3000FB1D1B7805221F211800FCF797FBD6E06E
:10ED40003B69414906221800F7F7DAFDFB1D1B78E5
:10ED500005221F211800FCF789FBC8E03B693A49EE
:10ED600007221800F7F7CCFDFB1D1B7809221F2195
:10ED70001800FCF77BFBBAE0BB1D1B785A1E7B1DFD
:10ED800019782B481300DB009B1ADB00C3185B5C6F
:10ED9000022B00D8ABE0BB1D1B785A1E7B1D1978D7
:10EDA00023481300DB009B1ADB00C3185B5C1A1FAF
:10EDB000264B9200D358DBB20F221340DAB21E4B1F
:10EDC0001A701D4B1B78002B07D1FB1D1B780122ED
:10EDD0001F211800FCF74AFB89E0BB1D1B785A1E57
:10EDE0007B1D197812481300DB009B1ADB00C31847
:10EDF0005B5C1A1F154B9200D3581B0C144A9446A7
:10EE000063443B610C4B1B78082B6FD89A00114B65
:10EE1000D3181B689F463B691A78074B5A70FB1D35
:10EE20001B7802221F211800FCF720FB5FE0C04680
:10EE3000B00A002004320408C80B0020A00A0020F9
:10EE4000CC01002028320408C90B002054160020F1
:10EE5000000001204C3204083B691B785BB2DAB237
:10EE6000264B5A70FB1D1B7802221F211800FCF74D
:10EE7000FDFA3CE03B69224903221800F7F740FD08
:10EE8000FB1D1B7803221F211800FCF7EFFA2EE070
:10EE90003B691B4904221800F7F732FDFB1D1B7864
:10EEA00003221F211800FCF7E1FA20E03B69144916
:10EEB00005221800F7F724FDFB1D1B7805221F21F2
:10EEC0001800FCF7D3FA12E03B690D49072218003D
:10EED000F7F716FDFB1D1B7809221F211800FCF710
:10EEE000C5FA04E0C04602E0C04600E0C046172371
:10EEF000FB181B781800BD4606B0B0BDC80B00203B
:10EF0000C90B0020F0B58BB000AF0600080011005F
:10EF10001F23FB18321C1A701E23FB18021C1A70C8
:10EF20001D23FB180A1C1A700F2318229B18DB19CB
:10EF300000221A70C34B1A685B68032A01D1002BA8
:10EF400008D0C04B1A685B68022A00D0C6E0002BCC
:10EF500000D0C3E01E257B191B785A1E1D243B19C7
:10EF60001978B9481300DB009B1ADB00C3185A5C00
:10EF7000B64B1A707B191B785A1E3B191978B24888
:10EF80001300DB009B1ADB00C3185B5C082B00D965
:10EF9000A2E09A00AE4BD3181B689F46AD4B1022DF
:10EFA0001A709AE01E23FB181B785A1E1D23FB18AB
:10EFB0001B78591CA4481300DB009B1ADB00C31804
:10EFC0005B5C3B6100237B619E4B39697A69196008
:10EFD0005A6082E01E23FB181B785A1E1D23FB1863
:10EFE0001B78591C98481300DB009B1ADB00C318E0
:10EFF0005B5C5BB2BB60DB17FB60924BB968FA6885
:10F0000019605A6069E01E23FB181B785A1E1D23E5
:10F01000FB181B78591C1300DB009B1ADB005A18E5
:10F02000894BD118874B03221800F7F7ABFC54E04B
:10F030001E23FB181B785A1E1D23FB181B78591C16
:10F040001300DB009B1ADB005A187F4BD1187D4B55
:10F0500004221800F7F796FC3FE01E23FB181B78EC
:10F060005A1E1D23FB181B78591C1300DB009B1A2A
:10F07000DB005A18744BD118724B05221800F7F7B1
:10F0800081FC2AE01E23FB181B785A1E1D23FB1847
:10F090001B78591C1300DB009B1ADB005A186A4BC3
:10F0A000D118684B06221800F7F76CFC15E01E23F8
:10F0B000FB181B785A1E1D23FB181B78591C1300C4
:10F0C000DB009B1ADB005A185F4BD1185D4B0722FF
:10F0D0001800F7F757FC00E0C046A2E0594B1A6849
:10F0E0005B681100194300D09BE05B4B1B78082B39
:10F0F00000D995E09A00594BD3181B689F461E23F0
:10F10000FB181B785A1E1D23FB1819784E48130054
:10F11000DB009B1ADB00C3185B5C3B6000237B6059
:10F12000484B39687A6819605A607AE01E23FB18E8
:10F130001B785A1E1D23FB18197843481300DB0067
:10F140009B1ADB00C3185B5C5BB21C00DB171D0065
:10F150003C4B1C605D6064E01E23FB181B785A1E4C
:10F160001D23FB1819781300DB009B1ADB005A18CB
:10F17000354BD118334B03221800F7F703FC50E04E
:10F180001E23FB181B785A1E1D23FB181978130029
:10F19000DB009B1ADB005A182B4BD118294B042299
:10F1A0001800F7F7EFFB3CE01E23FB181B785A1EF4
:10F1B0001D23FB1819781300DB009B1ADB005A187B
:10F1C000214BD1181F4B05221800F7F7DBFB28E075
:10F1D0001E23FB181B785A1E1D23FB1819781300D9
:10F1E000DB009B1ADB005A18174BD118154B06226F
:10F1F0001800F7F7C7FB14E01E23FB181B785A1EF4
:10F200001D23FB1819781300DB009B1ADB005A182A
:10F210000D4BD1180B4B07221800F7F7B3FB00E09A
:10F22000C0460C4B1B78102B02D00A4B00221A70E0
:10F230000F2318229B18DB191B781800BD460BB052
:10F24000F0BDC046E0160020B00A00207D0000207E
:10F2500070320408151B0020E816002094320408C0
:10F26000F0B585B000AF060008001100FB1D321C90
:10F270001A70BB1D021C1A707B1D0A1C1A700B230E
:10F28000FB1800221A70DB4B00221A70BB1D1B7882
:10F290005A1E7B1D1978D8481300DB009B1ADB002F
:10F2A000C3185B5C002B00D13CE3BB1D1B785A1ECE
:10F2B0007B1D1978D0481300DB009B1ADB00C318B4
:10F2C0005B5C1E2B00D91EE3BB1D1B785A1E7B1DE9
:10F2D0001978C9481300DB009B1ADB00C3185B5C7C
:10F2E0005A1EC64B9200D3581B0CC54A9446634421
:10F2F000FB60BB1D1B785A1E7B1D1B78591CBE482A
:10F300001300DB009B1ADB00C3185B5C082B00D9E1
:10F3100091E29A00BB4BD3181B689F46BB1D1B781C
:10F320005A1E7B1D1978B4481300DB009B1ADB00C2
:10F33000C3185B5C5A1EB14B9200D3580F22134086
:10F3400030D101202BF084F80300FB60FB68002B18
:10F3500025D0FB68E0221206944663441904BB1DC5
:10F360001B785A1E7B1D1B78581CA34C1300DB0016
:10F370009B1ADB00E3181B5C1D00BB1D1B785A1E8B
:10F380007B1D18789C4C1300DB009B1ADB00E318F4
:10F390001B5C5A1E4919994B9200D15002E0954BC3
:10F3A00012221A70934B1B78122B00D145E2BB1D21
:10F3B0001B785A1E7B1D1B78981CF9688E4C130015
:10F3C000DB009B1ADB00E3181B5C0B7035E2BB1DF6
:10F3D0001B785A1E7B1D197887481300DB009B1A87
:10F3E000DB00C3185B5C5A1E844B9200D3580F227B
:10F3F000134030D101202BF02BF80300FB60FB6899
:10F40000002B25D0FB68E0221206944663441904C1
:10F41000BB1D1B785A1E7B1D1B78581C764C130095
:10F42000DB009B1ADB00E3181B5C1D00BB1D1B7877
:10F430005A1E7B1D1878704C1300DB009B1ADB00F2
:10F44000E3181B5C5A1E49196C4B9200D15002E024
:10F45000684B12221A70674B1B78122B00D1EEE119
:10F46000BB1D1B785A1E7B1D1B78991C624813001C
:10F47000DB009B1ADB00C3185A5CFB6852B21A709F
:10F48000DDE1BB1D1B785A1E7B1D19785A481300FD
:10F49000DB009B1ADB00C3185B5C5A1E574B9200C3
:10F4A000D3580F22134030D102202AF0D1FF03009D
:10F4B000FB60FB68002B25D0FB68E0221206944617
:10F4C00063441904BB1D1B785A1E7B1D1B78581CF6
:10F4D000494C1300DB009B1ADB00E3181B5C1D008A
:10F4E000BB1D1B785A1E7B1D1878434C1300DB0094
:10F4F0009B1ADB00E3181B5C5A1E49193F4B920014
:10F50000D15002E03B4B12221A703A4B1B78122B5F
:10F5100000D196E1F868BB1D1B785A1E7B1D1B7835
:10F52000991C1300DB009B1ADB005A18324BD318CE
:10F5300003221900F7F726FA83E1BB1D1B785A1E38
:10F540007B1D19782C481300DB009B1ADB00C318C5
:10F550005B5C5A1E294B9200D3580F22134030D1C6
:10F5600002202AF075FF0300FB60FB68002B25D00A
:10F57000FB68E0221206944663441904BB1D1B7805
:10F580005A1E7B1D1B78581C1B4C1300DB009B1A5A
:10F59000DB00E3181B5C1D00BB1D1B785A1E7B1D86
:10F5A0001878154C1300DB009B1ADB00E3181B5C7A
:10F5B0005A1E4919114B9200D15002E00D4B1222F4
:10F5C0001A700C4B1B78122B00D13CE1F868BB1D64
:10F5D0001B785A1E7B1D1B78991C1300DB009B1A9D
:10F5E000DB005A18044BD31804221900F7F7CAF9A4
:10F5F00029E1C046151B0020B00A00205416002047
:10F6000000000120B8320408BB1D1B785A1E7B1D68
:10F610001978BF481300DB009B1ADB00C3185B5C42
:10F620005A1EBC4B9200D3580F22134030D10420F5
:10F630002AF00EFF0300FB60FB68002B25D0FB685F
:10F64000E0221206944663441904BB1D1B785A1E1F
:10F650007B1D1B78581CAE4C1300DB009B1ADB0093
:10F66000E3181B5C1D00BB1D1B785A1E7B1D187800
:10F67000A74C1300DB009B1ADB00E3181B5C5A1E2F
:10F680004919A44B9200D15002E0A34B12221A70E8
:10F69000A14B1B78122B00D1D7E0F868BB1D1B785B
:10F6A0005A1E7B1D1B78991C1300DB009B1ADB0084
:10F6B0005A18974BD31805221900F7F763F9C4E0DD
:10F6C000BB1D1B785A1E7B1D197891481300DB0067
:10F6D0009B1ADB00C3185B5C5A1E8E4B9200D358FA
:10F6E0000F22134030D104202AF0B2FE0300FB6049
:10F6F000FB68002B25D0FB68E02212069446634489
:10F700001904BB1D1B785A1E7B1D1B78581C804C8E
:10F710001300DB009B1ADB00E3181B5C1D00BB1D04
:10F720001B785A1E7B1D1878794C1300DB009B1A3E
:10F73000DB00E3181B5C5A1E4919764B9200D1502E
:10F7400002E0754B12221A70734B1B78122B00D1FA
:10F750007DE0F868BB1D1B785A1E7B1D1B78991C29
:10F760001300DB009B1ADB005A18694BD3180622E2
:10F770001900F7F707F96AE0BB1D1B785A1E7B1DBD
:10F78000197863481300DB009B1ADB00C3185B5C2D
:10F790005A1E604B9200D3580F22134030D10420E0
:10F7A0002AF056FE0300FB60FB68002B25D0FB68A7
:10F7B000E0221206944663441904BB1D1B785A1EAE
:10F7C0007B1D1B78581C524C1300DB009B1ADB007E
:10F7D000E3181B5C1D00BB1D1B785A1E7B1D18788F
:10F7E0004B4C1300DB009B1ADB00E3181B5C5A1E1A
:10F7F0004919484B9200D15002E0474B12221A702F
:10F80000454B1B78122B24D0BB1D1B785A1E7B1D29
:10F810001B78991C1300DB009B1ADB005A183C4B29
:10F82000D1183E4B07221800F7F7ACF83B4AFB68AB
:10F8300012681A600DE0C0460CE0C0460AE0C046FF
:10F8400008E0C04606E0C04604E0C04602E0C0460C
:10F8500000E0C046BB1D1B785A1E7B1D19782C4842
:10F860001300DB009B1ADB00C3185B5C5A1E294B9C
:10F870009200D3580F2213401900BB1D1B785A1E4B
:10F880007B1D1B78581C224C1300DB009B1ADB00ED
:10F89000E3181B5C994200D169E1BB1D1B785A1E1D
:10F8A0007B1D19781A481300DB009B1ADB00C31874
:10F8B0005B5C5A1E174B9200D158BB1D1B785A1E19
:10F8C0007B1D1B78581C124C1300DB009B1ADB00BD
:10F8D000E3181B5C124A944663441D00BB1D1B7851
:10F8E0005A1E7B1D18780A4C1300DB009B1ADB00A4
:10F8F000E3181B5C5A1E2940064B9200D150064B60
:10F9000014221A7033E1044B13221A702FE1C046FF
:10F91000B00A002054160020151B0020E01600201D
:10F92000F0FF0000BB1D1B785A1E7B1D1B78991C25
:10F930009F481300DB009B1ADB00C3185B5C1906B1
:10F94000BB1D1B785A1E7B1D1B78D81C984E1300BC
:10F95000DB009B1ADB00F3181B5C1B04C918BB1DE2
:10F960001B785A1E7B1D1B78181D914E1300DB005F
:10F970009B1ADB00F3181B5C1B02C918BB1D1B780C
:10F980005A1E7B1D1B78581D894E1300DB009B1AE5
:10F99000DB00F3181B5CCB18FB60FA6880239B0527
:10F9A0009A4200D2E0E0FB68824A934200D9DBE051
:10F9B000BB1D1B785A1E7B1D1B78591C7C481300ED
:10F9C000DB009B1ADB00C3185B5C082B00D9C9E085
:10F9D0009A00794BD3181B689F46BB1D1B785A1E93
:10F9E0007B1D1B78981DF968714C1300DB009B1A76
:10F9F000DB00E3181B5C0B70B5E0BB1D1B785A1EC7
:10FA00007B1D1B78991D6A481300DB009B1ADB00E5
:10FA1000C3185A5CFB6852B21A70A4E0F868BB1DA8
:10FA20001B785A1E7B1D1B78991D1300DB009B1A47
:10FA3000DB005A185E4BD31803221900F6F7A2FF19
:10FA400091E0BB1D1B785A1E7B1D1B78991D5848E1
:10FA50001300DB009B1ADB00C3185B5C1C00BB1DA2
:10FA60001B785A1E7B1D1B78D91D51481300DB00E3
:10FA70009B1ADB00C3185B5C1B029BB2E3189AB2B3
:10FA8000FB6812B21A806EE0F868BB1D1B785A1E24
:10FA90007B1D1B78991D1300DB009B1ADB005A1895
:10FAA000434BD31805221900F6F76CFF5BE0F868AA
:10FAB000BB1D1B785A1E7B1D1B78991D1300DB0094
:10FAC0009B1ADB005A183A4BD31806221900F6F796
:10FAD00059FF48E0BB1D1B785A1E7B1D1B78991DE2
:10FAE00033481300DB009B1ADB00C3185B5C1E006D
:10FAF000BB1D1B785A1E7B1D1B78D91D2C4813007B
:10FB0000DB009B1ADB00C3185B5C1B02F118BB1DFA
:10FB10001B785A1E7B1D1B7808331800244E1300D7
:10FB2000DB009B1ADB00F3181B5C1B04C918BB1D10
:10FB30001B785A1E7B1D1B78093318001C4E1300BE
:10FB4000DB009B1ADB00F3181B5C1B06CB181C00A8
:10FB500000231D00194B1C605D60184AFB68126889
:10FB60001A6000E0C04602E0154B15221A70154BD2
:10FB70001B7860221340DBB2602B06D0114B1B7840
:10FB800060221340DBB2202B0AD10D4B1A780E4BAA
:10FB90001A70FB1D1B78012221211800FBF766FC5F
:10FBA0000B23FB181B781800BD4605B0F0BDC046FE
:10FBB000B00A0020FFFF0120DC320408E01600201C
:10FBC000151B0020141B0020C80B002090B585B029
:10FBD00000AF040008001100FB1D221C1A70BB1DA1
:10FBE000021C1A707B1D0A1C1A700F243B1900227C
:10FBF0001A70BB1D1B785A1E7B1D1978074813000D
:10FC0000DB009B1ADB00C3185A5C054B1A703B19CA
:10FC10001B781800BD4605B090BDC046B00A002054
:10FC2000151B0020B0B586B002AF0400080011001B
:10FC3000FB1D221C1A70BB1D021C1A707B1D0A1CA6
:10FC40001A700F243B1900221A70BB1D1B78013B50
:10FC50001C4AD15C0E257B197A1D12788A1A1A70FB
:10FC6000BB1D1B785A1E7B1D197817481300DB003B
:10FC70009B1ADB00C318585CBB1D1B785A1E7B1DEA
:10FC80001B78591C1300DB009B1ADB005A180E4B23
:10FC9000D1187B191B789BB2013B9AB20A230093BF
:10FCA0000A2305F071F9031E05D03B19FF221A70D3
:10FCB0003B191B7802E00F23FB181B781800BD4688
:10FCC00004B0B0BDA00A0020B00A002090B585B0F5
:10FCD00000AF040008001100FB1D221C1A70BB1DA0
:10FCE000021C1A707B1D0A1C1A700F23FB180022BD
:10FCF0001A70BB1D1B785A1E7B1D197822481300F1
:10FD0000DB009B1ADB00C3185B5C1A001F4B1A80D8
:10FD1000BB1D1B785A1E7B1D1B78591C1A481300EB
:10FD2000DB009B1ADB00C3185B5C1A00184B1A80BF
:10FD3000174B1B88002B0ED1144B1B88DBB218000D
:10FD400003F0F4FB114B1B88DBB2124A00211800B0
:10FD500003F038FC11E00E4B1B88012B0DD10B4B2F
:10FD60001B88DBB2180003F0E1FB084B1B88DBB2F9
:10FD7000084A0121180003F025FC0F23FB181B780B
:10FD80001800BD4605B090BDB00A0020D42900205F
:10FD9000D6290020D829002090B585B000AF0400F6
:10FDA00008001100FB1D221C1A70BB1D021C1A70DA
:10FDB0007B1D0A1C1A700F243B1900221A70064A78
:10FDC000064B1100180003F0CDFC3B191B781800FE
:10FDD000BD4605B090BDC046E4290020E0290020C2
:10FDE00090B585B000AF040008001100FB1D221C77
:10FDF0001A70BB1D021C1A707B1D0A1C1A700F2181
:10FE00007B1800221A70044B01221A707B181B7891
:10FE10001800BD4605B090BDF809002090B585B02A
:10FE200000AF040008001100FB1D221C1A70BB1D4E
:10FE3000021C1A707B1D0A1C1A700F217B180022ED
:10FE40001A70044B01221A707B181B781800BD46EB
:10FE500005B090BDF909002090B585B000AF040051
:10FE600008001100FB1D221C1A70BB1D021C1A7019
:10FE70007B1D0A1C1A700F23FB1800221A70D94B25
:10FE800001221A70BB1D1B785A1E7B1D1B78D91CC2
:10FE9000D5481300DB009B1ADB00C3185B5C19B26A
:10FEA000BB1D1B785A1E7B1D1B78181DCE4C1300E2
:10FEB000DB009B1ADB00E3181B5C1BB21B021BB2AE
:10FEC0000B431AB20C23FB181A80BB1D1B785A1E59
:10FED0007B1D1978C4481300DB009B1ADB00C31894
:10FEE0005B5C082B00D987E29A00C04BD3181B68D3
:10FEF0009F46BB1D1B785A1E7B1D1B78591CBA4898
:10FF00001300DB009B1ADB00C3185B5C002B07D1DE
:10FF10000F23FB1800221A70B54B10221A706CE2E6
:10FF20000F23FB18FF221A7067E2BB1D1B785A1EB5
:10FF30007B1D1B78591CAC481300DB009B1ADB00AF
:10FF4000C3185B5C002B22D10F23FB1800221A7010
:10FF5000BB1D1B785A1E7B1D1B78991CA2481300E1
:10FF6000DB009B1ADB00C3185A5CA24B1A70BB1D46
:10FF70001B785A1E7B1D1B78591D9B481300DB0004
:10FF80009B1ADB00C3185A5C9B4B1A6035E20F23A7
:10FF9000FB18FF221A7030E2BB1D1B785A1E7B1D16
:10FFA0001B78591C90481300DB009B1ADB00C31818
:10FFB0005B5C002B40D10F23FB1800221A70BB1D85
:10FFC0001B785A1E7B1D1B78991C87481300DB0089
:10FFD0009B1ADB00C3185A5C864B1A70BB1D1B783A
:10FFE0005A1E7B1D1B78591D7F481300DB009B1A8E
:10FFF000DB00C3185A5C804B1A60BB1D1B785A1E6D
:020000040801F1
:100000007B1D1B78991D78481300DB009B1ADB00D1
:10001000C3185A5C794B1A60BB1D1B785A1E7B1D96
:100020001B78D91D70481300DB009B1ADB00C31836
:100030005A5C734B1A60E0E10F23FB18FF221A7021
:10004000DBE1BB1D1B785A1E7B1D1B78591C6648C3
:100050001300DB009B1ADB00C3185B5C002B22D172
:100060000F23FB1800221A70BB1D1B785A1E7B1D24
:100070001B78991C5C481300DB009B1ADB00C3183B
:100080005A5C5C4B1A70BB1D1B785A1E7B1D1B787B
:10009000591D55481300DB009B1ADB00C3185A5C3E
:1000A000554B1A60A9E10F23FB18FF221A70A4E137
:1000B000BB1D1B785A1E7B1D1B78591C4A48130018
:1000C000DB009B1ADB00C3185B5C002B4AD10F23BB
:1000D000FB1800221A70BB1D1B785A1E7B1D1B7853
:1000E000991C41481300DB009B1ADB00C3185A5CC3
:1000F000404B1A70BB1D1B785A1E7B1D1B78591D67
:100100001300DB009B1ADB005A18374BD1183A4B0F
:1001100003221800F6F736FCBB1D1B785A1E7B1D08
:100120001B78D91D1300DB009B1ADB005A182E4BDD
:10013000D118324B03221800F6F724FCBB1D1B78A4
:100140005A1E7B1D1B78093319001300DB009B1A14
:10015000DB005A18244BD118294B03221800F6F75C
:1001600011FC4AE10F23FB18FF221A7045E1BB1D69
:100170001B785A1E7B1D1B78591C1B481300DB0083
:100180009B1ADB00C3185B5C002B25D10F23FB18E7
:1001900000221A70BB1D1B785A1E7B1D1B78991CF0
:1001A00011481300DB009B1ADB00C3185A5C114B8B
:1001B0001A70BB1D1B785A1E7B1D1B78591D13001E
:1001C000DB009B1ADB005A18074BD1180A4B03229D
:1001D0001800F6F7D7FB10E10F23FB18FF221A7067
:1001E0000BE1C04668230020B00A00200033040859
:1001F000151B0020692300206C23002070230020A1
:1002000074230020BB1D1B785A1E7B1D1B78591CB4
:100210007D481300DB009B1ADB00C3185B5C002BDE
:1002200025D10F23FB1800221A70BB1D1B785A1E04
:100230007B1D1B78991C74481300DB009B1ADB00A4
:10024000C3185A5C714B1A70BB1D1B785A1E7B1D5C
:100250001B78591D1300DB009B1ADB005A186A4BF0
:10026000D1186B4B05221800F6F78CFBC5E00F2365
:10027000FB18FF221A70C0E0BB1D1B785A1E7B1DA5
:100280001B78591C60481300DB009B1ADB00C31865
:100290005B5C002B4BD10F23FB1800221A70BB1D97
:1002A0001B785A1E7B1D1B78991C57481300DB00D6
:1002B0009B1ADB00C3185A5C544B1A70BB1D1B7889
:1002C0005A1E7B1D1B78591D1300DB009B1ADB0097
:1002D0005A184D4BD1184E4B05221800F6F752FB19
:1002E000BB1D1B785A1E7B1D1B7809331900130098
:1002F000DB009B1ADB005A18434BD118454B0522F3
:100300001800F6F73FFBBB1D1B785A1E7B1D1B78A0
:100310000D3319001300DB009B1ADB005A183A4B0F
:10032000D1183D4B05221800F6F72CFB65E00F2392
:10033000FB18FF221A7060E0BB1D1B785A1E7B1D44
:100340001B78591C30481300DB009B1ADB00C318D4
:100350005B5C002B4BD10F23FB1800221A70BB1DD6
:100360001B785A1E7B1D1B78991C27481300DB0045
:100370009B1ADB00C3185A5C244B1A70BB1D1B78F8
:100380005A1E7B1D1B78591D1300DB009B1ADB00D6
:100390005A181D4BD1181E4B05221800F6F7F2FA19
:1003A000BB1D1B785A1E7B1D1B78093319001300D7
:1003B000DB009B1ADB005A18134BD118154B052292
:1003C0001800F6F7DFFABB1D1B785A1E7B1D1B7841
:1003D0000D3319001300DB009B1ADB005A180A4B7F
:1003E000D1180D4B05221800F6F7CCFA05E00F23C3
:1003F000FB18FF221A7000E0C0460F23FB181B7881
:100400001800BD4605B090BDB00A00206923002049
:100410006C230020702300207423002090B585B049
:1004200000AF040008001100FB1D221C1A70BB1D48
:10043000021C1A707B1D0A1C1A700F243B19002223
:100440001A70BB1D1B785A1E7B1D19780E481300AD
:10045000DB009B1ADB00C3185A5C0C4B1A700B4B69
:100460001B78180000F070F903001A003B191B7884
:10047000934202D03B19FF221A700F23FB181B78FE
:100480001800BD4605B090BDB00A0020D22900205A
:1004900090B585B000AF040008001100FB1D221CC0
:1004A0001A70BB1D021C1A707B1D0A1C1A700F24C7
:1004B0003B1900221A70BB1D1B785A1E7B1D197830
:1004C0000E481300DB009B1ADB00C3185A5C0C4B70
:1004D0001A700B4B1B78180000F092F903001A00F9
:1004E0003B191B78934202D03B19FF221A700F234D
:1004F000FB181B781800BD4605B090BDB00A00205F
:10050000D329002090B585B000AF04000800110089
:10051000FB1D221C1A70BB1D021C1A707B1D0A1CBD
:100520001A700F23FB1800221A70BB1D1B78013BA9
:10053000264AD15C0E243B197A1D12788A1A1A7049
:10054000234B1B881A00234BD018BB1D1B785A1E47
:100550007B1D19781300DB009B1ADB005A181E4B19
:10056000D1183B191B781A002BF0C7FC3B191B78DC
:100570009AB2174B1B88D3189AB2154B1A80174B97
:100580001B787F229343DBB2002B18D1BB1D1B7855
:10059000013B5A02124BD0180D4B1B881A000D4B11
:1005A00019002BF0AAFC0B4B6422002118002BF041
:1005B00085FB074B00221A800A4B02221A700F2378
:1005C000FB181B781800BD4605B090BDA00A00209E
:1005D000822B0020842B0020B00A0020141B002056
:1005E000F80B00209A0A0020F0B587B002AF050092
:1005F0000C0010001900FB1D2A1C1A70BB1D221CC8
:100600001A703B1D021C1A80FB1C0A1C1A700F205A
:100610003B1800221A70BB1D1B785A1E1C49130080
:10062000DB009B1ADB005A5C0C217B181A807B18BC
:100630001B88DDB206003C18FB1D1A78BB1D19781B
:100640003B1D1888FB1C1B7800932B00FCF76AFDF0
:1006500003002370BB191B78012B12D10C217B18CE
:100660001B88DDB2BC19FB1D1A78BB1D19783B1D18
:100670001888FB1C1B7800932B0000F0D5FC0300AE
:1006800023700F23FB181B781800BD4605B0F0BD82
:10069000B00A002090B595B000AF14243B191800A3
:1006A0003C231A0000212BF009FB3B1D18001023EE
:1006B0001A0000212BF002FB80239B0018000FF092
:1006C000CBF83B1903221A603B19802252025A6070
:1006D0003B1980225200DA6021007B1800221A6147
:1006E0007B1840225A617B1802221A627B1803226F
:1006F0005A627B1800229A627B181022DA627B18F9
:10070000802292021A637B18802292045A637B181B
:10071000802292059A637B1818000FF0E9F83B1DC0
:1007200007221A603B1D02225A603B1D00229A607C
:100730003B1D0022DA603B1D022118000FF038FC3F
:10074000C046BD4615B090BD80B586B000AF020072
:10075000FB1D1A70FB1D1B78180004F0CBFC030076
:100760007B617B691B68234A934209D07B691B68C4
:10077000214A934204D07B691B68204A934234D1BA
:10078000C0467B691B68DA6980235B021A408023BC
:100790005B029A42F5D0C0467B691B68DA69802308
:1007A000DB031A408023DB039A42F5D10C217B182E
:1007B000802292031A607B18786919685A6812F0CF
:1007C0008FFC7B691B689A687B691B688021C90361
:1007D0000A439A607B69180012F0EAFC8023DB016F
:1007E000012118000EF0D8FF00E0FF231800BD46DD
:1007F00006B080BD00380140004400400048004081
:1008000080B582B000AF0200FB1D1A70124B134A74
:100810009A61FB1D1B78042B15D89A00104BD31836
:100820001B689F4601200EF083FF0CE008200EF0AD
:100830007FFF08E020200EF07BFF04E002200EF096
:1008400077FF00E0C0460EF0F9FF0EF0DDFF002359
:100850001800BD4602B080BD007000403F0001009E
:10086000E833040880B582B000AF0200FB1D1A70A7
:100870001F4B1A6980235B001A4080235B009A4259
:1008800030D11B4B1B4A9A61FB1D1B78042B15D8DA
:100890009A00194BD3181B689F4601200EF068FF81
:1008A0000CE008200EF064FF08E020200EF060FF4E
:1008B00004E002200EF05CFF00E0C04680235B01F4
:1008C0000E48012219000EF070F8FA239B00180060
:1008D0000BF09AFD80235B010848002219000EF0FE
:1008E00064F800E000231800BD4602B080BDC04699
:1008F0000070004000010100FC33040800040050B7
:10090000F0B585B000AF0B26BB1900221A700E237C
:10091000FB1808221A800823FB1800221A800DF009
:1009200057FD7623FF331A0080231B0211001800A5
:100930000DF086FEBE19FA239B0018000DF08EFD07
:10094000030033700B26BB191B78002B03D0554BCB
:100950005B68DBB2A2E0544B5A69534B02218A43D5
:100960005A61524B1B78002B00D195E0504B1B78FD
:100970001B029AB24D4B1B78190008203B185218E5
:100980001A803B181B889BB23B6000237B6049495F
:100990003A687B6801200DF0CDFC0B23FE18FA238A
:1009A0009B0018000DF05AFD030033700B23FB1859
:1009B0001B78002B03D03B4B5B68DBB26EE03A4BFD
:1009C0005A69394B01218A435A610D23FB180122D0
:1009D0001A705AE00C23FB1800221A704AE00D200E
:1009E0003B181B785A1E344B16214A43D35A002B0E
:1009F0003AD00E23FB181B882E4A9E183B181B78F2
:100A00005A1E0C23FB1818782B4913009B009B18C7
:100A10005B009B181B185B005B5A1C0000231D0029
:100A200022002B00310001200DF084FC0B23FE1866
:100A3000FA239B0018000DF011FD030033700B2307
:100A4000FB181B78002B03D0164B5B68DBB225E04C
:100A5000154B5A69144B01218A435A610E22BB1867
:100A6000BA18128808321A800C217B181A787B1861
:100A700001321A700C23FB181B780A2BAFD90D21F9
:100A80007B181A787B1801321A70094B1B780D22DB
:100A9000BA1812789A429DD90DF0BEFC1800BD46D6
:100AA00005B0F0BD7CC0012000200240F41A0020F7
:100AB0007C00002000A80708EC160020B0B588B024
:100AC00000AF18243B1900221A703B0018001523B0
:100AD0001A0000212BF0F2F80DF07AFCBB235A002B
:100AE00080231B02110018000DF0AAFD25003C19FF
:100AF000FA239B0018000DF0B1FC030023707B1952
:100B00001B78002B03D0654B5B68DBB2C1E0644B04
:100B10005A69634B02218A435A61624BFB611B2372
:100B2000FB1800221A70AAE01B203B181A785E49B5
:100B300013009B009B189B005B5C002B00D198E08E
:100B40003B00FE221A703B181A7813009B009B187A
:100B50009B00554A99183B000133142218002BF0D2
:100B6000CCF91A23FB1800221A702BE0F9691A231A
:100B7000FB181B78DB003A00D3181A685B68012069
:100B80000DF0D8FB18257C19FA239B0018000DF0F6
:100B900065FC030023707B191B78002B03D03F4BAF
:100BA0005B68DBB275E03E4B5A693D4B01218A43DD
:100BB0005A61FB690833FB611A217B181A787B188C
:100BC00001321A701A23FB181B78042BCED9192373
:100BD000FB1800221A7036E0F8691B23FB181A78FC
:100BE000314913009B009B189B00CB180C331B68EA
:100BF0001922BA18127892009B181A685B680100D3
:100C000001200DF097FB18257C19FA239B00180092
:100C10000DF024FC030023707B191B78002B03D0FC
:100C20001E4B5B68DBB234E01D4B5A691C4B012143
:100C30008A435A61FB690833FB6119217B181A78D2
:100C40007B1801321A701923FB181C781B23FB1820
:100C50001A78154913009B009B189B00CB180C3386
:100C60001B681800EFF75AFA030001339B089C42F7
:100C7000B2D31B217B181A787B1801321A700B4BE8
:100C80001B781B22BA1812789A4200D24CE70DF05A
:100C9000C3FB1800BD4608B0B0BDC0467CC00120F3
:100CA0000020024000B00708A81B00209D0A002079
:100CB00080B500AF8F239A00084B002118002AF05E
:100CC000FDFF074B01221A70064B00221A70FFF736
:100CD00017FE03001800BD4680BDC046EC1600207C
:100CE0007C000020F41A0020F0B589B004AF0500A4
:100CF0000C0010001900FB1D2A1C1A70BB1D221CC1
:100D00001A707B1D021C1A703B1D0A1C1A700F25DD
:100D10007B1900221A700E26BB1900221A704A4B4A
:100D20001A787C19BB1D1B7819001000F4F796FB8C
:100D3000030023703B1D1B78002B0ED0424B1B7809
:100D4000BA1D12789A4208D17B193A1D12781A708E
:100D5000BB193D4A12781A701BE03B1D1B78002B13
:100D600017D1BB1D1B78013B384AD35C012B05D141
:100D70000E23FB18344A12781A700AE0BB1D1B7848
:100D8000013B324AD35C5A1E0E23FB1830498A5C61
:100D90001A702D4B1B78FA1D12789A422FD108F049
:100DA00049F90300BB603B1D1B78002B08D1294B80
:100DB0001968BB1D1A78BB6818002AF0FFFE08E00E
:100DC000254B1968BB1D1A783B1D1B78B8682AF0A3
:100DD000F5FE224B1A68BB68110018002AF076FF56
:100DE000BB681800EFF79AF903009AB2B9687B1D47
:100DF0001878322304F01EF964200BF005FB7B1DEC
:100E00001B78180000F02CF80F257B191B781800B0
:100E100000F026F80C4B19780B4B1C787B191A78CC
:100E20007B1D18780023039301235B420293012367
:100E30005B420193022300932300FAF763FEC0464E
:100E4000BD4605B0F0BDC046F41A002028190020A8
:100E50007C2300206C000020740000207000002023
:100E600080B584B000AF0200FB1D1A70FB1D1B781B
:100E7000180004F03FF90300FB60FB68180010F055
:100E800071FAFB688022D2001A61FB68802252014D
:100E90009A60FB68180010F00FFAFB681B681A686C
:100EA000FB681B6820210A431A60C046BD4604B097
:100EB00080BD000080B584B002AF03F0B3FC03F046
:100EC000EFFC03F02BFD03F067FD03F095FD01231C
:100ED0007B6061E07B68DBB2180004F00BF9020074
:100EE0003D4B9A4206D17B685A1E3C4B92003C49CE
:100EF000D1504EE07B68DBB2180004F0FBF8020032
:100F0000384B9A4206D17B685A1E344B92003649C0
:100F1000D1503EE07B68DBB2180004F0EBF8020031
:100F2000324B9A4206D17B685A1E2C4B92003049B4
:100F3000D1502EE07B68DBB2180004F0DBF8020031
:100F40002C4B9A4206D17B685A1E244B92002A49A8
:100F5000D1501EE07B68DBB2180004F0CBF8020031
:100F6000264B9A4206D17B685A1E1C4B920024499C
:100F7000D1500EE07B68DBB2180004F0BBF8020031
:100F8000204B9A4205D17B685A1E144B92001E4991
:100F9000D1507B6801337B607B68052B9ADD01F0C3
:100FA000A5FB1A4A1A491B481B4B019303230093C4
:100FB000002309F006FAFA2399001848184B009309
:100FC000012301220AF07AFE0200164B1A60C04685
:100FD000BD4602B080BDC046382C0020CC16002093
:100FE0000C000240CC2C002020000240602D00208C
:100FF00034000240F42D002048000240882E0020DA
:101000005C0002401C2F002070000240881300008A
:1010100010340408B9110108B42F00201834040852
:10102000A9120108B02F0020B0B584B000AF0500B0
:101030000C0010001900BB1D2A1C1A807B1D221CED
:101040001A703B1D021C1A70FB1C0A1C1A700F231D
:10105000FB1800221A70BB1D1A88CD235B009A4230
:101060001ED17B1D1B785A1E20257B19197812482A
:101070001300DB009B1ADB00C3185C5C7B1D1B7834
:101080005A1E7B191B78591C0B481300DB009B1A56
:10109000DB00C3185B5C1900200000F019FB04E0C2
:1010A0000F23FB1801221A70C0460F23FB181B7870
:1010B0001800BD4604B0B0BDB00A002080B582B0B3
:1010C00000AF78607B681B68124A934201D101230C
:1010D0001CE07B681B68104A934201D1022315E093
:1010E0007B681B680D4A934201D103230EE07B68A5
:1010F0001B680B4A934201D1042307E07B681B68FD
:10110000084A934201D1052300E000231800BD46A0
:1011100002B080BD003C0140004400400048004057
:10112000003801400050004080B500AF054B18006A
:1011300007F0CAFE044B180007F0C6FEC046BD46C5
:1011400080BDC0466C330408D8330408F0B585B0C0
:1011500000AF02003960FB1D1A700F217B180022BE
:101160001A70FB1D1B78012B18D10C26BB1900220D
:101170001A800D007C18BB19180000F08FFA0300CC
:1011800023707B191B78002B0DD1BB191B8818000D
:10119000EFF710FF021C3B681A6004E00F23FB18F6
:1011A00002221A7000E0C0460F23FB181B781800BB
:1011B000BD4605B0F0BD0000B0B588B002AF7860A4
:1011C0001723FB1800221A7016257C1900F048F826
:1011D000030023707B191B78002BF5D1184B1B786B
:1011E000022B21D1174B1868174B1978174B1C7815
:1011F000174B1D78174B0193174A6B4612881A80BC
:101200002B00220012F01EFA031E04D11723FB1834
:1012100000221A7003E01723FB18FF221A700D4BEF
:101220001A890E4B1A8000E0C0460BF0E3F8030069
:101230003B610F23FB1800221A7008F071F9CDE70B
:10124000B82F0020C4010020C8010020C9010020DF
:10125000E0540020E8540020E454002064550020AD
:1012600080B582B000AFFB1D00221A700C4B1B68CA
:10127000180012F0C5FF031E03D1FB1D00221A70D7
:1012800002E0FB1DFF221A70064B00221A70054B6C
:1012900000225A70FB1D1B781800BD4602B080BDAD
:1012A000C4010020E454002080B584B002AF78600F
:1012B000264B1B685A1C254B1A60254B1B78012BAB
:1012C0001ED1224B1A68234B1B689A4203D9214B2B
:1012D0001B68002B08D1204B1A78204B1B78190073
:1012E000100000F0F5F92DE078680023009300234A
:1012F000002203210AF032FD144B00221A6021E083
:10130000134B1B78022B1DD1104B1A68144B1B6812
:101310009A4203D9124B1B68002B07D1114B1B7843
:10132000114A1100180000F0FDF80BE07868002366
:1013300000930023002203210AF010FD034B00223A
:101340001A60FFE7C046BD4602B080BD6C55002064
:101350006955002070550020675500206855002011
:10136000745500206A550020E5140108B0B58AB014
:1013700002AFF860B9607A601623FB1800221A7079
:101380000023FB61F968B868EEF7E4FE03003B61F7
:101390003B69632B01D8022393E04C4B1B78012B54
:1013A00016D14A4B00221A70494B1C78494B1D68D4
:1013B000484B1B681800EEF7B1FE03009AB20A23EF
:1013C0002900200003F036FE1623FB181B7878E076
:1013D0003A69BB689A4201D93B69BB603969B86810
:1013E000EEF7B8FE0300BB613B4B00221A701723D7
:1013F000FB1800221A7021E0354B1B785A1E172467
:101400003B191978354813005B009B189B01C318E2
:101410005B5C0D2B0CD12E4B1B785A1E3B19197897
:101420002E4813005B009B189B01C31800225A54DE
:1014300017217B181A787B1801321A701723FB18B2
:101440001B78BF2BD8D922E007F0F4FD0300FB6125
:10145000FA697B686421100098471D4B1C78FB6972
:101460001800EEF75BFE03009AB2FA235800F96900
:1014700001235B4200930300200003F085FDBA695D
:101480003B691100180000F085F8031E08D1BB6904
:101490005A1EBA61002BD7DCBB680133D4D000E000
:1014A000C04699239A00FB69002118002AF006FC27
:1014B0000B4AFB69110018002AF080FB1623FB1869
:1014C0001B781800BD4608B0B0BDC0466B55002063
:1014D000980A0020D801002066550020181E002020
:1014E0002434040890B585B000AF786039600E23CD
:1014F000FB1800221A800E243B19180000F0CEF8C9
:101500002200BB181B88002BF5D0BB181B88044A8F
:10151000396878682AF01CFBC046BD4605B090BD0E
:1015200028340408F0B5A1B002AF02003960FB1DF9
:101530001A707726BB1900221A7000233B6700231C
:10154000FB6608257B19180064231A0000212AF085
:10155000B5FB07F06FFD03003B677A193B68642118
:10156000100098477B191800EEF7D8FD03009AB2D7
:10157000FA235C007919FB1D187801235B42009364
:10158000230003F001FDBB191B781800BD461FB0F6
:10159000F0BD000090B587B000AF7860396064237B
:1015A000FB60F9687868EEF7D5FD03007B617B6826
:1015B000F9681800EEF754FE0B00BB604AE0FA68C9
:1015C00013005B019B1A9B009B18DB001A00FA2397
:1015D00099001000EEF7BEFD0300180009F028F88E
:1015E0001323FB1800221A7029E0284B1B785A1E7F
:1015F00013243B191978264813005B009B189B01A4
:10160000C3185B5C0D2B14D13B68002B11DD1F4B05
:101610001B785A1E3B1919781D4813005B009B1854
:101620009B01C31800225A541A4B01221A7003233B
:1016300027E013217B181A787B1801321A701323C4
:10164000FB181B78BF2BD0D9134B1B78002B01D074
:10165000032316E07B695A1E7A61002BAFDCBA685F
:1016600013005B019B1A9B009B18DB001A00FA23F6
:1016700099001000EEF76EFD0300180008F0D8FF87
:1016800000231800BD4607B090BDC046980A002050
:10169000181E00206B5500206655002080B584B0D0
:1016A00000AF78600F217B1800221A70064B0222CF
:1016B0001A70064B1A887B681A807B181B781800F2
:1016C000BD4604B080BDC046B82F00206455002040
:1016D000B0B584B000AF0200FB1D1A70BB1D0A1C20
:1016E0001A700F23FB1800221A70BB1D1B78002BE9
:1016F00007D1324B1B78FA1D12789A4201D102238E
:1017000058E00C257B1900221A800F23FC187B1946
:101710001800FFF7C3FF03002370284B1B78FA1D46
:1017200012789A4213D17B191B88DAB2244B1A70B3
:101730007B191B881B0A9BB2DAB2214B5A702049D5
:10174000BB1D18780A23022203F074FC29E01D4B0C
:1017500003221A700F23FB181B78002B01D10022E3
:1017600000E0FF22174B5A70164B01229A70154B5E
:101770009A22DA70134B01221A710C217B181B88F4
:10178000DAB2104B5A717B181B881B0A9BB2DAB273
:101790000C4B9A71FB1D1B7807222E211800F9F7BC
:1017A00065FE074B0622002118002AF087FA0F2356
:1017B000FB181B781800BD4604B0B0BDF41A002019
:1017C0007C550020C80B002090B589B002AFBA60EC
:1017D0007B600F23FB18021C1A700E23FB180A1CD7
:1017E0001A701723FB1800221A7000233B612D4B3F
:1017F0001B68002B05D07B68002B02D0BB68002B38
:1018000001D1FF2349E0284B01221A70274B0F22F8
:10181000BA1812781A70264B0E22BA1812781A705B
:10182000244BBA681A60B9687868EEF793FC030035
:101830003B611C4B1B6818000AF03EFD031E0CD0D8
:10184000184B1868642300930023002203210AF038
:1018500085FA031E01D1FF231FE0124B1C6809F01B
:10186000DBF80200642300930023012120000AF02A
:1018700075FA031E01D1FF230FE00A4B18683A697D
:1018800064230093002304210AF068FA031E01D1A7
:10189000FF2302E01723FB181B781800BD4607B092
:1018A00090BDC046B02F002069550020675500202C
:1018B000685500207055002080B588B000AFF860F2
:1018C000B9607A601D4BFB610023BB6100237B6123
:1018D000FB6800221A701423FA187B680121180093
:1018E00007F0B0FB0300BB61BB69002B07D1144AB2
:1018F000B968FB6818002AF02BF900231AE0FB698D
:101900001800EEF70BFC0200F969BB6918002AF019
:10191000F8F9031E07D10B4B1B780B4A1100180076
:10192000FFF700FE05E0064AB968FB6818002AF0D8
:101930000FF900231800BD4608B080BD2C33040801
:1019400038340408980A0020E514010880B58CB0EA
:1019500000AFF860B9607A603B600023FB6200234F
:10196000BB620023FB610023BB6100237B62002379
:101970003B6200237B6100233B617A68FB680121A5
:10198000180007F05FFB0200BB681A601C23FA18FE
:10199000FB680221180007F055FB0300FB621823C7
:1019A000FA18FB680321180007F04CFB0300BB6228
:1019B000BB681B68002B05D0FB6A002B02D0BB6AFA
:1019C000002B01D1002348E0FB6A180028F033FD0A
:1019D00003001A00BB6B1A60BB6A180028F02BFDCD
:1019E00003001A00FB6B1A603B6801221A70142373
:1019F000FA18FB680421180007F024FB03007B623F
:101A00001023FA18FB680521180007F01BFB0300E0
:101A10003B623B6A002B04D17B6A002B01D101237E
:101A20001BE03B6A002B02D07B6A002B01D1002314
:101A300013E07B6A180028F0FEFC0300DAB23B6C6E
:101A40001A703B6A180028F0F6FC0300DAB27B6CCF
:101A50001A703B6800221A7001231800BD460CB0B2
:101A600080BD0000F0B58FB004AFF860B9607A6057
:101A7000374B7B6200233B620023FB611B257B19F4
:101A800000221A701A26BB1900221A7019217B181D
:101A900001221A7000237B6100233B61FB68002256
:101AA0001A707C181023FA181423F9187868BB19D7
:101AB00003937B1902931C23FB1801932023FB182B
:101AC00000932300FFF742FF03001A000123534055
:101AD000DBB2002B07D01F4AB968FB6818002AF058
:101AE00037F8002330E07C697B6A1800EEF716FBBC
:101AF00002007B6A190020002AF003F9031E16D1A8
:101B00001923FB181B78002B06D03B6AF969124A8F
:101B10001800FFF72BFC10E01A23FB1818781B2382
:101B2000FB1819783A6AFB69FFF74EFE05E0094A8F
:101B3000B968FB6818002AF00BF8084AB968FB6816
:101B400018002AF005F800231800BD460BB0F0BDC0
:101B50002C33040838340408E5140108243404083C
:101B600080B582B000AF1A4B9A6B194B01210A4322
:101B70009A63174B9B6B012213407B607B68144B6D
:101B80009A6B134B02210A439A63114B9B6B0222FF
:101B900013403B603B680022002109200BF0EAFD66
:101BA00009200BF0FCFD002200210A200BF0E2FDD1
:101BB0000A200BF0F4FD002200210B200BF0DAFDCF
:101BC0000B200BF0ECFDC046BD4602B080BDC04608
:101BD0000010024080B582B000AFFB1D00221A70D9
:101BE000324B5B78002B0ED1314B1A68314B110010
:101BF000180000F069F8031E05D0FB1DFF221A70C3
:101C0000FB1D1B784DE0294B9B78002B0ED1284BF8
:101C10005A68294B1100180000F056F8031E05D031
:101C2000FB1DFF221A70FB1D1B783AE01F4BDB786F
:101C3000002B0ED11E4B9A68204B1100180000F0AB
:101C400043F8031E05D0FB1DFF221A70FB1D1B78F5
:101C500027E0164B1B79002B0ED1154BDA68184B79
:101C60001100180000F030F8031E05D0FB1DFF2204
:101C70001A70FB1D1B7814E00C4B5B79002B0ED106
:101C80000B4B1A690F4B1100180000F01DF8031ED2
:101C900005D0FB1DFF221A70FB1D1B7801E0FB1D08
:101CA0001B781800BD4602B080BDC046A80A0020BF
:101CB000D45500201C2F0020CC2C0020602D0020AB
:101CC000382C0020882E002090B585B000AF7860B9
:101CD00039600F243B1900221A707B681800FFF747
:101CE000EDF903005A1E13005B009B189B010F4A7D
:101CF00099187B68C022180011F078FB031E05D0EC
:101D00003B19FF221A703B191B780AE03B681B68DD
:101D10001A683B681B6804218A431A600F23FB186A
:101D20001B781800BD4605B090BDC046181E0020A7
:101D3000F0B587B000AFF860B960BB1D1A801725F9
:101D40007B1900221A701626BC19FB681800FFF7D1
:101D5000B5F9030023701523FC18BB681800FFF7C2
:101D6000ADF903002370BB191B785A1E314B92004A
:101D7000D3583B611523FB181B78002B37D1FB6828
:101D80001800FFF79BF90300013B2B4A0021D154B7
:101D9000FB681800FFF792F90300013B5A02274B3A
:101DA000D318802292000021180029F087FFFB68D9
:101DB0001800FFF783F90300013B5A021F4BD118AB
:101DC000BB1D1A88FB68180011F010FB031E05D01C
:101DD0007B19FF221A707B191B7826E03B691B6870
:101DE0001A683B691B6804218A431A601AE0BB68C1
:101DF0001B6828331900BB1D1A88FB68180011F0F6
:101E0000F5FA031E06D017217B18FF221A707B18E3
:101E10001B780AE03B691B681A683B691B68042150
:101E20008A431A601723FB181B781800BD4607B0B9
:101E3000F0BDC046D4550020BC290020F80B00207E
:101E400090B587B000AF0200FB1D1A7017243B1934
:101E500000221A70FB1D1B78180003F04BF90300D9
:101E60003B61FB1D1B785A1E174B9200D358FB6039
:101E70003B6918000FF00AFC031E05D03B19FF2236
:101E80001A703B191B781AE0FB681B6800225A6025
:101E9000FB1D1B780D4AD35C022B0DD1FB1D1B785B
:101EA0005A1E0B4B92000021D150FB1D1B785A1E6D
:101EB000084B92000021D1501723FB181B78180003
:101EC000BD4607B090BDC046D4550020A80A0020EA
:101ED000EC2100200022002090B585B000AF020068
:101EE000FB1D1A700F243B1900221A70FB1D1B7872
:101EF0001800FFF7A5FF031E05D03B19FF221A703B
:101F00003B191B780DE0FB1D1B78180003F0F2F85D
:101F10000300BB60BB68180002F09EFD0F23FB1896
:101F20001B781800BD4605B090BD000090B585B087
:101F300000AF0200FB1D1A700F243B1900221A701B
:101F4000FB1D1B781800FFF77BFF031E05D03B1914
:101F5000FF221A703B191B7840E0FB1D1B7818000C
:101F600003F0C8F80300BB60BB68180002F074FD02
:101F7000FB1D1B785A1E1B4B9200D3589B6A1800FE
:101F8000FFF79CF803001A00174B00219954FB1D22
:101F90001B785A1E154B92000021D150FB1D1B7857
:101FA000013B134A0021D154FB1D1B78180003F09C
:101FB000A1F8FB1D1B785A1E0A4B9200D35819003A
:101FC000FFF782FE031E06D00F217B18FF221A7036
:101FD0007B181B7802E00F23FB181B781800BD4606
:101FE00005B090BDD4550020A80A0020D8210020BB
:101FF000BC29002080B500AF0D4B0E4A1A600C4B77
:102000001022DA600A4B00225A71094B00221A7121
:10201000074B00225A61064B00229A61044B0322AF
:102020001A62034B18000BF0D7FBC046BD4680BDBB
:10203000EC5500200030024080B584B000AF7860DD
:10204000084B9A6B074B802149010A439A63054B61
:102050009A6B80235B011340FB60FB68C046BD4662
:1020600004B080BD0010024080B586B000AF78603B
:102070000A00BB1C1A800823FB1800221A607B6828
:10208000002B00D192E0BB1C1B88002B00D18DE0FF
:10209000BB1C1B88032B33D81623FB1800221A7095
:1020A00000233B611BE01622BB181B78BA18591C91
:1020B00011701A007B689B1819780823FA183B697D
:1020C000D3180A1C1A70BB1CBA1C1288013A1A8059
:1020D000BB1C1B88002B06D03B6901333B613B696D
:1020E000032BE0DD00E0C0460823F918324B012243
:1020F00018000BF01EFC02001723FB181A7051E0A9
:10210000BB1C1B889B089BB21A0079682A4B1800DD
:102110000BF00FFC02001723FB181A70BB1C1B8866
:10212000032213409BB2002B3CD0BB1C1B88DAB2AD
:102130001623FB1803218A431A70BB1CBA1C128891
:1021400003210A401A800023FB601BE01622BB1803
:102150001B78BA18591C11701A007B689B181978E3
:102160000823FA18FB68D3180A1C1A70BB1CBA1C87
:102170001288013A1A80BB1C1B88002B06D0FB6812
:102180000133FB60FB68032BE0DD00E0C046082361
:10219000F918094B012218000BF084FB02001723E9
:1021A000FB181A701723FB181B7800E00023180097
:1021B000BD4606B080BDC046EC55002080B500AFDE
:1021C000BFF34F8FC046044B044ADA60BFF34F8F12
:1021D000C046C046FDE7C04600ED00E00400FA0539
:1021E00090B583B000AFFB1D00221A703B1D00228A
:1021F0001A800CF0EDF83C1D002003F0BFF903003D
:1022000023803B1D1B88022B07D03B1D1B880A2BFC
:1022100003D03B1D1B880C2B05D100F066F80CF099
:10222000FBF8FFF7CBFF0CF0F7F8FB1D1B7818004D
:10223000BD4603B090BD90B585B000AF02003960D7
:10224000BB1D1A800F243B1900221A703A68BB1D6F
:102250001B881100180004F01FFF031E05D03B1956
:102260000A221A703B191B7802E00F23FB181B7817
:102270001800BD4605B090BDB0B584B000AF0200F7
:10228000BB1D1A803B1D0A1C1A800F23FB1800225D
:102290001A700C257B1900221A800CF099F87C1911
:1022A0003B1D1A88BB1D1B881100180004F024FF79
:1022B000030023807B191A8880235B009A4202D195
:1022C00004F03EFF08E00C23FB181B88002B03D012
:1022D0000CF0A2F80A2304E00CF09EF80F23FB1880
:1022E0001B781800BD4604B0B0BD80B582B000AF09
:1022F000FB1D00221A700CF06BF8002004F078FD32
:10230000031E07D00CF088F8FB1D0A221A70FB1D73
:102310001B7803E00CF080F8FB1D1B781800BD460D
:1023200002B080BD80B500AF074B1B68074A9342DF
:1023300006D0FFF7DAFF031E02D1034B034A1A60EF
:10234000C046BD4680BDC046F07F0020ADDEEFBE7A
:1023500080B586B000AF224B5A6B214B04210A4353
:102360005A631F4B5B6B042213407B617B691C4BE0
:102370005A6B1B4B01210A435A63194B5B6B0122B9
:1023800013403B613B69164B5A6B154B08210A43BE
:102390005A63134B5B6B08221340FB60FB68104BC6
:1023A0005A6B0F4B02210A435A630D4B5B6B02229F
:1023B0001340BB60BB680A4B5A6B094B20210A4390
:1023C0005A63074B5B6B202213407B607B6800F0F5
:1023D00009F800F023F8C046BD4606B080BDC046EF
:1023E0000010024080B586B000AF3B1D8022520134
:1023F0001A603B1D01225A603B1D00229A603B1D62
:102400000222DA603B1D044A190010000CF044F966
:10241000C046BD4606B080BD0004005080B586B001
:1024200000AF3B1D20221A603B1D01225A603B1D5C
:1024300000229A603B1D0022DA603A1DA023DB05D2
:10244000110018000CF028F93B1D02221A603B1DF8
:10245000882252035A603B1D00229A603B1D044AA9
:10246000190010000CF018F9C046BD4606B080BD3A
:1024700000040050F0B593B002AF534B5A6B524B6F
:1024800001210A435A63504B5B6B012213403B61AD
:102490003B694D4B5A6B4C4B02210A435A634A4BE2
:1024A0005B6B02221340FB60FB68474B5A6B464B49
:1024B00004210A435A63444B5B6B04221340BB6004
:1024C000BB68414B5A6B404B08210A435A633E4B51
:1024D0005B6B082213407B607B682423F8181A2565
:1024E0007A192823F9181823FB18009303000120F8
:1024F00000F06EF81C23F8181623FA182023F91898
:102500001426BB1900930300052000F061F82C216C
:102510007B1801225A607B1800229A607B191B8865
:102520001A007B181A60BB6A1A000C007B1819008D
:1025300010000CF0B1F821007B1800225A607B18C3
:1025400002229A60BB191B881A007B181A60FB696B
:102550001A007B18190010000CF09EF8BB6A1800D6
:102560007B191B88002219000CF01FFA052002F0CD
:1025700035F9FB691A00BB191B88190010000CF013
:10258000F7F9031E17D1BB6A18007B191B880122BB
:1025900019000CF00AFA052002F020F9FB691A0074
:1025A000BB191B88190010000CF0E2F90300012B85
:1025B00001D1012304E0054B012252421A6000239D
:1025C0001800BD4611B0F0BD00100240F07F0020A1
:1025D00080B586B000AFB9607A603B600F217B1890
:1025E000021C1A701723FB1800221A707B181B7824
:1025F000180002F07FFD03003B613A69344B9A42B8
:1026000010D1BB68A022D2051A607B68802292009C
:102610001A803B68A022D2051A603B6A8022D20051
:102620001A804DE03A692B4B9A420ED1BB68A0222A
:10263000D2051A607B6804221A803B68A022D2056A
:102640001A603B6A08221A803AE03A69224B9A42A1
:102650000ED1BB68214A1A607B688022D2001A80A2
:102660003B681E4A1A603B6A802212011A8027E0EA
:102670003A691B4B9A420CD1BB681A4A1A607B68B4
:1026800008221A803B68174A1A603B6A04221A80A3
:1026900016E03A69144B9A420ED1BB680F4A1A6091
:1026A0007B68802252001A803B680C4A1A603B6AA1
:1026B000802292001A8003E01723FB18FF221A7071
:1026C0001723FB181B781800BD4606B080BDC04616
:1026D000382C0020CC2C0020602D0020000400505D
:1026E000882E0020000C00501C2F002080B500AF69
:1026F00000F004F8C046BD4680BD000080B500AFC4
:10270000154B164A1A60144B154A5A60124B002298
:102710009A60114B0122DA600F4B00221A610E4BB6
:1027200000225A610C4B00229A610B4B0022DA61A5
:10273000094B00221A62084B18000CF0ADF9064B49
:10274000002118000CF05CFF034B002118000CF076
:10275000A3FFC046BD4680BD605600200058004023
:10276000B57DB110B0B59CB000AF78605C243B196A
:10277000180014231A00002129F0A0FA10257B1953
:1027800018004C231A00002129F098FA7B681B6876
:10279000204A93423AD17B1940221A607B190022C9
:1027A000DA617B1918000DF0ADFD1B4B5A6B1A4B0B
:1027B00002210A435A63184B5B6B02221340FB60F1
:1027C000FB683B19C022D2011A6021007B1812223B
:1027D0005A607B1800229A607B180022DA607B180E
:1027E00006221A617B180D4A190010000BF054FFE5
:1027F000094BDA6B084B8021C9030A43DA63064BA5
:10280000DA6B8023DB031340BB60BB68C046BD4668
:102810001CB0B0BD00580040001002400004005041
:1028200080B500AF1D4B1E4A1A601C4B8022120659
:102830005A601A4B00229A60184B0022DA60174B3C
:10284000802212061A61154B04225A61134B002292
:102850001A76124B00225A76104B01229A760F4BB1
:102860002022002199540D4B00225A620B4B00226A
:102870009A620A4B2C2200219954084B00221A63B9
:10288000064B180009F066FF031E01D000F062F845
:10289000044B01221A70C046BD4680BD745700200B
:1028A000002401405657002090B58BB000AF7860EF
:1028B00014243B19180014231A00002129F0FEF9F2
:1028C000214B1A6C204B802149030A431A641E4B8A
:1028D0001A6C80235B0313403B613B691A4B5A6BB4
:1028E000194B01210A435A63174B5B6B01221340BA
:1028F000FB60FB68154B1B78012B10D13B190C2298
:102900001A603B1903225A603B1900229A603A1957
:10291000A023DB05110018000BF0BEFE10E014210F
:102920007B18C02212011A607B1803225A607B18A0
:1029300000229A607B18064A190010000BF0ACFECA
:10294000C046BD460BB090BD001002405457002059
:102950000004005080B500AF642009F055FDC0466A
:10296000BD4680BD80B582B000AF78600A00FB1C18
:102970001A707B681B68174A934205D1FB1C1B78B1
:10298000002B01D1144B20E07B681B68114A934255
:1029900005D1FB1C1B78012B01D1104B15E07B6886
:1029A0001B680F4A934205D1FB1C1B78002B01D1F9
:1029B0000C4B0AE07B681B68094A934205D1FB1C5B
:1029C0001B78012B01D1084BFFE71800BD4602B070
:1029D00080BDC04600440040040000080800000C10
:1029E000004800400008002C0080003C80B582B008
:1029F00000AF0200FB1D1A70BB1D0A1C1A70FB1DE4
:102A00001B78032B07D1BB1D1B78002B03D1164B62
:102A100000221A7022E0FB1D1B78032B07D1BB1D7F
:102A20001B78012B03D1104B01221A7016E0FB1DFD
:102A30001B78022B07D1BB1D1B78002B03D10A4B3F
:102A400002221A700AE0FB1D1B78022B06D1BB1D67
:102A50001B78012B02D1044B03221A70024B1B7806
:102A60001800BD4602B080BD5757002090B587B012
:102A700002AF0F23FB1800221A700E23FB1800224E
:102A80001A700D23FB1801221A705AE20D203B1810
:102A90001A78C04913005B009B18CB1801331B78D0
:102AA000002B00D147E2BC4B1B7801225340DBB224
:102AB000002B07D03B181A78B64913005B009B180F
:102AC00000225A543C1DBA1C0823F9180D23FB1888
:102AD00018783B0000932300FFF77AFDBB681800CD
:102AE000BB1C1B88002219000BF05FFF0A2001F0BD
:102AF00051FE7B681A003B001B88190010000BF088
:102B000037FF031E16D1BB681800BB1C1B880122AF
:102B100019000BF04AFF0A2001F03CFE7B681A0006
:102B20003B001B880F217C18190010000BF020FFC0
:102B300003002370BB681800BB1C1B88002219000F
:102B40000BF033FF0D23FB181A78924913005B003A
:102B50009B18CB1801331B78012B02D0022B14D009
:102B60002AE00F23FB181B78012B04D10E23FB183E
:102B700004221A701DE00F23FB181B78002B18D1BC
:102B80000E23FB1803221A7013E00F23FB181B7887
:102B9000012B04D10E23FB1804221A700BE00F2323
:102BA000FB181B78002B06D10E23FB1803221A708A
:102BB00001E0C04600E0C0460E22BB181B78042B83
:102BC00003D0BB181B78022B19D10D217B181A7862
:102BD000724B9200D358724A934209D87B181B78E3
:102BE0006E4A99008A58511C6C4A9B00995006E025
:102BF0000D23FB181A78694B92000021D1500E2248
:102C0000BB181B78032B03D0BB181B78012B40D1BA
:102C10000D217B181A78634B9200D358604A934277
:102C200009D87B181B785F4A99008A58511C5D4A65
:102C30009B00995006E00D23FB181A78594B92001F
:102C40000021D150584B1B78022B11D10D217B183C
:102C50001B78564AD25C564B5B799A4208D87B184F
:102C60001B78524AD25C0132D1B2504AD15410E0A2
:102C70000D217B181B784D4AD25C4D4B5B799A42F3
:102C800007D9494B00221A707B181B78474A00214C
:102C9000D1540D217B181A78404B9200D358444AE6
:102CA0001288934200D286E07B181A783B4B920040
:102CB000D3583F4A1288934208D17B181B78374A71
:102CC00099008A58511C354A9B0099500D217B1858
:102CD0001A78344B9200D358354A1288934205D95A
:102CE0007B181A782F4B92000021D1500D217B18B0
:102CF0001A782A4B9200D3582D4A528893422ED9E3
:102D00007B181A78254B9200D258FA235B009A421E
:102D100025D2254B1B78002B03D1234B01221A709F
:102D200048E0214B1B78022B44D10D217B181B78E6
:102D30001E4AD25C1E4B1B799A423BD97B181B78EA
:102D40001A4AD25C1A4B5B799A4233D2164B032251
:102D50001A707B181B78154A0021D1542AE00D21E6
:102D60007B181A780D4B9200D258FA235B009A42D6
:102D700021D37B181A78094B9200D358084A934202
:102D800019D8094B1B78002B15D0074B00221A705D
:102D900011E0C04640570020045700201057002083
:102DA000FEFF000028570020E457002008570020AD
:102DB000F81A0020C0460D217B181A78664B920045
:102DC000D358664A128893425DD37B181A78624BB7
:102DD0009200D358614A1288934211D108007B189F
:102DE0001A785F4913005B009B1807225A543B185E
:102DF0001B78594A99008A58511C574A9B00995090
:102E00000D217B181A78574B9200D358534A1288D9
:102E1000934205D97B181A78524B92000021D15069
:102E20000D217B181A784C4B9200D3584B4A52888C
:102E3000934228D97B181A78474B9200D258FA232C
:102E40005B009A421FD2484B1B78012B0BD17B1899
:102E50001A78434913005B009B1805225A54424BD1
:102E600002221A700FE0404B1B78032B0BD10D236D
:102E7000FB181A783A4913005B009B1806225A5433
:102E8000394B00221A700D23FB181A7834491300AD
:102E90005B009B185B5C072B05D047DC052B09D03A
:102EA000062B25D042E00D23FB181B78180000F0FC
:102EB0007DFD40E02D4B1B7801225340DBB2002BFF
:102EC00036D00D203B181A78254913005B009B185B
:102ED000CB1802331B781A000123134028D0234B50
:102EE00001221A703B181B78180000F069FD1FE0E2
:102EF0001E4B1B7801225340DBB2002B1AD00D2051
:102F00003B181A78164913005B009B18CB18023344
:102F10001B781A00022313400CD0144B01221A70A4
:102F20003B181B78180000F055FD03E0C04602E096
:102F3000C04600E0C0460D217B181A787B1801328C
:102F40001A700D23FB181B78052B00D89EE5C04690
:102F5000C046BD4605B090BD28570020F81A002095
:102F60004057002010570020E4570020045700204D
:102F7000F0B58FB002AF0200FB1D1A70BB1D0A1C1A
:102F80001A702F23FB1800221A702E23FB18002220
:102F90001A708E4B1B78002B0FD0BB1D1A788C4BF0
:102FA0009200D358180005F051FFBB1D1A78894BC9
:102FB0009200D358180005F049FFBB1D1B78864AC4
:102FC0000421D154814B1B78002B08D0BB1D1B78EA
:102FD000180002F08FF8030018000EF0C3F9102358
:102FE000FC180E257A191423F918BB1D18780C2625
:102FF000BB1900932300FFF7EBFA7B191B881A001B
:1030000018243B191A603B1901225A603B1900220F
:103010009A603B190022DA607B691A003B1919009B
:1030200010000BF039FBBB191B881A003B191A6002
:103030003B1900225A603B1902229A603B691A0030
:103040003B19190010000BF027FBBB1D1A786349D0
:1030500013005B009B18CB180133FA1D12781A700D
:10306000BB1D1B783A339BB29B009BB20A243A19D2
:1030700011001800FFF7DFF803001A002C217B185D
:103080001A807B181B88002B59D13B191B881B0AFF
:103090009AB22E217B181A707B181B781B09DBB2A1
:1030A000BA1D12789A4209D17B181B780F221A4058
:1030B000FB1D1B789A4201D1002383E0BB1D1B78C6
:1030C0001BB21B031AB2FB1D1B781BB21B021BB2E7
:1030D00013431BB29AB20A217B181A80BB1D1B78BE
:1030E0003A339BB29B009AB27B181B8819001000E0
:1030F000FFF7C2F8BB1D1B783A339BB29B009BB213
:1031000001339BB200211800FFF7B6F8BB1D1B78F6
:103110003A339BB29B009BB202339BB20021180052
:10312000FFF7AAF8BB1D1B783A339BB29B009BB2FA
:1031300003339BB200211800FFF79EF83FE0BB1D50
:103140001B781BB21B031AB2FB1D1B781BB21B02A0
:103150001BB213431BB29AB20A217B181A80BB1D03
:103160001B783A339BB29B009AB27B181B881900DC
:103170001000FFF781F8BB1D1B783A339BB29B0010
:103180009BB201339BB200211800FFF775F8BB1DFD
:103190001B783A339BB29B009BB202339BB2002157
:1031A0001800FFF769F8BB1D1B783A339BB29B00F0
:1031B0009BB203339BB200211800FFF75DF82F2369
:1031C000FB181B781800BD460DB0F0BD9B0A00200F
:1031D00098220020B4220020A80A00204057002096
:1031E00080B586B000AF0200FB1D1A701723FB18D4
:1031F00000221A70FB1D1A78554913005B009B18BA
:10320000CB18013300221A70FB1D1A7850491300A5
:103210005B009B1800225A54FB1D1A784C4913007E
:103220005B009B18CB18023300221A70FB1D1B7821
:103230003A339BB29B009BB20E22BA1811001800C1
:10324000FEF7F9FF03001A0014217B181A807B187F
:103250001B88002B2DD1FB1D1B783A339BB29B00A2
:103260009BB200211800FFF707F8FB1D1B783A33CB
:103270009BB29B009BB201339BB200211800FEF76A
:10328000FBFFFB1D1B783A339BB29B009BB20233C2
:103290009BB200211800FEF7EFFFFB1D1B783A33AD
:1032A0009BB29B009BB203339BB200211800FEF738
:1032B000E3FFFB1D1B78180001F01CFF03003B61BE
:1032C0003B691B68234A934202D101F0ABFA28E024
:1032D0003B691B68204A934202D101F0E1FA20E0E9
:1032E0003B691B681D4A934202D101F017FB18E0AD
:1032F0003B691B681A4A934213D03B691B68194A01
:10330000934202D101F048FB0BE03B691B68164A6F
:10331000934202D101F070FB03E01723FB18FF2258
:103320001A70FB1D1B78114A0021D154FB1D1B781C
:103330005A1E0F4B9200D2583B6911001800FEF73D
:10334000C3FC1723FB181B781800BD4606B080BDD0
:103350004057002000380140004400400048004031
:10336000004C004000500040003C0140A80A0020F2
:10337000D4550020B0B584B000AF0400080011009F
:10338000FB1D221C1A70BB1D021C1A707B1D0A1C1F
:103390001A700F23FB1800221A70FB1D1A7862495D
:1033A00013005B009B18CB1801331B78002B01D155
:1033B0000B23B5E07B1D1B78012B07D07B1D1B78F1
:1033C000002B19D1BB1D1B78052B15D1FB1D1A78BD
:1033D000554913005B009B18CB1802331B78FA1D6C
:1033E000127801210B43D8B24F4913005B009B18A0
:1033F000CB180233021C1A707B1D1B78012B07D0DF
:103400007B1D1B78002B19D1BB1D1B78062B15D1FA
:10341000FB1D1A78444913005B009B18CB1802333C
:103420001B78FA1D127802210B43D8B23E491300D3
:103430005B009B18CB180233021C1A707B1D1B7893
:10344000012B07D07B1D1B78002B19D1BB1D1B78CE
:10345000072B15D1FB1D1A78334913005B009B180D
:10346000CB1802331B78FA1D127803210B43D8B214
:103470002D4913005B009B18CB180233021C1A70F5
:10348000FB1D1B783A339BB29B009BB208243A1970
:1034900011001800FEF7CFFE03001A000C217B1864
:1034A0001A807B181B88002B35D13B191B881B0AFF
:1034B0009AB20B257B191A703B191B88D9B2FB1DD8
:1034C0001A78194813005B009B18C31802331B7845
:1034D000994222D07B191B781BB21B0219B2FB1D2B
:1034E0001A78114813005B009B18C31802331B782D
:1034F0001BB20B431BB29AB23B191A80FB1D1B78FF
:103500003A339BB29B009AB23B191B8819001000FA
:10351000FEF7B2FE01E00B2302E00F23FB181B783D
:103520001800BD4604B0B0BD4057002080B584B03F
:1035300000AF0200FB1D1A700F23FB1800221A7047
:10354000FB1D1B78022B03D0FB1D1B78032B22D104
:10355000FB1D1B78022B03D1164B01221A7002E0CF
:10356000144B01225A70FB1D1B78180001F0C2FD9C
:10357000030018000DF0F6FEFB1D1B780E4A062115
:10358000D1540E4B1B78002B0CD1FFF749F90C4B93
:1035900000221A7006E00F217B1819221A707B187E
:1035A0001B7802E00F23FB181B781800BD4604B0FF
:1035B00080BDC04654570020A80A0020565700205E
:1035C0007057002080B586B000AF3A60FB1D021C2A
:1035D0001A70BB1D0A1C1A700F23FB1800221A70E8
:1035E0001723FB1800221A7000233B61FB1D1B7878
:1035F000022B04D0FB1D1B78032B00D09CE0514B09
:103600001B78012B00D07FE0FB1D1B78180001F018
:1036100071FD0200BB1D1B7819001000FFF7A2F915
:1036200003009AB2484B1A80BB1D1A78FB1D1B7809
:1036300011001800FFF7DAF903001A00434B1A7063
:10364000414B1B881A00424B1A60414B01225A60C1
:103650003F4B06229A603E4A3E4B1100180009F08B
:103660004BFB3C4B180009F0DDFE28E0394B1800FD
:1036700009F018FA374B6421180009F09DFA354B10
:10368000180009F02DFB0100304B1B781A0089B29D
:10369000314B5200D1522F4B180009F051FA2B4BED
:1036A0001B781A002C4B5200D35A1A003B699B1806
:1036B0003B6117217B181A787B1801321A70172288
:1036C000BB181B78092BD1D9BB181B781900386996
:1036D000ECF740FD030019001C4B1B781A0089B25F
:1036E0001D4B5200D152184B1B881A00184B1A6000
:1036F000174B02225A60164B06229A60144A154B49
:103700001100180009F0F8FA104B1B781A00124B40
:103710005200D35A1A00114B534311491800ECF7C9
:10372000A3FD03001800EDF7F5FB021C3B681A60CF
:103730000F23FB181B7800E019231800BD4606B0C4
:1037400080BDC046565700205857002057570020CC
:10375000D8570020745700205C570020E40C00006C
:10376000FF0F0000B0B582B000AF78603960634BE6
:103770001B78002B04D1FFF753F8614B00221A701D
:10378000604B614A1A605F4B01225A605D4B022216
:103790009A605C4A5D4B1100180009F0ADFA5B4B72
:1037A000180009F07FF9594B6421180009F004FA58
:1037B000564B180009F094FA03009AB2544B1A8041
:1037C000534B1B881800EFF789FB524A524BEEF718
:1037D00037FC02000B001000190000224F4BEDF7E0
:1037E000F5FF02000B00100019004D4A4D4BEEF79B
:1037F0000DFF02000B00100019004B4A4B4BEDF778
:10380000E5FF02000B00100019000022484BEDF705
:1038100017FC02000B0010001900EFF7F9FB021C67
:103820007B681A60394B180009F08AF9354B364A23
:103830001A60344B02225A60324B02229A60314A9B
:10384000324B1100180009F057FA2E4B394A1A6012
:103850002C4B01225A602B4B06229A60294A2B4B93
:103860001100180009F048FA284B180009F01AF95D
:10387000264B6421180009F09FF9244B180009F029
:103880002FFA03009AB22C4B1A802C4B1B8818007D
:10389000EFF724FB1F4A204BEEF7D2FB02000B0090
:1038A00014001D00244B1B881800EFF717FB0200C3
:1038B0000B0020002900EDF789FF02000B0010002B
:1038C0001900EFF7A5FB021C3B681A600F4B1800AC
:1038D00009F036F90B4B174A1A600A4B02225A605C
:1038E000084B02229A60074A084B1100180009F0A1
:1038F00003FAC046BD4602B0B0BDC04656570020D0
:1039000070570020D8570020001000B074570020D6
:10391000645700206666666666660A4000FEAF4031
:103920008FC2F5285C8FF63F333333333333114086
:1039300000003940002000B466570020AA75FF1F20
:1039400090B585B000AF3A60FB1D021C1A70BB1D1C
:103950000A1C1A700F243B1900221A700023BB6046
:103960000823FA18BB1D1978FB1D1B781800FFF7F8
:1039700029FE031E10D1BB680A49181CEDF770F927
:10398000031C0949181CECF79DFF031C1A1C3B681B
:103990001A603B191B7800E019231800BD4605B0DA
:1039A00090BDC0460000C84200404E4580B582B080
:1039B00000AF0200FB1D1A70C046BD4602B080BDBC
:1039C00080B582B000AF0200FB1D1A70C046BD4634
:1039D00002B080BD80B582B000AF0200FB1D1A703E
:1039E000C046BD4602B080BD80B500AFBFF34F8F6B
:1039F000C046044B044ADA60BFF34F8FC046C0464E
:103A0000FDE7C04600ED00E00400FA0580B500AF18
:103A100008F0DEFC05F04CFAC046BD4680BD000053
:103A200080B584B002AF0B4B7B600B4B1878796884
:103A3000FF230093FF23112201F0A6FA064B18780A
:103A4000064B1968FF230093FF230F2201F09CFA15
:103A5000FFF7CAFF74340408980A0020DC01002034
:103A600080B584B000AF78600A00BB1C1A80144B8C
:103A7000BA1C12881A80134B1B780133DAB2114B2F
:103A80001A707B681800FDF719FB03001A000E4B33
:103A90009B5C022B10D00023FB600C4B1B680C229C
:103AA000BA181100180008F023F8FB68002B03D0A7
:103AB000074B802252051A60C046BD4604B080BD47
:103AC000385800203A580020A80A002090220020F0
:103AD00004ED00E080B58AB000AF00237B62264B86
:103AE00018000DF067FE244B1B681B6880221340F2
:103AF000802B36D1204B88229B58202B31D1EFF3DD
:103B000010837B607B683B620123BB60BB6883F3EF
:103B10001088C046184B1B681A68174B1B68802119
:103B20008A431A603B6AFB60FB6883F31088C046D7
:103B3000EFF310833B613B69FB6101237B617B6990
:103B400083F31088C0460C4B1B681A680A4B1B682D
:103B500040210A431A60FB69BB61BB6983F310888B
:103B6000C0467B6A002B03D0044B802252051A60AA
:103B7000C046BD460AB080BD382C002004ED00E0F0
:103B800080B58AB000AF00237B62264B18000DF091
:103B900011FE244B1B681B6880221340802B36D1FA
:103BA000204B88229B58202B31D1EFF310837B6070
:103BB0007B683B620123BB60BB6883F31088C0460F
:103BC000184B1B681A68174B1B6880218A431A60C0
:103BD0003B6AFB60FB6883F31088C046EFF31083F9
:103BE0003B613B69FB6101237B617B6983F3108847
:103BF000C0460C4B1B681A680A4B1B6840210A43DD
:103C00001A60FB69BB61BB6983F31088C0467B6A9D
:103C1000002B03D0044B802252051A60C046BD46DB
:103C20000AB080BDCC2C002004ED00E080B5A2B02D
:103C300000AF00238422BA1813608B4B18000DF0DC
:103C4000B9FD8A4B18000DF0B5FD894B18000DF039
:103C5000B1FD854B1B681B6880221340802B3AD135
:103C6000814B88229B58202B35D1EFF31083FB64C6
:103C7000FB6C80203A18136001233B653B6D83F396
:103C80001088C046784B1B681A68774B1B688021E8
:103C90008A431A603B181B687B657B6D83F3108831
:103CA000C046EFF31083BB65BB6DFB670123FB656B
:103CB000FB6D83F31088C0466B4B1B681A686A4B18
:103CC0001B6840210A431A60FB6F3B663B6E83F31F
:103CD0001088C046BBE0674B1B681B6880221340FE
:103CE000802B37D1634B88229B58202B32D1EFF3A6
:103CF00010837B637B6BBB670123BB63BB6B83F36D
:103D00001088C0465B4B1B681A685A4B1B688021A1
:103D10008A431A60BB6FFB63FB6B83F31088C0465A
:103D2000EFF310833B643B6C7B6701237B647B6C0C
:103D300083F31088C0464F4B1B681A684D4B1B68B5
:103D400040210A431A607B6FBB64BB6C83F310880D
:103D5000C0467CE0454B1B681B6880221340802BCB
:103D600037D1424B88229B58202B32D1EFF310835E
:103D7000FB61FB693B6701233B623B6A83F310886D
:103D8000C0463A4B1B681A68384B1B6880218A432F
:103D90001A603B6F7B627B6A83F31088C046EFF347
:103DA0001083BB62BB6AFB660123FB62FB6A83F381
:103DB0001088C0462D4B1B681A682C4B1B6840218D
:103DC0000A431A60FB6E3B633B6B83F31088C0466B
:103DD0003DE0274B1B681B6880221340802B36D1A7
:103DE000234B88229B58202B31D1EFF310837B602B
:103DF0007B68BB660123BB60BB6883F31088C04649
:103E00001B4B1B681A681A4B1B6880218A431A6077
:103E1000BB6EFB60FB6883F31088C046EFF3108332
:103E20003B613B697B6601237B617B6983F310887F
:103E3000C0460F4B1B681A680D4B1B6840210A4394
:103E40001A607B6EBB61BB6983F31088C046842314
:103E5000FB181B68002B03D0074B802252051A6009
:103E6000C046BD4622B080BD602D0020882E0020B7
:103E70001C2F0020F42D002004ED00E080B500AFE1
:103E8000054B1800FDF71AF903001800F6F706FDB8
:103E9000C046BD4680BDC046382C002080B500AF6E
:103EA000104B1B6810221340102B07D10E4B18002B
:103EB000FDF704F903001800F6F7F0FC094B1A6847
:103EC00080235B001A4080235B009A4207D1074B96
:103ED0001800FDF7F3F803001800F6F7DFFCC04602
:103EE000BD4680BD00000240CC2C0020602D00208B
:103EF00080B500AF124B1A6880235B021A40802302
:103F00005B029A4207D10F4B1800FDF7D7F8030068
:103F10001800F6F7C3FC0A4B1A6880235B031A40AB
:103F200080235B039A4207D1074B1800FDF7C6F8C0
:103F300003001800F6F7B2FCC046BD4680BDC0467F
:103F400000000240882E00201C2F002080B584B085
:103F500000AF78600023FB600C4B1B78002B02D174
:103F60000A4B01221A707B681800FDF7A7F80300BE
:103F70001A00074B9200D3580C22BA1811001800EF
:103F800005F0A5FEC046BD4604B080BDC0010020BE
:103F9000B4220020B0B584B000AF78607B6888227E
:103FA000202199500F257C197B681800FDF786F8B1
:103FB0000300237029007B181B78254AD35C022B51
:103FC00013D17B181B785A1E224B9200D3581B68C2
:103FD000283319007B6880229B581B685B689AB263
:103FE0007B6818000FF002FA2EE00F243B191B78B3
:103FF000013B194A0021D1543B191B78013B174A58
:104000000021D1543B191B785A1E13005B009B18EA
:104010009B01134A9B18C0220021180027F04EFE76
:104020003B191B785A1E13005B009B189B010C4A1E
:1040300099187B68C02218000FF0D8F93B191B783B
:10404000013B084A0121D154C046BD4604B0B0BD71
:10405000A80A0020D8210020C4290020BC29002063
:10406000181E00201422002080B582B000AF7860B6
:10407000C046BD4602B080BD80B582B000AF78605A
:10408000104B01221A707B681B680F4A934203D1C0
:104090007B6818000FF0BDF87B681B680B4A9342E1
:1040A00003D17B6818000FF0B4F87B681B68084ADE
:1040B000934203D17B6818000FF0ABF8C046BD46B1
:1040C00002B080BD6C220020003801400044004056
:1040D0000048004080B586B002AF786039600B4B75
:1040E000FB600B4B1878F968FF230093FF23102225
:1040F00000F04AFF064B1878064B1968FF2300931F
:10410000FF230F2200F040FFFFF76EFC8834040805
:10411000980A0020DC01002080B584B002AF0B4B70
:104120007B600B4B18787968FF230093FF231422E0
:1041300000F02AFF064B1878064B1968FF230093FE
:10414000FF230F2200F020FFFFF74EFC9C340408F1
:10415000980A0020DC01002080B500AF02200AF0A0
:104160005DFCC046BD4680BD80B500AF2F4B304AD8
:104170001A602E4B00229A602C4B7F22DA602B4B68
:10418000FF221A61294B00225A61284B00229A61B2
:10419000264B0022DA61254B8022D2051A62234B7E
:1041A00000225A62214B882212025A601F4B1800CB
:1041B00000F01EFA1D4B002118000CF00FFF030049
:1041C000012B02D1194B40229A60184B18000CF0B9
:1041D000D5FA031E01D0FF2325E0144B012118005E
:1041E0000CF0FCFE0300134A934202D000F028F8C2
:1041F00011E0114B1A6E80231B05134002D00F4BA8
:1042000000221A700C4B1A6E8023DB04134002D07C
:104210000A4B01221A70084B1A6E074B80210904C1
:104220000A431A6600231800BD4680BD905800203E
:1042300000280040F2320000001002408C5800209C
:10424000B0B58EB000AF0C257B195A4A13CA13C300
:104250003B00594A03CA03C312781A707B19093309
:10426000180026F0E8F802003523FB181A707B19B5
:1042700000229A717B190433180026F0DCF8020042
:104280003423FB181A707B190022DA703623FB18CE
:1042900000221A7019E036243B191A78474B920015
:1042A000D2580C23FB1811001800EBF72DFF031E4A
:1042B00005D13723FB183A19127801321A703621CA
:1042C0007B181A787B1801321A703623FB181B787A
:1042D0000B2BE0D93B000633180026F0ACF80200A7
:1042E0003323FB181A700C243B1900225A713B002F
:1042F0000333180026F09FF802003223FB181A70CF
:104300003B1900229A703B00180026F094F8020036
:104310003123FB181A702C217B183522BA18127819
:10432000DA707B183722BA1812785A707B18342248
:10433000BA1812789A707B1801221A707918204BDB
:10434000002218000CF05CFC031E01D0FF232CE0BF
:1043500018217B183122BA1812781A707B18322271
:10436000BA1812785A707B183322BA1812789A70D9
:104370007B180022DA70134B18225A737B18002224
:10438000DA607B1800221A6179180D4B00221800A0
:104390000CF032FB031E01D0FF2306E00A4A084B53
:1043A000012118000CF0FDFD00231800BD460EB0E1
:1043B000B0BDC046BC340408C83404081C0000204A
:1043C00090580020F81A0020F2320000B0B588B0F2
:1043D00000AF05000C0010001900FB1D2A1C1A700C
:1043E000BB1D221C1A703B1D021C1A80FB1C0A1CE0
:1043F0001A703B1D1B88DBB23033DAB21C217B18EC
:10440000DA707B18FA1D12785A707B18BA1D127870
:104410009A707B18FA1C12781A7008243B193821FC
:104420007A1812781A703B193422BA1812785A7016
:104430003A193023FB181B7893703B1900221A613C
:104440003C23FB181B78012B1BD17B181B780C2BF2
:1044500017D8404B0122002118000CF0A2FD3B1997
:104460000022DA703C4B0C225A733A4B18000CF0C5
:1044700027FA384B40229A60364B18000CF07EF930
:1044800036E03C23FB181B78022B1DD13823FB1888
:104490001B780C2B18D82F4B0122002118000CF090
:1044A00080FD0823FB180122DA702B4B0C225A7373
:1044B000284B18000CF004FA264B40229A60254B3A
:1044C00018000CF05BF913E0224B002200211800C9
:1044D0000CF067FD204B18225A731E4B18000CF08D
:1044E000EFF91C4B00229A601A4B18000CF046F9A9
:1044F0000823F918174B002218000CF07DFA031E50
:1045000001D0FF2322E01C23F918124B00221800CF
:104510000CF076FB031E01D0FF2317E00E4B5B7BF4
:104520001BB21B021AB20C4B1B791BB213431BB2FA
:104530009AB28D235B0011001800FDF79DFE074A1B
:10454000044B012118000CF02CFD00231800BD467F
:1045500008B0B0BD90580020F81A0020F2320000D8
:1045600090B587B000AF39001F4B002218000CF047
:10457000EBFA142439191C4B002218000CF0D2FB62
:104580003B00DB78DB09DBB20133DAB2174BDA74BC
:104590003B005B685B089AB2144BDA813B009A7867
:1045A000124B1A743B005A78104B5A743B001A781D
:1045B0000E4B9A743B199A780C4B5A753B195A78E2
:1045C0000A4B9A753B191A78084B1A753B19DB7818
:1045D000FA22D200944663449AB2044B1A83C0462E
:1045E000BD4607B090BDC04690580020F81A002084
:1045F00090B597B000AF78600C243B1918004C239D
:104600001A00002127F05AFB7B681B68134A93426B
:1046100020D13B19802292021A603B19802292001D
:104620001A643B1918000BF06DFE0D4BDA6D0C4B44
:10463000802109020A43DA65094BDA6B084B8021B5
:10464000C9000A43DA63064BDA6B8023DB001340B0
:10465000BB60BB68C046BD4617B090BD0028004097
:104660000010024080B582B000AF78607B681B68A4
:10467000094A93420BD1094BDA6D084B08490A40AD
:10468000DA65064BDA6B054B06490A40DA63C04629
:10469000BD4602B080BDC046002800400010024068
:1046A000FF7FFFFFFFFBFFFF80B582B000AF174B1E
:1046B0001A6C164B802189020A431A64134B1A6C38
:1046C00080239B0213407B607B68114B114A1A6068
:1046D0000F4B2F225A600E4B00229A600C4B0E4A51
:1046E000DA600B4B00221A61094B00225A61084B19
:1046F00000229A61064B18000CF08BFC044B18004A
:104700000CF0E8FCC046BD4602B080BD001002407F
:104710000C59002000440140FFFF000080B582B02A
:1047200000AF174B1A6C164B8021C9020A431A645A
:10473000134B1A6C8023DB0213407B607B68114BA8
:10474000114A1A600F4B114A5A600E4B00229A60B0
:104750000C4B0F4ADA600B4B00221A61094B002206
:104760005A61084B00229A61064B18000CF051FC6C
:10477000044B18000CF0AEFCC046BD4602B080BD34
:104780000010024058590020004801407FBB000043
:10479000FFFF000080B584B000AF0200BB1D1A808F
:1047A0000023FB6004F0CCFEBB1D1B88002B0DD04A
:1047B000094B1B685B6AFB60C046074B1B685A6A63
:1047C000FB68D21ABB1D1B889A42F6D904F0CAFEB8
:1047D000C046BD4604B080BD0C59002080B584B0F1
:1047E00000AF0200BB1D1A800023FB6004F0A8FE8E
:1047F000BB1D1B88002B0DD0094B1B685B6AFB603F
:10480000C046074B1B685A6AFB68D21ABB1D1B883F
:104810009A42F6D904F0A6FEC046BD4604B080BD5B
:104820005859002080B500AF1B4B1C4A1A601A4B28
:10483000E12212035A60184B00229A60164B0022A4
:10484000DA60154B00221A61134B0C225A61124B8D
:1048500000229A61104B0022DA610F4B00221A628B
:104860000D4B00225A620C4B00229A620A4B180030
:104870000CF022FD084B002118000EF035FD064B10
:10488000002118000EF070FD034B18000EF0F2FC32
:10489000C046BD4680BDC046382C002000380140CF
:1048A00080B500AF1B4B1C4A1A601A4BE122120361
:1048B0005A60184B00229A60164B0022DA60154BA2
:1048C00000221A61134B0C225A61124B00229A618A
:1048D000104B0022DA610F4B00221A620D4B0022AE
:1048E0005A620C4B00229A620A4B18000CF0E4FC4E
:1048F000084B002118000EF0F7FC064B00211800B1
:104900000EF032FD034B18000EF0B4FCC046BD465D
:1049100080BDC046CC2C00200044004080B500AFD4
:104920001B4B1C4A1A601A4BE12212035A60184BA7
:1049300000229A60164B0022DA60154B00221A61A1
:10494000134B0C225A61124B00229A61104B002229
:10495000DA610F4B00221A620D4B00225A620C4B97
:1049600000229A620A4B18000CF0A6FC084B0021AA
:1049700018000EF0B9FC064B002118000EF0F4FCF4
:10498000034B18000EF076FCC046BD4680BDC04605
:10499000602D00200048004080B500AF144B154A40
:1049A0001A60134BE12212035A60114B00229A60E5
:1049B0000F4B0022DA600E4B00221A610C4B0C22C6
:1049C0005A610B4B00229A61094B0022DA61084BB5
:1049D00000221A62064B00225A62054B00229A629C
:1049E000034B18000CF068FCC046BD4680BDC046B5
:1049F000882E00200050004080B500AF144B154AAF
:104A00001A60134BE12212035A60114B00229A6084
:104A10000F4B0022DA600E4B00221A610C4B0C2265
:104A20005A610B4B00229A61094B0022DA61084B54
:104A300000221A62064B00225A62054B00229A623B
:104A4000034B18000CF038FCC046BD4680BDC04684
:104A50001C2F0020003C0140B0B5A4B000AF78602E
:104A60007C243B19180014231A00002127F026F992
:104A700030257B1918004C231A00002127F01EF95D
:104A80007B681B68F04A934274D17B1901221A603B
:104A90007B1902225A607B1918000BF033FCEB4B98
:104AA0001A6CEA4B8021C9010A431A64E74B1A6C5D
:104AB0008023DB011340FB62FB6AE44B5A6BE34B40
:104AC00001210A435A63E14B5B6B01221340BB6235
:104AD000BB6A3B19C022D2001A6021007B18022257
:104AE0005A607B1800229A607B180022DA607B18DB
:104AF00001221A617A18A023DB051100180009F0C1
:104B0000CBFDD34BD34A1A60D14B32225A60D04BE3
:104B100000229A60CE4B0022DA60CD4B80221A61CF
:104B2000CB4B00225A61CA4B00229A61C84B20220B
:104B3000DA61C74B00221A627B681800FCF7BEFAE4
:104B400003005A1EC44B9200C149D150C04B1800FB
:104B500009F07EF87B688021BD4A5A50BC4B7A68C8
:104B60009A62002200211B2008F004FE1B2008F09E
:104B700016FEF9E17B681B68B84A934274D1302174
:104B80007B1802221A607B1808229A607B18180092
:104B90000BF0B8FBAD4BDA6BAC4B802189020A43BA
:104BA000DA63AA4BDA6B80239B0213407B627B6A39
:104BB000A64B5A6BA54B01210A435A63A34B5B6B6F
:104BC000012213403B623B6A7C217B180C221A6055
:104BD0007B1802225A607B1800229A607B18002200
:104BE000DA607B1801221A617A18A023DB05110014
:104BF000180009F051FD9A4B9A4A1A60984B3422DA
:104C00005A60974B00229A60954B0022DA60944BD1
:104C100080221A61924B00225A61914B00229A61C4
:104C20008F4B2022DA618E4B00221A627B681800BB
:104C3000FCF744FA03005A1E874B92008849D15072
:104C4000874B180009F004F87B688021844A5A5089
:104C5000834B7A689A62002200211C2008F08AFDAA
:104C60001C2008F09CFD7FE17B681B687E4A934214
:104C700074D130217B1804221A607B182022DA605C
:104C80007B1818000BF03EFB704BDA6B6F4B8021EA
:104C9000C9020A43DA636D4BDA6B8023DB021340EF
:104CA000FB61FB69694B5A6B684B02210A435A63EB
:104CB000664B5B6B02221340BB61BB697C217B1896
:104CC000C02212011A607B1802225A607B1800224F
:104CD0009A607B180022DA607B1804221A617B1824
:104CE000624A1900100009F0D7FC614B614A1A6052
:104CF0005F4B36225A605E4B00229A605C4B00226A
:104D0000DA605B4B80221A61594B00225A61584B82
:104D100000229A61564B2022DA61554B00221A621A
:104D20007B681800FCF7CAF903005A1E4A4B920030
:104D30004F49D1504E4B180008F08AFF7B68802104
:104D40004B4A5A504A4B7A689A62002201211D2030
:104D500008F010FD1D2008F022FD05E17B681B68AE
:104D6000454A934200D1FFE07B681B68434A934267
:104D700000D08BE0354BDA6B344B802149000A437D
:104D8000DA63324BDA6B80235B0013407B617B6913
:104D90002E4B5A6B2D4B08210A435A632B4B5B6BEE
:104DA000082213403B613B697C217B180C221A606E
:104DB0007B1802225A607B1800229A607B1800221E
:104DC000DA607B1803221A617B182D4A1900100043
:104DD00009F062FC2B4B2C4A1A602A4B4A225A607B
:104DE000284B00229A60274B0022DA60254B802254
:104DF0001A61244B00225A61224B00229A61214BF6
:104E00002022DA611F4B00221A627B681800FCF72F
:104E100055F903005A1E104B92001A49D150194BF4
:104E2000180008F015FF7B688021164A5A50154B70
:104E30007A689A62002200211D2008F09BFC1D2048
:104E400008F0ADFC90E0C046003801400010024080
:104E5000045A002008000240D455002000440040BD
:104E6000645A00201C00024000480040000400502A
:104E7000C45A002030000240004C00400050004066
:104E8000000C0050845B0020580002407B681B68C7
:104E9000374A934268D1374BDA6B364B8021890011
:104EA0000A43DA63334BDA6B80239B001340FB60C9
:104EB000FB68304B5A6B2F4B01210A435A632D4B31
:104EC0005B6B01221340BB60BB687C217B18C02256
:104ED00092001A607B1802225A607B1800229A60A6
:104EE0007B180022DA607B1808221A617B18224A9C
:104EF0001900100009F0D0FB204B214A1A601F4B0B
:104F00004C225A601D4B00229A601C4B0022DA6032
:104F10001A4B80221A61194B00225A61174B00224A
:104F20009A61164B2022DA61144B00221A627B68C8
:104F30001800FCF7C3F803005A1E124B92000F49E9
:104F4000D1500E4B180008F083FE7B6880210B4A7D
:104F50005A500A4B7A689A62002200211D2008F0FC
:104F600009FC1D2008F01BFCC046BD4624B0B0BDA6
:104F7000003C01400010024000040050E45B0020AF
:104F80006C000240D4550020B0B586B000AFB960C7
:104F900011007B600F243B19021C1A700C23FB18B4
:104FA0000A1C1A801723FB1801221A703B191B7860
:104FB000180000F09FF8031E32D03B191A781C4BE2
:104FC0009200D3587A681100180003F0F5FE031E12
:104FD00026D113E00F23FB181B78180000F08AF885
:104FE00005001723FC18B86A0C23FB181A88B96847
:104FF000030028000CF0FEF9030023701722BB18F1
:105000001B78002B03D0BB181B78032BE2D10F2396
:10501000FB181A78064B9200D358180003F016FFBD
:105020001723FB181B781800BD4606B0B0BDC0465C
:10503000B4220020F0B587B000AFB96011007B60EA
:105040000F243B19021C1A700C257B190A1C1A80AC
:105050001726BB1901221A703B191B78180000F0A3
:1050600049F8031E19D03B191A78114B9200D358F6
:105070007A681100180003F09FFE031E0DD13B1942
:105080001B78180000F036F8BC197B191A88BB6829
:1050900019000CF053FA03002370052007F0B4F94F
:1050A0001723FB181B781800BD4607B0F0BDC0469B
:1050B000B422002090B585B000AF02003960FB1D1E
:1050C0001A700F243B1900221A70FB1D1B78180060
:1050D00000F010F80300BB60BB683A685A60BB6818
:1050E00018000CF0E9F83B191B781800BD4605B014
:1050F00090BD000080B582B000AF0200FB1D1A70A9
:10510000FB1D1B78052B0ED89A00094BD3181B6882
:105110009F46084B08E0084B06E0084B04E0084BAC
:1051200002E0084B00E000231800BD4602B080BD3D
:10513000DC3404081C2F0020CC2C0020602D002023
:10514000382C0020882E002080B582B000AF786017
:105150000A00FB1C1A707B68002B74D0FB1C1B78A8
:10516000012B37D17B681800FBF7A8FF0300013B38
:10517000802212021A411100354B1B785A1E354B02
:105180005200D35A1AB20BB2134319B2304B1B78E8
:105190005A1E89B22F4B5200D1527B6808229A6264
:1051A0007B68802212029A637B6818000CF084F8F6
:1051B0007B681800FBF782FF03005A1E13005B0098
:1051C0009B189B01244A99187B68C02218000EF096
:1051D0000DF938E0FB1C1B78002B34D17B681800DC
:1051E000FBF76CFF0300013B1C4A1A411100184BEE
:1051F0001B785A1E174B5200D35A1BB20AB21340E7
:1052000019B2134B1B785A1E89B2124B5200D1525D
:105210007B6808229A627B6800229A637B68180088
:105220000CF04AF87B681800FBF748FF03005A1E91
:1052300013005B009B189B01074A99187B68C022EA
:1052400018000EF0D3F8C046BD4602B080BDC0467F
:10525000F41A0020C01A0020181E0020FF7FFFFF54
:1052600080B582B000AFFB1D00221A70BB1D012269
:105270001A7035E0204B1B78BA1D12789A4211D073
:10528000BB1D1B78002213211800F6F7EFF832201F
:10529000FFF7A4FA194B1B78002B1CD0FB1D022230
:1052A0001A7018E07B1D01221A7010E0124B1B7857
:1052B000591E114B1B785A1E114B4900C95A104BED
:1052C0005200D1527B1D1A787B1D01321A707B1D52
:1052D0001B78052BEAD9BB1D1A78BB1D01321A7049
:1052E000084B1B78BA1D12789A42C3D9FB1D1B7854
:1052F0001800BD4602B080BDF41A0020151B002026
:10530000C01A00207C00002080B586B000AF0200EB
:10531000FB1D1A700F23FB1800221A701623FB18AE
:1053200000221A8001233B6118E03B69DBB21800C0
:10533000FFF7E0FE03009A6B80231B029A420AD11A
:105340001622BB181B88BA18591C11801A003B6919
:10535000D9B20C4B99543B6901333B613B69052B36
:10536000E3DD1623FB181A88FB1D1B781421180097
:10537000F6F77CF80F23FB181B781800BD4606B023
:1053800080BDC046C80B002080B582B000AFBB1DF9
:1053900000221A70FB1D01221A7029E0194B1B789C
:1053A0005A1E194B5200D35A1900FB1D1B78013BA2
:1053B000802212021A4113000B400AD1FB1D1B78F8
:1053C0001800FFF797FE030000211800FFF7BCFE4E
:1053D00009E0FB1D1B781800FFF78CFE030001217C
:1053E0001800FFF7B1FEFB1D1A78FB1D01321A7081
:1053F000FB1D1B78052BD1D9BB1D1B781800BD46A2
:1054000002B080BDF41A0020C01A0020174885465B
:1054100000F045F816481749174A002302E0D4580F
:10542000C4500433C4188C42F9D3144A144C0023DA
:1054300001E013600432A242FBD312481249026811
:1054400000608A4205D000F02AF826F01BFD24F007
:105450008DFF0E480E4901600E480D4901600E484F
:1054600001688D4640680047FEE7000000400220CA
:105470000000002084090020144604088809002048
:105480000CC60120F03F0220EFBEADDE401002400E
:1054900001000000000001400000FF1FFEE780B592
:1054A00000AFC046BD4680BD80B582B000AF786019
:1054B0007B689B6801221A437B689A60C046BD46A0
:1054C00002B080BD80B582B000AF786039607B6883
:1054D0009B68182293431A003B681A437B689A60C2
:1054E000C046BD4602B080BD80B582B000AF7860D6
:1054F00039607B683A685A61C046BD4602B080BDDB
:1055000080B582B000AF786039607B683A681A6015
:10551000C046BD4602B080BD80B584B000AF7860A3
:105520000A00BB1C1A807B68FB60FB68BA1C1288EF
:105530001A80C046BD4604B080BD80B582B000AFC1
:1055400078607B681B689BB21800BD4602B080BDC6
:1055500080B584B000AF7860074B996B064B7A68D2
:105560000A439A63044B9B6B7A681340FB60FB68A9
:10557000C046BD4604B080BD00100240B0B590B03A
:1055800000AF0200FB1D1A701A23FB1805221A70C7
:105590000023FB630023BB6300237B6300233B6387
:1055A0000023FB620023BB6200237B6200233B627B
:1055B0000023FB61002200233A617B611B23FB185F
:1055C00000221A700E23FB1800221A8003F098FBA9
:1055D000031E02D00E2301F0FDFB03F063FAC44B5F
:1055E00001221A70C34B1A68C0239B0413400ED0CB
:1055F000C04B1A68C0239B041A4080235B049A4264
:105600000BD1BD4B1A6880239B03134005D1BB4BC4
:105610001B689B02BA4A134005E0B84B1B689B020B
:105620005B08B84A1340F722D20219001000EAF7CB
:1056300017FE0B00DB0AFB636BE0FB6B8022520260
:1056400094466344DC02AB4B1A68C0239B041340AE
:105650000ED0A84B1A68C0239B041A4080235B0419
:105660009A420BD1A44B1A6880239B03134005D1A7
:10567000A24B1B689B02A24A134005E09F4B1B688C
:105680009B025B089F4A13401900F723D802EAF7F0
:1056900061FD03001900974B1A68C0239B04134057
:1056A0000ED0944B1A68C0239B041A4080235B04DD
:1056B0009A420BD1904B1A6880239B03134005D16B
:1056C0008E4B1B689B028E4A134005E08B4B1B6878
:1056D0009B025B088B4A13404B43E318BB630023D8
:1056E0007B630EE0BA6B7B6BD218874B1A60BA6B88
:1056F0007B6BD3181A685B683A617B617B6B0833FC
:105700007B637A6B80231B019A42EBD3FB6B0133E3
:10571000FB63784B1A68C0239B0413400ED0754B73
:105720001A68C0239B041A4080235B049A420BD161
:10573000714B1A6880239B03134005D16F4B1B6884
:105740009B026F4A134005E06C4B1B689B025B0891
:105750006C4A1340F722D20219001000EAF780FDCC
:105760000B00DB0A0833FA6B9A4200D265E7604B04
:1057700000221A705F4B1A68C0239B0413400ED09E
:105780005C4B1A68C0239B041A4080235B049A4236
:105790000BD1594B1A6880239B03134005D1574BFB
:1057A0001B689B02564A134005E0544B1B689B0242
:1057B0005B08544A1340F722D20219001000EAF79E
:1057C0004FFD0B00DB0AFB6377E0FB6B802252028C
:1057D00094466344DC02474B1A68C0239B04134081
:1057E0000ED0444B1A68C0239B041A4080235B04EC
:1057F0009A420BD1404B1A6880239B03134005D17A
:105800003E4B1B689B023E4A134005E03B4B1B6826
:105810009B025B083B4A13401900F723D802EAF7C2
:1058200099FC03001900334B1A68C0239B041340F2
:105830000ED0304B1A68C0239B041A4080235B04AF
:105840009A420BD12C4B1A6880239B03134005D13D
:105850002A4B1B689B022A4A134005E0274B1B6812
:105860009B025B08274A13404B43E318BB631A258E
:105870007C19BB6B180003F0C5F8030023707B197B
:105880001B78022B03D07B191B78012B03D1FB6AF9
:105890000133FB620EE01A23FB181B78032B09D19E
:1058A000BB6A002B01D1FB6B3B62FB6B7B62BB6A6B
:1058B0000133BB62FB6B0133FB630E4B1A68C023E1
:1058C0009B0413400ED00B4B1A68C0239B041A4054
:1058D00080235B049A4219D1074B1A6880239B03EB
:1058E000134013D1054B1B689B02054A134013E07C
:1058F0004C5C00200075FF1F20200240E075FF1F58
:1059000000FC0F0000FE0700485C0020BE4B1B6837
:105910009B025B08BD4A1340F722D2021900100017
:10592000EAF79EFC0B00DB0A0833FA6B9A4200D2BE
:105930004BE7FB6A002B00D01AE1BB6A002B00D1B9
:1059400010E1B34B1A68C0239B0413400ED0B04B38
:105950001A68C0239B041A4080235B049A420BD12F
:10596000AC4B1A6880239B03134005D1A64B1B68E0
:105970009B02A94A134005E0A34B1B689B025B08EE
:10598000A24A1340F722D20219001000EAF768FC7D
:105990000B00DB0A3A6AD31A0733072213401C00B4
:1059A0009B4B1A68C0239B0413400ED0984B1A6877
:1059B000C0239B041A4080235B049A420BD1954B71
:1059C0001A6880239B03134005D18F4B1B689B02F1
:1059D000914A134005E08C4B1B689B025B088B4A85
:1059E0001340F722D20219001000EAF739FC0B002D
:1059F000DB0AE3188022520294466344DC02844BA3
:105A00001A68C0239B0413400ED0814B1A68C02330
:105A10009B041A4080235B049A420BD17D4B1A6889
:105A200080239B03134005D1774B1B689B027A4A66
:105A3000134005E0744B1B689B025B08734A1340DC
:105A40001900F723D802EAF785FB03001900704B11
:105A50001A68C0239B0413400ED06D4B1A68C023F4
:105A60009B041A4080235B049A420BD1694B1A684D
:105A700080239B03134005D1634B1B689B02664A3E
:105A8000134005E0604B1B689B025B085F4A1340B4
:105A90004B43E318180002F0B5FF0300042B67D155
:105AA0005B4B1A68C0239B0413400ED0584B1A68F6
:105AB000C0239B041A4080235B049A420BD1554BB0
:105AC0001A6880239B03134005D14F4B1B689B0230
:105AD000514A134005E04C4B1B689B025B084B4A44
:105AE0001340F722D20219001000EAF7B9FB0B00AD
:105AF000DB0A7A6AD31A0133072213401C00444B95
:105B00001A68C0239B0413400ED0414B1A68C0236F
:105B10009B041A4080235B049A420BD13D4B1A68C8
:105B200080239B03134005D1374B1B689B023A4AE5
:105B3000134005E0344B1B689B025B08334A13405B
:105B4000F722D20219001000EAF78AFB0B00DB0AE9
:105B5000E3180121180002F0A3FD031E08D0022360
:105B600001F038F9002001F043F9030001F032F9A7
:105B7000274B1A68C0239B0413400ED0244B1A688D
:105B8000C0239B041A4080235B049A420BD1214B13
:105B90001A6880239B03134005D11B4B1B689B0293
:105BA0001D4A134005E0184B1B689B025B08174A0F
:105BB0001340F722D20219001000EAF751FB0B0044
:105BC000DB0AFB635AE2FB6B802252029446634479
:105BD000DC020F4B1A68C0239B0413400ED00C4B01
:105BE0001A68C0239B041A4080235B049A4215D193
:105BF000084B1A6880239B0313400FD1024B1B688C
:105C00009B02054A13400FE0E075FF1F00FE0700EE
:105C10000075FF1F2020024000FC0F00CD4B1B68C9
:105C20009B025B08CC4A13401900F723D802EAF71D
:105C300091FA03001900C94B1A68C0239B04134052
:105C40000ED0C64B1A68C0239B041A4080235B0405
:105C50009A420BD1C24B1A6880239B03134005D193
:105C6000BC4B1B689B02BF4A134005E0B94B1B6845
:105C70009B025B08B84A13404B43E318BB631A25E9
:105C80007C19BB6B180002F0BDFE030023707B196A
:105C90001B78012B00D0EEE1B04B1A68C0239B04A7
:105CA00013400ED0AD4B1A68C0239B041A408023CA
:105CB0005B049A420BD1AA4B1A6880239B031340C2
:105CC00005D1A44B1B689B02A64A134005E0A14BDB
:105CD0001B689B025B08A04A1340F722D2021900FE
:105CE0001000EAF7BDFA0B00DB0AFA6B9A4200D10A
:105CF000E6E09A4B1A68C0239B0413400ED0974BE2
:105D00001A68C0239B041A4080235B049A420BD17B
:105D1000934B1A6880239B03134005D18D4B1B685E
:105D20009B02904A134005E08A4B1B689B025B086C
:105D3000894A1340F722D20219001000EAF790FABC
:105D40000B00DB0A0433FA6B9A4200D1B8E0834BB4
:105D50001A68C0239B0413400ED0804B1A68C023DE
:105D60009B041A4080235B049A420BD17C4B1A6837
:105D700080239B03134005D1764B1B689B02794A15
:105D8000134005E0734B1B689B025B08724A13408B
:105D9000F722D20219001000EAF762FA0B00DB0AC0
:105DA000FA6BD31A0733072213401C006B4B1A6897
:105DB000C0239B0413400ED0684B1A68C0239B0479
:105DC0001A4080235B049A420BD1654B1A688023EA
:105DD0009B03134005D15F4B1B689B02614A134034
:105DE00005E05C4B1B689B025B085B4A1340F72293
:105DF000D20219001000EAF733FA0B00DB0AE318AD
:105E00008022520294466344DC02544B1A68C02339
:105E10009B0413400ED0514B1A68C0239B041A40B8
:105E200080235B049A420BD14D4B1A6880239B035D
:105E3000134005D1474B1B689B024A4A134005E0BB
:105E4000444B1B689B025B08434A13401900F7232D
:105E5000D802EAF77FF903001900404B1A68C02303
:105E60009B0413400ED03D4B1A68C0239B041A407C
:105E700080235B049A420BD1394B1A6880239B0321
:105E8000134005D1334B1B689B02364A134005E093
:105E9000304B1B689B025B082F4A13404B43E318AF
:105EA000180002F0AFFD0300032B04D11B23FB18E5
:105EB00000221A70C5E01B23FB1801221A70C0E0F3
:105EC000264B1A68C0239B0413400ED0234B1A683C
:105ED000C0239B041A4080235B049A420BD1204BC1
:105EE0001A6880239B03134005D11A4B1B689B0241
:105EF0001C4A134005E0174B1B689B025B08164ABF
:105F00001340F722D20219001000EAF7A9F90B009A
:105F1000DB0AFA6BD31A0133072213401C000F4B24
:105F20001A68C0239B0413400ED00C4B1A68C02380
:105F30009B041A4080235B049A4215D1084B1A68CF
:105F400080239B0313400FD1024B1B689B02054A21
:105F500013400FE0E075FF1F00FE07000075FF1FF4
:105F60002020024000FC0F00C54B1B689B025B0811
:105F7000C44A1340F722D20219001000EAF770F960
:105F80000B00DB0AE3188022520294466344DC02D1
:105F9000BD4B1A68C0239B0413400ED0BA4B1A683D
:105FA000C0239B041A4080235B049A420BD1B74B59
:105FB0001A6880239B03134005D1B14B1B689B02D9
:105FC000B34A134005E0AE4B1B689B025B08AD4A29
:105FD00013401900F723D802EAF7BCF803001900B0
:105FE000A94B1A68C0239B0413400ED0A64B1A6815
:105FF000C0239B041A4080235B049A420BD1A34B1D
:106000001A6880239B03134005D19D4B1B689B029C
:106010009F4A134005E09A4B1B689B025B08994A14
:1060200013404B43E318180002F0ECFC031E04D1AC
:106030001B23FB1800221A7003E01B23FB1801220C
:106040001A701B23FB181B78002B14D1FB6BDAB2E0
:10605000904B1A7001220021002001F0D5FD0300B1
:106060001A0080235B009A4202D00C2300F0B2FE9B
:106070000123FB6130E0FB6B0133FB63824B1A6849
:10608000C0239B0413400ED07F4B1A68C0239B048F
:106090001A4080235B049A420BD17C4B1A68802300
:1060A0009B03134005D1764B1B689B02784A134033
:1060B00005E0734B1B689B025B08724A1340F72292
:1060C000D20219001000EAF7CBF80B00DB0A083304
:1060D000FA6B9A4200D276E500233B636A4B1A685A
:1060E000C0239B0413400ED0674B1A68C0239B0447
:1060F0001A4080235B049A420BD1644B1A688023B8
:106100009B03134005D15E4B1B689B02604A134002
:1061100005E05B4B1B689B025B085A4A1340F72261
:10612000D20219001000EAF79BF80B00DB0AFB63B0
:106130005EE2FB6B8022520294466344DC02524BC7
:106140001A68C0239B0413400ED04F4B1A68C0231B
:106150009B041A4080235B049A420BD14B4B1A6874
:1061600080239B03134005D1454B1B689B02484A83
:10617000134005E0424B1B689B025B08414A1340F9
:106180001900F723D802E9F7E5FF030019003E4B99
:106190001A68C0239B0413400ED03B4B1A68C023DF
:1061A0009B041A4080235B049A420BD1374B1A6838
:1061B00080239B03134005D1314B1B689B02344A5B
:1061C000134005E02E4B1B689B025B082D4A1340D1
:1061D0004B43E318BB631A257C19BB6B180002F014
:1061E00011FC030023707B191B78022B00D0F5E112
:1061F000254B1A68C0239B0413400ED0224B1A680B
:10620000C0239B041A4080235B049A420BD11F4B8E
:106210001A6880239B03134005D1194B1B689B020E
:106220001B4A134005E0164B1B689B025B08154A8E
:106230001340F722D20219001000EAF711F80B0000
:10624000DB0AFA6B9A4200D1F2E00F4B1A68C023C6
:106250009B0413400ED00C4B1A68C0239B041A40B9
:1062600080235B049A4217D1084B1A6880239B0352
:10627000134011D1024B1B689B02054A134011E0E9
:10628000E075FF1F00FE07000075FF1F2020024081
:1062900000FC0F00465C0020CA4B1B689B025B0899
:1062A000C94A1340F722D20219001000E9F7D8FFBB
:1062B0000B00DB0A0433FA6B9A4200D1B8E0C34BFF
:1062C0001A68C0239B0413400ED0C04B1A68C02329
:1062D0009B041A4080235B049A420BD1BC4B1A6882
:1062E00080239B03134005D1B64B1B689B02B94A20
:1062F000134005E0B34B1B689B025B08B24A134096
:10630000F722D20219001000E9F7AAFF0B00DB0AFE
:10631000FA6BD31A0733072213401C00AB4B1A68E1
:10632000C0239B0413400ED0A84B1A68C0239B04C3
:106330001A4080235B049A420BD1A54B1A68802334
:106340009B03134005D19F4B1B689B02A14A13403E
:1063500005E09C4B1B689B025B089B4A1340F7229D
:10636000D20219001000E9F77BFF0B00DB0AE318EB
:106370008022520294466344DC02944B1A68C02384
:106380009B0413400ED0914B1A68C0239B041A4003
:1063900080235B049A420BD18D4B1A6880239B03A8
:1063A000134005D1874B1B689B028A4A134005E0C6
:1063B000844B1B689B025B08834A13401900F72338
:1063C000D802E9F7C7FE03001900804B1A68C02302
:1063D0009B0413400ED07D4B1A68C0239B041A40C7
:1063E00080235B049A420BD1794B1A6880239B036C
:1063F000134005D1734B1B689B02764A134005E09E
:10640000704B1B689B025B086F4A13404B43E318B9
:10641000180002F0F7FA0300032B04D11B23FB182A
:1064200000221A70BBE01B23FB1801221A70B6E091
:10643000664B1A68C0239B0413400ED0634B1A6846
:10644000C0239B041A4080235B049A420BD1604B0B
:106450001A6880239B03134005D15A4B1B689B028B
:106460005C4A134005E0574B1B689B025B08564A89
:106470001340F722D20219001000E9F7F1FE0B00D9
:10648000DB0AFA6BD31A0133072213401C004F4B6F
:106490001A68C0239B0413400ED04C4B1A68C023CB
:1064A0009B041A4080235B049A420BD1484B1A6824
:1064B00080239B03134005D1424B1B689B02454A36
:1064C000134005E03F4B1B689B025B083E4A1340AC
:1064D000F722D20219001000E9F7C2FE0B00DB0A16
:1064E000E3188022520294466344DC02374B1A6858
:1064F000C0239B0413400ED0344B1A68C0239B0466
:106500001A4080235B049A420BD1314B1A688023D6
:106510009B03134005D12B4B1B689B022D4A134054
:1065200005E0284B1B689B025B08274A13401900B3
:10653000F723D802E9F70EFE03001900234B1A686F
:10654000C0239B0413400ED0204B1A68C0239B0429
:106550001A4080235B049A420BD11D4B1A6880239A
:106560009B03134005D1174B1B689B02194A13402C
:1065700005E0144B1B689B025B08134A13404B4316
:10658000E318180002F03EFA031E04D11B23FB1887
:1065900000221A7003E01B23FB1801221A701B2330
:1065A000FB181B78002B20D13B6B002B07D1FB6B1A
:1065B000DAB2094B1A703B6B01333B6315E00A23D7
:1065C00000F008FCE075FF1F00FE07000075FF1FCC
:1065D0002020024000FC0F00465C00201A23FB181C
:1065E0001B78032B01D1FB6B7B62FB6B0133FB63DD
:1065F000CD4B1A68C0239B0413400ED0CA4B1A68B7
:10660000C0239B041A4080235B049A420BD1C74BE2
:106610001A6880239B03134005D1C54B1B689B025E
:10662000C44A134005E0C24B1B689B025B08C24A88
:106630001340F722D20219001000E9F711FE0B00F7
:10664000DB0A0833FA6B9A4200D272E53B6B002BEF
:1066500000D06BE07B6ADCB2B34B1A68C0239B04AA
:1066600013400ED0B04B1A68C0239B041A408023FD
:106670005B049A420BD1AD4B1A6880239B031340F5
:1066800005D1AB4B1B689B02AA4A134005E0A84BFF
:106690001B689B025B08A84A1340F722D20219002C
:1066A0001000E9F7DDFD0B00DB0ADBB2E31ADBB219
:1066B0000133DBB207221340DCB29B4B1A68C023C4
:1066C0009B0413400ED0984B1A68C0239B041A40B9
:1066D00080235B049A420BD1944B1A6880239B035E
:1066E000134005D1924B1B689B02924A134005E070
:1066F0008F4B1B689B025B088F4A1340F722D20224
:1067000019001000E9F7ACFD0B00DB0ADBB2E3185F
:10671000DAB28A4B1A70894B1B780221180001F0FB
:10672000BFFF031E02D0022300F054FB844B002263
:106730001A80844B20221A6020237B636DE07F4BFC
:106740001B788022520294466344DC02764B1A681E
:10675000C0239B0413400ED0734B1A68C0239B04C4
:106760001A4080235B049A420BD1704B1A68802335
:106770009B03134005D16E4B1B689B026D4A13406F
:1067800005E06B4B1B689B025B086B4A13401900CA
:10679000F723D802E9F7DEFC03001900624B1A6800
:1067A000C0239B0413400ED05F4B1A68C0239B0488
:1067B0001A4080235B049A420BD15C4B1A688023F9
:1067C0009B03134005D15A4B1B689B02594A134047
:1067D00005E0574B1B689B025B08574A13404B432D
:1067E000E2187B6BD3181A685B683A617B613B697E
:1067F000013303D17B69013300D113E0504B1B8877
:1068000001339AB24E4B1A804E4B1B6808331A0064
:106810004C4B1A607B6B08337B637A6B80231B01C4
:106820009A428CD3454B1B78FB63444B1B783B62ED
:10683000D0E03D4B1A68C0239B0413400ED03A4B66
:106840001A68C0239B041A4080235B049A420BD130
:10685000364B1A6880239B03134005D1344B1B68C9
:106860009B02344A134005E0314B1B689B025B08D6
:10687000314A1340F722D20219001000E9F7F0FC68
:106880000B00DB0AFA6BD31A0733072213401C00F4
:10689000254B1A68C0239B0413400ED0224B1A6864
:1068A000C0239B041A4080235B049A420BD11F4BE8
:1068B0001A6880239B03134005D11D4B1B689B0264
:1068C0001C4A134005E01A4B1B689B025B081A4ADE
:1068D0001340F722D20219001000E9F7C1FC0B00A7
:1068E000DB0AE318FB63FB6B80225202944663448D
:1068F000DC020D4B1A68C0239B0413400ED00A4BD8
:106900001A68C0239B041A4080235B049A421BD15F
:10691000064B1A6880239B03134015D1044B1B6858
:106920009B02044A134015E00075FF1F202002401F
:10693000E075FF1F00FC0F0000FE0700465C002012
:10694000445C0020E4010020C44B1B689B025B08F0
:10695000C34A13401900F723D802E9F7FBFB0300F1
:106960001900C04B1A68C0239B0413400ED0BD4BC6
:106970001A68C0239B041A4080235B049A420BD1FF
:10698000B94B1A6880239B03134005D1B34B1B6896
:106990009B02B64A134005E0B04B1B689B025B08A4
:1069A000AF4A13404B43E3181A257C19180002F034
:1069B00029F8030023707B191B78032B08D1AC4BFB
:1069C0001B88FC339AB2AA4B1A80FB6B3B6201E036
:1069D0000A23FFE1A34B1A68C0239B0413400ED087
:1069E000A04B1A68C0239B041A4080235B049A4280
:1069F0000BD19D4B1A6880239B03134005D1974B05
:106A00001B689B02994A134005E0944B1B689B024C
:106A10005B08934A1340F722D20219001000E9F7ED
:106A20001FFC0B00DB0AFA6B9A422DD08D4B1A68C3
:106A3000C0239B0413400ED08A4B1A68C0239B04CA
:106A40001A4080235B049A420BD1874B1A6880233B
:106A50009B03134005D1814B1B689B02834A134063
:106A600005E07E4B1B689B025B087D4A1340F722C2
:106A7000D20219001000E9F7F3FB0B00DB0A043324
:106A8000FA6B9A4200D0D4E67A4B1B781C00754B07
:106A90001A68C0239B0413400ED0724B1A68C0239F
:106AA0009B041A4080235B049A420BD16E4B1A68F8
:106AB00080239B03134005D1684B1B689B026B4AE4
:106AC000134005E0654B1B689B025B08644A13405A
:106AD000F722D20219001000E9F7C2FB0B00DB0A13
:106AE000E31A0133072213401C005E4B1A68C023CF
:106AF0009B0413400ED05B4B1A68C0239B041A40C2
:106B000080235B049A420BD1574B1A6880239B0366
:106B1000134005D1514B1B689B02544A134005E0BA
:106B20004E4B1B689B025B084D4A1340F722D20272
:106B300019001000E9F794FB0B00DB0AE318FB6374
:106B4000FB6B8022520294466344DC02454B1A6878
:106B5000C0239B0413400ED0424B1A68C0239B04F1
:106B60001A4080235B049A420BD13F4B1A68802362
:106B70009B03134005D1394B1B689B023B4A1340D2
:106B800005E0364B1B689B025B08354A1340190031
:106B9000F723D802E9F7DEFA03001900314B1A682F
:106BA000C0239B0413400ED02E4B1A68C0239B04B5
:106BB0001A4080235B049A420BD12B4B1A68802326
:106BC0009B03134005D1254B1B689B02274A1340AA
:106BD00005E0224B1B689B025B08214A13404B4394
:106BE000E318BB63D9E0FB1D1B78002B08D1FB6BBE
:106BF0000121180001F0A6FF031E14D00123E9E0D3
:106C000080231A01BB6B1100180000F0B4FD0300D3
:106C1000102B08D1FB6B0121180001F093FF031E1C
:106C200001D00123D6E00F4B1A68C0239B04134008
:106C30000ED00C4B1A68C0239B041A4080235B04BF
:106C40009A4219D1084B1A6880239B03134013D131
:106C5000024B1B689B02054A134013E0E075FF1FBF
:106C600000FE07000075FF1F2020024000FC0F00FF
:106C7000445C0020465C0020584B1B689B025B086C
:106C8000574A1340F722D20219001000E9F7E8FA38
:106C90000B00DB0AFA6BD31A0133072213401C00E6
:106CA000504B1A68C0239B0413400ED04D4B1A68FA
:106CB000C0239B041A4080235B049A420BD14A4BA9
:106CC0001A6880239B03134005D1444B1B689B0229
:106CD000464A134005E0414B1B689B025B08404A53
:106CE0001340F722D20219001000E9F7B9FA0B009D
:106CF000DB0AE318FB63FB6B802252029446634479
:106D0000DC02384B1A68C0239B0413400ED0354B6D
:106D10001A68C0239B041A4080235B049A420BD15B
:106D2000314B1A6880239B03134005D12B4B1B6802
:106D30009B022E4A134005E0284B1B689B025B0810
:106D4000274A13401900F723D802E9F703FA030092
:106D50001900244B1A68C0239B0413400ED0214B0A
:106D60001A68C0239B041A4080235B049A420BD10B
:106D70001D4B1A6880239B03134005D1174B1B68DA
:106D80009B021A4A134005E0144B1B689B025B08E8
:106D9000134A13404B43E318BB63FA6B3B6A9A42B6
:106DA00000D020E701F05EFFFB69002B11D10E251A
:106DB0007C190021002001F09DFB030023807B193A
:106DC0001B88002B05D07B191B88122B01D00223B6
:106DD00000E000231800BD4610B0B0BDE075FF1FF5
:106DE00000FE07000075FF1F2020024000FC0F007E
:106DF00090B585B000AF0200FB1D1A700023FB6048
:106E000001F07EFF031E01D00E2331E19A4B1A6878
:106E1000C0239B0413400ED0974B1A68C0239B04D9
:106E20001A4080235B049A420BD1944B1A6880234A
:106E30009B03134005D1924B1B689B02914A134060
:106E400005E08F4B1B689B025B088F4A1340F722BB
:106E5000D20219001000E9F703FA0B00DB0AFB600D
:106E600072E0FB1D1B78002B08D1FB680121180084
:106E700001F068FE031E64D00123F9E0FB68802264
:106E8000520294466344DC027B4B1A68C0239B0485
:106E900013400ED0784B1A68C0239B041A408023FD
:106EA0005B049A420BD1754B1A6880239B031340F5
:106EB00005D1734B1B689B02724A134005E0704B6F
:106EC0001B689B025B08704A13401900F723D80225
:106ED000E9F740F903001900674B1A68C0239B04C7
:106EE00013400ED0644B1A68C0239B041A408023C1
:106EF0005B049A420BD1614B1A6880239B031340B9
:106F000005D15F4B1B689B025E4A134005E05C4B5A
:106F10001B689B025B085C4A13404B43E3188022CA
:106F200012011100180000F026FC0300102B08D1FC
:106F3000FB680121180001F005FE031E01D00123AA
:106F400096E0FB680133FB604B4B1A68C0239B043F
:106F500013400ED0484B1A68C0239B041A4080236C
:106F60005B049A420BD1454B1A6880239B03134064
:106F700005D1434B1B689B02424A134005E0404B3E
:106F80001B689B025B08404A1340F722D20219009B
:106F90001000E9F765F90B00DB0A0833FA689A423A
:106FA00000D25EE701F05EFE334B1A68C0239B04FB
:106FB00013400ED0304B1A68C0239B041A40802324
:106FC0005B049A420BD12D4B1A6880239B0313401C
:106FD00005D12B4B1B689B022A4A134005E0284B26
:106FE0001B689B025B08284A1340F722D202190053
:106FF0001000E9F735F90B00DB0A0221180001F057
:107000004FFB031E01D0022332E0204B00221A80E6
:10701000194B1A68C0239B0413400ED0164B1A68F4
:10702000C0239B041A4080235B049A420BD1134B6C
:107030001A6880239B03134005D1114B1B689B02E8
:10704000104A134005E00E4B1B689B025B080E4A7A
:107050001340F722D20219001000E9F701F90B00E2
:10706000DB0ADAB20A4B1A700A4B20221A6000239C
:107070001800BD4605B090BD0075FF1F20200240DE
:10708000E075FF1F00FC0F0000FE0700445C0020BD
:10709000465C0020E4010020B0B584B000AF0200DF
:1070A0003960BB1D1A80BB1D1B88002B1CD0BB1D6B
:1070B0001B88104A934217D00023BB600E257B1912
:1070C00000221A807C190823FA18BB1D1B881100A6
:1070D000180000F087F903002380BB689AB23B6870
:1070E0001A807B191B8800E008231800BD4604B0F5
:1070F000B0BDC046FFFF000080B582B000AF020007
:10710000BB1D1A803B1D0A1C1A80BB1D1B88002B4F
:107110000ED0BB1D1B88094A934209D03B1D1A881B
:10712000BB1D1B881100180000F0FCFA030000E0F2
:1071300008231800BD4602B080BDC046FFFF000016
:1071400090B587B000AF00237B6100233B61002333
:10715000FB600023BB60FB1D05221A70BB1D0522CE
:107160001A709B4B1A68C0239B0413400ED0984B97
:107170001A68C0239B041A4080235B049A420BD1F7
:10718000944B1A6880239B03134005D1924B1B68D4
:107190009B02924A134005E08F4B1B689B025B08E1
:1071A0008F4A1340F722D20219001000E9F758F86D
:1071B0000B00DB0A7B61D8E07B6980225202944697
:1071C0006344DC02824B1A68C0239B0413400ED038
:1071D0007F4B1A68C0239B041A4080235B049A42A9
:1071E0000BD17C4B1A6880239B03134005D17A4B4B
:1071F0001B689B02794A134005E0774B1B689B0292
:107200005B08774A13401900F723D802E8F7A2FF7A
:10721000030019006E4B1A68C0239B0413400ED064
:107220006B4B1A68C0239B041A4080235B049A426C
:107230000BD1684B1A6880239B03134005D1664B22
:107240001B689B02654A134005E0634B1B689B0269
:107250005B08634A13404B43E318FB60FC1DFB686B
:10726000180001F0CFFB03002370FB1D1B78042BDB
:1072700000D077E07B6901333B6161E03B698022AC
:10728000520294466344DC02514B1A68C0239B04AB
:1072900013400ED04E4B1A68C0239B041A40802323
:1072A0005B049A420BD14B4B1A6880239B0313401B
:1072B00005D1494B1B689B02484A134005E0464BE9
:1072C0001B689B025B08464A13401900F723D8024B
:1072D000E8F740FF030019003D4B1A68C0239B04E8
:1072E00013400ED03A4B1A68C0239B041A408023E7
:1072F0005B049A420BD1374B1A6880239B031340DF
:1073000005D1354B1B689B02344A134005E0324BD4
:107310001B689B025B08324A13404B43E318BB6077
:10732000BC1DBB68180001F06DFB03002370BB1D82
:107330001B78042B01D0052346E03B6901333B61F8
:107340007B6904333A699A4298D37B690421180017
:1073500001F0F8FB031E01D0012335E001F082FCAF
:10736000002331E07B6904337B61194B1A68C02329
:107370009B0413400ED0164B1A68C0239B041A407E
:1073800080235B049A420BD1124B1A6880239B0323
:10739000134005D1104B1B689B02104A134005E0B7
:1073A0000D4B1B689B025B080D4A1340F722D2026B
:1073B00019001000E8F754FF0B00DB0A08337A6964
:1073C0009A4200D2F8E605231800BD4607B090BDEA
:1073D0000075FF1F20200240E075FF1F00FC0F001A
:1073E00000FE0700F0B58FB000AF02003961162330
:1073F000FB181A80002200233A627B6200237B6321
:1074000000233B630023FB620023FB611B2310224C
:107410009B18DB1905221A70002000F0D3F9030035
:107420007B637B6B013301D103236CE17B6B802297
:10743000520294466344DE02B54B1A68C0239B0493
:1074400013400ED0B24B1A68C0239B041A4080230D
:107450005B049A420BD1AF4B1A6880239B03134005
:1074600005D1AD4B1B689B02AC4A134005E0AA4B0B
:107470001B689B025B08AA4A13401900F723D80235
:10748000E8F768FE03001900A14B1A68C0239B04AB
:1074900013400ED09E4B1A68C0239B041A408023D1
:1074A0005B049A420BD19B4B1A6880239B031340C9
:1074B00005D1994B1B689B02984A134005E0964BF7
:1074C0001B689B025B08964A13404B43F3183B63CF
:1074D0001B2310229B18DE193B6B180001F092FA57
:1074E00003003370FAE0FF23DB00FB623DE03A6B00
:1074F000FB6AD3181A685B683A627B623B6A0133A5
:1075000002D17B6A01332DD03A6A7B6A131C9BB28D
:107510001622BA1812889A4224D17B6A1B00BB60DB
:107520000023FB60B8683A6A7B6A131C9BB219009F
:1075300001F0D2FA0300FB617B6A1B043A6A140C67
:107540001C437B6A1D0CA3B21A00FB69934209D14C
:107550007B6A1B003B6000237B603A683B691A60D2
:107560000023D0E0FB6A083BFB62FB6A1F2BBED8FE
:10757000674B1A68C0239B0413400ED0644B1A68F3
:10758000C0239B041A4080235B049A420BD1614BB9
:107590001A6880239B03134005D15F4B1B689B0235
:1075A0005E4A134005E05C4B1B689B025B085C4A2B
:1075B0001340F722D20219001000E8F751FE0B0029
:1075C000DB0A7A6BD31A0733072213401E00504B95
:1075D0001A68C0239B0413400ED04D4B1A68C02379
:1075E0009B041A4080235B049A420BD1494B1A68D2
:1075F00080239B03134005D1474B1B689B02474ADE
:10760000134005E0444B1B689B025B08444A13404F
:10761000F722D20219001000E8F722FE0B00DB0A65
:10762000F3187B637B6B8022520294466344DE0234
:10763000374B1A68C0239B0413400ED0344B1A6892
:10764000C0239B041A4080235B049A420BD1314B28
:107650001A6880239B03134005D12F4B1B689B02A4
:107660002E4A134005E02C4B1B689B025B082C4AFA
:1076700013401900F723D802E8F76CFD0300190046
:10768000234B1A68C0239B0413400ED0204B1A686A
:10769000C0239B041A4080235B049A420BD11D4BEC
:1076A0001A6880239B03134005D11B4B1B689B0268
:1076B0001A4A134005E0184B1B689B025B08184AE6
:1076C00013404B43F3183B631B2310229B18DE1916
:1076D0003B6B180001F096F9030033701B22102158
:1076E0005318DB191B78022B00D1FCE65318DB1969
:1076F0001B78032B00D1F6E65318DB191B78042BFB
:1077000000D1F0E607231800BD460FB0F0BDC0461B
:107710000075FF1F20200240E075FF1F00FC0F00D6
:1077200000FE0700B0B584B000AF02003960BB1D99
:107730001A800E257B1900221A807C193A68BB1D1D
:107740001B881100180000F0D5FE030023807B1970
:107750001B88122B08D13968BB1D1B88002218001A
:1077600000F052FA030002E00E23FB181B881800F9
:10777000BD4604B0B0BD80B584B000AF786039605C
:107780000E23FB1811221A800023BB600FE07A68D9
:10779000BB68D3181A685B68511C01D1013303D050
:1077A0000E23FB1810221A80BB680833BB60BA682E
:1077B0003B689A42EBD30E23FB181B881800BD468A
:1077C00004B080BD90B587B000AF0200FB1D1A70F9
:1077D0001723FB1805221A701623FB1805221A70AE
:1077E00000233B610023FB600023BB60CB4B1B7875
:1077F0003B613B698022520294466344DC02C84BE1
:107800001A68C0239B0413400ED0C54B1A68C023CE
:107810009B041A4080235B049A420BD1C14B1A6827
:1078200080239B03134005D1BF4B1B689B02BF4ABB
:10783000134005E0BC4B1B689B025B08BC4A13402D
:107840001900F723D802E8F785FC03001900B44BB0
:107850001A68C0239B0413400ED0B14B1A68C02392
:107860009B041A4080235B049A420BD1AD4B1A68EB
:1078700080239B03134005D1AB4B1B689B02AB4A93
:10788000134005E0A84B1B689B025B08A84A134005
:107890004B43E3181722BC18180001F0B3F803009B
:1078A00023709F4B1A68C0239B0413400ED09C4B3F
:1078B0001A68C0239B041A4080235B049A420BD1B0
:1078C000984B1A6880239B03134005D1964B1B6885
:1078D0009B02964A134005E0934B1B689B025B0892
:1078E000934A1340F722D20219001000E8F7B8FCBF
:1078F0000B00DB0A3A69D31A0133072213401C003C
:10790000874B1A68C0239B0413400ED0844B1A681F
:10791000C0239B041A4080235B049A420BD1814B05
:107920001A6880239B03134005D17F4B1B689B0281
:107930007E4A134005E07C4B1B689B025B087C4A37
:107940001340F722D20219001000E8F789FC0B005F
:10795000DB0AE318FB60FB68802252029446634412
:10796000DC026F4B1A68C0239B0413400ED06C4B93
:107970001A68C0239B041A4080235B049A420BD1EF
:10798000684B1A6880239B03134005D1664B1B6824
:107990009B02664A134005E0634B1B689B025B0831
:1079A000634A13401900F723D802E8F7D3FB03001A
:1079B00019005B4B1A68C0239B0413400ED0584B30
:1079C0001A68C0239B041A4080235B049A420BD19F
:1079D000544B1A6880239B03134005D1524B1B68FC
:1079E0009B02524A134005E04F4B1B689B025B0809
:1079F0004F4A13404B43E3181622BC18180001F0FD
:107A000001F803002370464B1A68C0239B041340FF
:107A10000ED0434B1A68C0239B041A4080235B049A
:107A20009A420BD13F4B1A6880239B03134005D128
:107A30003D4B1B689B023D4A134005E03A4B1B68D7
:107A40009B025B083A4A1340F722D2021900100049
:107A5000E8F706FC0B00DB0A3A69D31A0733072262
:107A600013401C002E4B1A68C0239B0413400ED0F9
:107A70002B4B1A68C0239B041A4080235B049A4254
:107A80000BD1284B1A6880239B03134005D1264B4A
:107A90001B689B02254A134005E0234B1B689B0291
:107AA0005B08234A1340F722D20219001000E8F7BE
:107AB000D7FB0B00DB0AE318BB60FB1D1B78022B16
:107AC00000D18EE000DD96E0002B00D178E0012BA4
:107AD00000D090E01723FB181B78022B3BD1154BED
:107AE0001A6880231B019A4201D23B6985E0162364
:107AF000FB181B78042B06D1FFF722FB031E02D0D4
:107B000001235B4279E03B690321180000F0C8FDC6
:107B1000031E11D001235B426FE0C046465C00208B
:107B20000075FF1F20200240E075FF1F00FC0F00C2
:107B300000FE0700E4010020FB680221180000F0AD
:107B4000AFFD031E02D001235B4256E02D4B2022E5
:107B50001A60FB6851E01723FB181B78012B2CD10E
:107B6000284B1A6880231B019A4201D23B6944E0EA
:107B70001623FB181B78042B06D1FFF7E1FA031E2E
:107B800002D001235B4238E03B690321180000F07A
:107B900087FD031E02D001235B422EE0FB6801211A
:107BA000180000F07DFD031E02D001235B4224E09B
:107BB000144B20221A60FB681FE001235B421CE08B
:107BC0001723FB181B78022B01D13B6915E0172303
:107BD000FB181B78012B01D1BB680EE001235B422F
:107BE0000BE01623FB181B78002B01D1FB6804E087
:107BF00001235B4201E001235B421800BD4607B050
:107C000090BDC046E4010020B0B58AB000AF396035
:107C10001100BB1D021C1A807B1D0A1C1A70272331
:107C2000FB1805221A700023BB6100233B6200236E
:107C3000FB61002200233A617B610E23FB180022C6
:107C40001A800023BB607B1D1B78002B01D102230F
:107C500000E001231800FFF7B5FD03003B623B6A1B
:107C6000013302D1042300F032FCCC4B00221A80F5
:107C70003B6ADAB2CA4B1A70CA4B20221A607B1DCB
:107C80001B78002B09D13B6A0121180000F008FD88
:107C9000031E02D0022300F01AFCC34B1A68C02353
:107CA0009B0413400ED0C04B1A68C0239B041A409B
:107CB00080235B049A420BD1BC4B1A6880239B0340
:107CC000134005D1BA4B1B689B02BA4A134005E02A
:107CD000B74B1B689B025B08B74A1340F722D202DE
:107CE00019001000E8F7BCFA0B00DB0A3A6AD31A55
:107CF0000733072213401C00AB4B1A68C0239B04B8
:107D000013400ED0A84B1A68C0239B041A4080234E
:107D10005B049A420BD1A54B1A6880239B03134046
:107D200005D1A34B1B689B02A24A134005E0A04B60
:107D30001B689B025B08A04A1340F722D20219007D
:107D40001000E8F78DFA0B00DB0AE3183B623B6A90
:107D50008022520294466344DC02934B1A68C0238B
:107D60009B0413400ED0904B1A68C0239B041A400A
:107D700080235B049A420BD18C4B1A6880239B03AF
:107D8000134005D18A4B1B689B028A4A134005E0C9
:107D9000874B1B689B025B08874A13401900F72337
:107DA000D802E8F7D7F9030019007F4B1A68C023FF
:107DB0009B0413400ED07C4B1A68C0239B041A40CE
:107DC00080235B049A420BD1784B1A6880239B0373
:107DD000134005D1764B1B689B02764A134005E0A1
:107DE000734B1B689B025B08734A13404B43E318B9
:107DF000BB6127257C19BB69180000F003FE030056
:107E000023707B191B78022B04D07B191B78042B61
:107E100000D0A1E12723FB181B78022B09D13B6A74
:107E20000421180000F03CFC031E02D0022300F0E5
:107E30004EFB5D4B1A68C0239B0413400ED05A4B77
:107E40001A68C0239B041A4080235B049A420BD11A
:107E5000564B1A6880239B03134005D1544B1B6873
:107E60009B02544A134005E0514B1B689B025B0880
:107E7000514A1340F722D20219001000E8F7F0F936
:107E80000B00DB0A3A6AD31A0733072213401C009F
:107E9000454B1A68C0239B0413400ED0424B1A680E
:107EA000C0239B041A4080235B049A420BD13F4BB2
:107EB0001A6880239B03134005D13D4B1B689B022E
:107EC0003C4A134005E03A4B1B689B025B083A4A68
:107ED0001340F722D20219001000E8F7C1F90B0095
:107EE000DB0AE3183B623B6A8022520294466344F9
:107EF000DC022D4B1A68C0239B0413400ED02A4B82
:107F00001A68C0239B041A4080235B049A420BD159
:107F1000264B1A6880239B03134005D1244B1B6812
:107F20009B02244A134005E0214B1B689B025B081F
:107F3000214A13401900F723D802E8F70BF9030090
:107F40001900194B1A68C0239B0413400ED0164B1E
:107F50001A68C0239B041A4080235B049A420BD109
:107F6000124B1A6880239B03134005D1104B1B68EA
:107F70009B02104A134005E00D4B1B689B025B08F7
:107F80000D4A13404B43E318BB612723FC18BB6920
:107F9000180000F037FD03002370D1E0445C00209E
:107FA000465C0020E40100200075FF1F20200240F5
:107FB000E075FF1F00FC0F0000FE07002723FB18E1
:107FC0001B78032B08D13B6A0421180000F068FBE2
:107FD000031E01D002237AE2CA4B1A68C0239B0415
:107FE00013400ED0C74B1A68C0239B041A4080234D
:107FF0005B049A420BD1C44B1A6880239B03134045
:1080000005D1C24B1B689B02C14A134005E0BF4B20
:108010001B689B025B08BF4A1340F722D20219007B
:108020001000E8F71DF90B00DB0A3A6AD31A073390
:10803000072213401C00B34B1A68C0239B04134053
:108040000ED0B04B1A68C0239B041A4080235B04F7
:108050009A420BD1AC4B1A6880239B03134005D185
:10806000AA4B1B689B02AA4A134005E0A74B1B685A
:108070009B025B08A74A1340F722D20219001000A6
:10808000E8F7EEF80B00DB0AE3183B623B6A80225C
:10809000520294466344DC029A4B1A68C0239B0444
:1080A00013400ED0974B1A68C0239B041A408023BC
:1080B0005B049A420BD1944B1A6880239B031340B4
:1080C00005D1924B1B689B02914A134005E08F4BF0
:1080D0001B689B025B088F4A13401900F723D802E4
:1080E000E8F738F803001900864B1A68C0239B0490
:1080F00013400ED0834B1A68C0239B041A40802380
:108100005B049A420BD1804B1A6880239B03134077
:1081100005D17E4B1B689B027D4A134005E07B4BDB
:108120001B689B025B087B4A13404B43E318BB610F
:108130002723FC18BB69180000F064FC03002370BF
:108140002722BB181B78032B00D137E7BB181B78FD
:10815000042B00D132E70AE07B1D1B78012B04D1F0
:108160002723FB181B78032B01D00A23AFE17B1DCB
:108170001B78012B00D050E12023FB616DE0664BA2
:108180001B788022520294466344DC025D4B1A68DD
:10819000C0239B0413400ED05A4B1A68C0239B0483
:1081A0001A4080235B049A420BD1574B1A688023F4
:1081B0009B03134005D1554B1B689B02544A134047
:1081C00005E0524B1B689B025B08524A13401900A2
:1081D000F723D802E7F7BEFF03001900494B1A68DE
:1081E000C0239B0413400ED0464B1A68C0239B0447
:1081F0001A4080235B049A420BD1434B1A688023B8
:108200009B03134005D1414B1B689B02404A13401E
:1082100005E03E4B1B689B025B083E4A13404B4304
:10822000E218FB69D3181A685B683A617B613B69A5
:10823000013303D17B69013300D113E0374B1B8835
:1082400001339AB2354B1A80354B1B6808331A003C
:10825000334B1A60FB690833FB61FA6980231B0109
:108260009A428CD32C4B1B783B620023FB61CEE0FF
:10827000244B1A68C0239B0413400ED0214B1A686C
:10828000C0239B041A4080235B049A420BD11E4BEF
:108290001A6880239B03134005D11C4B1B689B026B
:1082A0001B4A134005E0194B1B689B025B08194AE7
:1082B0001340F722D20219001000E7F7D1FF0B009C
:1082C000DB0A3A6AD31A0733072213401C000D4B0E
:1082D0001A68C0239B0413400ED00A4B1A68C023AF
:1082E0009B041A4080235B049A421BD1064B1A68F8
:1082F00080239B03134015D1044B1B689B02044A47
:10830000134015E00075FF1F20200240E075FF1F9D
:1083100000FC0F0000FE0700465C0020445C0020CB
:10832000E40100206C4B1B689B025B086B4A134006
:10833000F722D20219001000E7F792FF0B00DB0AC8
:10834000E3183B623B6A8022520294466344DC029B
:10835000634B1A68C0239B0413400ED0604B1A680D
:10836000C0239B041A4080235B049A420BD15D4BCF
:108370001A6880239B03134005D1574B1B689B024F
:10838000594A134005E0544B1B689B025B08534A53
:1083900013401900F723D802E7F7DCFE03001900A9
:1083A0004F4B1A68C0239B0413400ED04C4B1A68E5
:1083B000C0239B041A4080235B049A420BD1494B93
:1083C0001A6880239B03134005D1434B1B689B0213
:1083D000454A134005E0404B1B689B025B083F4A3F
:1083E00013404B43E31827257C19180000F00AFBC3
:1083F000030023707B191B78032B0DD13B4B1B888B
:10840000FC339AB2394B1A80FB690133FB61FB697B
:10841000072B00D82CE700E0C0463A68BB1D1B883C
:108420001100180000F066F8031E01D002234EE090
:108430002E4B1B88022B03D92C4B1B88023B00E0E0
:108440000123FB6132E0BB1D1B88FA699A422AD0E6
:10845000FB699BB20E257C190822BA18110018007E
:10846000FEF7C0FF0300238029007B181B88002B28
:1084700011D1FB699BB2BA680D007C18110018007D
:1084800000F038F8030023807B191B88002B0AD0EA
:108490007B191B881BE00E22BB181B88072B02D000
:1084A000BB181B8813E0FB690133FB61FA69FA23EF
:1084B0009B009A42C7D90E4B1B780221180000F08E
:1084C000EFF8031E01D0022301E080235B001800B7
:1084D000BD460AB0B0BDC046E075FF1F00FE0700F4
:1084E0000075FF1F2020024000FC0F00445C0020AC
:1084F000465C0020F0B591B000AF0300B9622E22B7
:10850000BA1813800023FB635E4B1A88FC239B0080
:108510009A4201D31223B1E00120FFF753F903007F
:10852000BB6300237B63BB6B013301D10323A5E055
:10853000BB6B8022520294466344DE02524B1A689F
:10854000C0239B0413400ED04F4B1A68C0239B04DA
:108550001A4080235B049A420BD14C4B1A6880234B
:108560009B03134005D14A4B1B689A02494B1340A9
:1085700005E0474B1B689B025A08474B1340190004
:10858000F723D802E7F7E6FD030019003E4B1A680F
:10859000C0239B0413400ED03B4B1A68C0239B049E
:1085A0001A4080235B049A420BD1384B1A6880230F
:1085B0009B03134005D1364B1B689A02354B134081
:1085C00005E0334B1B689B025A08334B13404B4367
:1085D000F3187B63BB6A002B07D12E23FB181B8883
:1085E000002B02D10023FB6309E02E23FB181A881D
:1085F000BB6A1100180000F06FFA0300FB63274B01
:108600001A687B6BD118BB6ABB610023FB61BB6935
:108610001B007B6200233B62FB6B1B043B6100235E
:108620007B61386A3A697B69160030430400786AD6
:10863000184305002E23FB181B889BB2BB60002348
:10864000FB60BA68FB681000204338602B437B60F6
:108650003A687B68080000F063FA031E01D0022329
:108660000CE00E4B1B6808331A000C4B1A60054BCC
:108670001B8801339AB2034B1A8000231800BD46B1
:1086800011B0F0BD445C00200075FF1F20200240A7
:10869000E075FF1F00FC0F0000FE0700E401002052
:1086A00090B587B000AF78600A00FB1C1A700023F9
:1086B0007B6100233B610023FB600023BB607B6880
:1086C0008022520294466344DC02C44B1A68C023E1
:1086D0009B0413400ED0C14B1A68C0239B041A4060
:1086E00080235B049A420BD1BD4B1A6880239B0305
:1086F000134005D1BB4B1B689B02BB4A134005E0EE
:10870000B84B1B689B025B08B84A13401900F7235B
:10871000D802E7F71FFD03001900B04B1A68C02309
:108720009B0413400ED0AD4B1A68C0239B041A4023
:1087300080235B049A420BD1A94B1A6880239B03C8
:10874000134005D1A74B1B689B02A74A134005E0C5
:10875000A44B1B689B025B08A44A13404B43E318DD
:108760007B617B688022520294466344DC029B4B0F
:108770001A68C0239B0413400ED0984B1A68C0237C
:108780009B041A4080235B049A420BD1944B1A68D5
:1087900080239B03134005D1924B1B689B02924A96
:1087A000134005E08F4B1B689B025B088F4A134008
:1087B0001900F723D802E7F7CDFC03001900874B17
:1087C0001A68C0239B0413400ED0844B1A68C02340
:1087D0009B041A4080235B049A420BD1804B1A6899
:1087E00080239B03134005D17E4B1B689B027E4A6E
:1087F000134005E07B4B1B689B025B087B4A1340E0
:108800004B43E31808333B617B6880225202944655
:108810006344DC02714B1A68C0239B0413400ED0E2
:108820006E4B1A68C0239B041A4080235B049A4253
:108830000BD16B4B1A6880239B03134005D1694B06
:108840001B689B02684A134005E0664B1B689B024D
:108850005B08664A13401900F723D802E7F77AFC51
:10886000030019005D4B1A68C0239B0413400ED00F
:108870005A4B1A68C0239B041A4080235B049A4217
:108880000BD1574B1A6880239B03134005D1554BDE
:108890001B689B02544A134005E0524B1B689B0225
:1088A0005B08524A13404B43E3181033FB607B686C
:1088B0008022520294466344DC02484B1A68C0236B
:1088C0009B0413400ED0454B1A68C0239B041A40EA
:1088D00080235B049A420BD1414B1A6880239B038F
:1088E000134005D13F4B1B689B023F4A134005E0F4
:1088F0003C4B1B689B025B083C4A13401900F72362
:10890000D802E7F727FC03001900344B1A68C0238C
:108910009B0413400ED0314B1A68C0239B041A40AD
:1089200080235B049A420BD12D4B1A6880239B0352
:10893000134005D12B4B1B689B022B4A134005E0CB
:10894000284B1B689B025B08284A13404B43E318E3
:108950001833BB60FB1C1B78042B30D039DC032B95
:1089600023D036DC012B02D0022B0FD031E0204A7D
:108970001F4B7969080000F0D3F8031E01D00223D1
:108980003CE07B68DAB21B4B1A7036E0184A184B91
:108990003969080000F0C4F8031E01D002232DE05D
:1089A0007B68DAB2134B1A7027E0114A104BF96852
:1089B000080000F0B5F8031E0DD002231EE00C4A9B
:1089C0000B4BB968080000F0ABF8031E14D002236B
:1089D00014E0C04611E0C0460FE0C0460075FF1F1E
:1089E00020200240E075FF1F00FC0F0000FE070082
:1089F000AAAAAAAA465C0020C04600231800BD46C9
:108A000007B090BD80B58AB000AF78600022002327
:108A10003A627B6200220023BA61FB6100220023DC
:108A20003A617B6100220023BA60FB607B681A68B0
:108A30005B683A627B627B6808331A685B68BA617C
:108A4000FB617B6810331A685B683A617B617B6805
:108A500018331A685B68BA60FB60BB68013302D1E7
:108A6000FB68013301D0042318E03B69013302D1D4
:108A70007B69013301D0032310E0BB69013302D1CC
:108A8000FB69013301D0022308E03B6A013302D1C4
:108A90007B6A013301D0012300E000231800BD46AA
:108AA0000AB080BD80B500AF80235B011800FCF7E1
:108AB0004FFD074A074B11001800FCF715FD054B49
:108AC00008211800FCF7FEFCC046BD4680BDC0462C
:108AD000058000000030024080B582B000AF7860B1
:108AE0000A00BB1C1A800D4B1800FCF7DDFC7B68EC
:108AF0000A4A19001000FCF703FDBB1C1B88074A3B
:108B000019001000FCF708FD044B1800FCF715FDD8
:108B100003001800BD4602B080BDC04600300240D0
:108B200080B584B000AFF8603A607B603A687B68DB
:108B3000F968012005F0FEFB03001800BD4604B0F3
:108B400080BD000090B58BB000AF78600A00BB1C00
:108B50001A802623FB1800221A800023FB607B6802
:108B60008022520294466344DC02394B1A68C023C7
:108B70009B0413400ED0364B1A68C0239B041A4046
:108B800080235B049A420BD1324B1A6880239B03EB
:108B9000134005D1304B1B689B02304A134005E05F
:108BA0002D4B1B689B025B082D4A13401900F723CD
:108BB000D802E7F7CFFA03001900254B1A68C02343
:108BC0009B0413400ED0224B1A68C0239B041A400A
:108BD00080235B049A420BD11E4B1A6880239B03AF
:108BE000134005D11C4B1B689B021C4A134005E037
:108BF000194B1B689B025B08194A13404B43E3184F
:108C0000180000F035F803003B6210217B183A6A27
:108C10005A607B1802221A60BB1C1A887B18DA6023
:108C20007B187A689A600C23FA187B1811001800D8
:108C300005F082FC031E03D02623FB1801221A80B4
:108C40002623FB181B881800BD460BB090BDC046FC
:108C50000075FF1F20200240E075FF1F00FC0F0081
:108C600000FE070080B500AFC046BD4680BD0000D5
:108C700080B584B000AF78600023FB601B4B1A689E
:108C8000C0239B0413400ED0184B1A68C0239B04CA
:108C90001A4080235B049A420FD1154B1A68802337
:108CA0009B03134009D1134B1B689B02124A1340CC
:108CB000802212059446634409E00E4B1B689B0218
:108CC0005B080E4A134080221205944663447A687A
:108CD000934202D90423FB6002E080231B02FB6065
:108CE000FB681800BD4604B080BDC0460075FF1F7C
:108CF00020200240E075FF1F00FC0F0000FE07006F
:108D000080B582B000AFBB1D00221A80BB1D1B883E
:108D10001800BD4602B080BD80B582B000AFEFF351
:108D200005837B607B685A1E9341DBB21800BD4609
:108D300002B080BD80B500AF01F0A2FD0023180095
:108D4000BD4680BD80B584B000AF78607B68FB60B5
:108D5000FB68002B01D0FB6800E00123180001F044
:108D600067FC00231800BD4604B080BD80B584B008
:108D700000AF786039603B68012B11D103220021DC
:108D8000012000F054FE0300FB60FB68002B05D0BF
:108D9000F86800230022002100F0B1FEFB6806E025
:108DA0003B683A681100180000F091FE03001800BB
:108DB000BD4604B080BD000080B584B000AF7860CF
:108DC00039600023BB607B68002B01D1802336E033
:108DD0000023FB603B68013303D101235B42FB604E
:108DE00009E03B68002B06D03B68FB60FB68002B6A
:108DF00001D10123FB60FFF78FFF031E13D008236F
:108E0000FA187B680021180001F0FCF80300012B20
:108E100001D0FF2313E0BB68002B0FD00A4B802248
:108E200052051A600AE0FA687B681100180001F028
:108E30002DF80300012B01D0FF2300E000231800D0
:108E4000BD4604B080BDC04604ED00E080B584B0EE
:108E500000AF78600023FB600023BB60FFF75CFF7E
:108E6000031E13D00823FA187B681100180000F0C5
:108E70002EFF0300012B01D0FF2313E0BB68002B62
:108E80000FD00A4B802252051A600AE0786800234E
:108E90000022002100F033FE0300012B01D0FF234C
:108EA000FB60FB681800BD4604B080BD04ED00E027
:108EB00080B500AF02F01AFA0300012B01D000F0D8
:108EC00093FBC046BD4680BD80B584B000AF7860DE
:108ED0000023FB60082000F0C3FB0300BB60BB68FD
:108EE000002B12D000F02CFBBB687A681A60BB68BC
:108EF00000225A60074B1B68BA685A60054BBA6873
:108F00001A6000F02FFB0123FB60FB681800BD46D0
:108F100004B080BDF001002080B588B000AFF860DB
:108F2000B9607A600123FB613E4B1B68002B46D180
:108F30003C4B3D4A1A603CE03A4B1B681B681B687F
:108F4000BB61BB691800E7F7E9F803007B61FA68C9
:108F50007B69D3181B785BB2202B06D0FA687B693B
:108F6000D3181B785BB2002B1ED17A69B969FB68F4
:108F7000180022F0C6FE031E16D12A4B1B681B6880
:108F80001B7B5BB2002B19DBFB68180000F062F959
:108F900003001A00234B1B681B681B7B5BB29A42C1
:108FA0000CD00023FB6109E01E4B1B685A681D4B67
:108FB0001A601C4B1B68002BBED100E0C046194B49
:108FC0001B68002B0CD0FB69002B09D17A6817496C
:108FD000BB68180022F0A6FE124B00221A601CE0AB
:108FE000104B1B68002B10D00E4B1B681B689B6836
:108FF000FA687968B86898470300FB61FB69002B41
:109000000BD1084B00221A6007E07A680849BB6858
:10901000180022F087FE0023FB61FB691800BD46A3
:1090200008B080BD045F0020E8010020F835040886
:109030005036040880B500AF014B1800BD4680BD16
:10904000A05C002080B586B000AFF860B9607A609F
:1090500000237B6100233B617B6800221A6042E0B1
:10906000FB680133FB60FB681B785BB2002B08D008
:10907000FB681B785BB2202BF2D102E0FB68013366
:10908000FB60FB681B785BB2002B04D0FB681B788D
:109090005BB2202BF2D0FB681B785BB2002B27D091
:1090A0007B6901337B617A69BB689A421BD1FB689B
:1090B0003B6107E07B681B685A1C7B681A60FB6891
:1090C0000133FB60FB681B785BB2002B04D0FB68AC
:1090D0001B785BB2202BEDD17B681B68002B09D17C
:1090E00000233B6106E07A69BB689A42BBD302E089
:1090F000C04600E0C0463B691800BD4606B080BDD2
:1091000080B586B000AFF860B9607A6000233B613B
:109110001023FA187B6801211800FFF793FF020063
:10912000434B1A60424B1B68002B2BD0404B1B68F3
:1091300040490622180022F0E4FD031E22D13E4BD6
:109140001B78072B02D13C4B00221A703A4B1B783C
:109150005A1CD1B2384A11701A00384B9200D158BB
:10916000BA68FB68180022F0DDFD334B1B78072B33
:1091700005D100237B61304B00221A7052E001239D
:109180007B614FE02A4B1B68002B4BD12C4B1B689B
:10919000002B05D12A4B2B4A1A602B4B01221A7047
:1091A000294B1A78294B1B789A421ED9FB68083341
:1091B0001800234B1B681B685968BB68083B1A00E2
:1091C00022F0B0FDFB680133214A1100180022F0A3
:1091D0008CFEFB6828221A70FB68063329221A705D
:1091E000FB68073320221A7008E0154B1B681B68C8
:1091F0005968BA68FB68180022F094FD104B1B6890
:109200005A680F4B1A60104B1B780133DAB20E4BC1
:109210001A700B4B1B68002B02D100237B6101E00D
:1092200001237B617B691800BD4606B080BDC04646
:10923000085F0020A03604080C5F00204C000020CE
:10924000105F0020E8010020145F00209C0A00202D
:109250000409040880B584B000AF78600F23FB18C0
:1092600000221A700023BB6018E07B681B785BB299
:10927000202B0ED1BB68012B0DD00F217B181B7842
:109280005BB2DBB20133DAB27B181A700123BB6028
:1092900001E00023BB607B6801337B607B681B7847
:1092A0005BB2002BE1D1BB68012B08D10F217B18E9
:1092B0001B785BB2DBB2013BDAB27B181A700F236A
:1092C000FB181B785BB21800BD4604B080BD80B5AA
:1092D00082B000AF78607B6808331A007B685A6000
:1092E0007B68012252429A607B6808331A007B68CF
:1092F000DA607B6808331A007B681A617B68002299
:109300001A60C046BD4602B080BD80B582B000AFD5
:1093100078607B6800221A61C046BD4602B080BDFD
:1093200080B584B000AF786039607B685B68FB60B3
:109330003B68FA685A60FB689A683B689A60FB6809
:109340009B683A685A60FB683A689A603B687A683A
:109350001A617B681B685A1C7B681A60C046BD4650
:1093600004B080BD80B584B000AF786039603B68E0
:109370001B68BB60BB68013303D17B681B69FB6062
:109380000CE07B680833FB6002E0FB685B68FB6015
:10939000FB685B681B68BA689A42F6D2FB685A6839
:1093A0003B685A603B685B683A689A603B68FA6859
:1093B0009A60FB683A685A603B687A681A617B6811
:1093C0001B685A1C7B681A60C046BD4604B080BD4D
:1093D00080B584B000AF78607B681B69FB607B68F8
:1093E0005B687A6892689A607B689B687A68526862
:1093F0005A60FB685B687A689A4203D17B689A6816
:10940000FB685A607B6800221A61FB681B685A1E61
:10941000FB681A60FB681B681800BD4604B080BD7D
:1094200080B584B000AFF860B9607A60FB68043B37
:10943000FB60FB68802252041A60FB68043BFB60FF
:10944000BA68FB681A60FB68043BFB60084AFB686B
:109450001A60FB68143BFB607A68FB681A60FB6863
:10946000203BFB60FB681800BD4604B080BDC046D1
:109470007594010880B582B000AF00237B6072B69E
:10948000C0467B68002BFCD0C046C046BD4602B03B
:1094900080BD80B500AFC046BD4680BD0000000065
:1094A0000B4A13681868203080F30988022080F383
:1094B0001488BFF36F8F3FBCAE4608BC04BC62B6D5
:1094C0001847C046C046C046C046C046C046C04613
:1094D00008BF0120C046C04680B500AF0E4B1A68D9
:1094E0000D4BFF2109040A431A600B4B1A680A4B03
:1094F000FF2109060A431A6000F090F8074B00228A
:109500001A60FFF7CDFF01F0DDFBFFF7B3FF00238B
:109510001800BD4680BDC04620ED00E0F4010020EB
:1095200080B500AF054B802252051A60BFF34F8F04
:10953000BFF36F8FC046BD4680BDC04604ED00E05E
:1095400080B500AF72B6064B1B685A1C044B1A60FC
:10955000BFF34F8FBFF36F8FC046BD4680BDC0467F
:10956000F401002080B500AF064B1B685A1E054B66
:109570001A60044B1B68002B00D162B6C046BD4682
:1095800080BDC046F4010020EFF3108072B6704732
:10959000C046180080F310887047C04600000000E5
:1095A000EFF309800E4B1A6820381060F0C0444673
:1095B0004D4656465F46F0C008B572B601F082FBD4
:1095C00062B60CBC116808681030F0C8A046A94605
:1095D000B246BB4680F309882038F0C81847C04619
:1095E00008BF0120C046C04680B582B000AFFFF77B
:1095F000CBFF03007B6001F0BDFA031E03D0064BD6
:10960000802252051A607B681800FFF7C3FFC0462E
:10961000BD4602B080BDC04604ED00E080B500AF9D
:109620000B4B00221A600B4B00221A600A4B1B687E
:10963000FA2291001800E6F78DFD03001A00074B8F
:10964000013A1A60024B07221A60C046BD4680BD2F
:1096500010E000E018E000E0E001002014E000E08D
:1096600080B586B000AF78600023FB6001F042F95E
:10967000454B1B68002B01D100F0D2F8434B1B680F
:109680007A68134000D072E07B68002B0CD008226F
:109690007B689B187B607B680722134004D07B6843
:1096A0000722934308337B607B68002B5FD0384BE5
:1096B0001B687A689A425AD8364B3B61354B1B6817
:1096C0007B6104E07B693B617B691B687B617B6933
:1096D0005B687A689A4203D97B691B68002BF1D1D9
:1096E000294B1B687A699A4241D03B691B68082262
:1096F0009B18FB607B691A683B691A607B695A6832
:109700007B68D21A08235B009A4210D97A697B6879
:10971000D318BB607B695A687B68D21ABB685A60F1
:109720007B697A685A60BB68180000F0D9F8184B5A
:109730001A687B695B68D21A154B1A60144B1A6859
:10974000154B1B689A4203D2114B1A68124B1A60D0
:109750007B695A680D4B1B681A437B695A607B69A9
:1097600000221A600D4B1B685A1C0C4B1A6001F04A
:10977000CDF8FB68002B01D1FAF7CEFCFB6818008E
:10978000BD4606B080BDC046B0BE0120C4BE0120AB
:10979000B4BE0120A8BE0120B8BE0120BCBE01207D
:1097A00080B584B000AF78607B68FB607B68002B7D
:1097B0002CD008235B42FA68D318FB60FB68BB60BF
:1097C000BB685A68134B1B6813401FD0BB681B68EB
:1097D000002B1BD1BB685A680E4B1B68DB431A4039
:1097E000BB685A6001F086F8BB685A680A4B1B6870
:1097F000D218094B1A60BB68180000F071F8074BCB
:109800001B685A1C054B1A6001F080F8C046BD4623
:1098100004B080BDC4BE0120B4BE0120C0BE012082
:1098200080B584B000AF274BBB60274BFB60FB6863
:10983000072213400CD0FB680733FB60FB6807224C
:109840009343FB60BA68FB68D21A1F4BD318BB6006
:10985000FB687B601D4B7A681A601C4B00225A60C3
:109860007B68BA68D318FB600822FB689B1AFB6010
:10987000FB6807229343FB60FA68154B1A60144B90
:109880001B6800225A60124B1B6800221A607B681A
:109890003B603B68FA68D21A3B685A600C4B1A6806
:1098A0003B681A603B685A680A4B1A603B685A6802
:1098B000094B1A60094B802212061A60C046BD4649
:1098C00004B080BD905F0100185F0020A8BE012099
:1098D000B0BE0120B8BE0120B4BE0120C4BE01202C
:1098E00080B584B000AF7860274BFB6002E0FB6876
:1098F0001B68FB60FB681B687A689A42F7D8FB68B4
:10990000BB60FB685B68BA68D3187A689A4208D172
:10991000FB685A687B685B68D218FB685A60FB6812
:109920007B607B68BB607B685B68BA68D218FB6849
:109930001B689A4218D1FB681A68144B1B689A423C
:109940000DD07B685A68FB681B685B68D2187B681F
:109950005A60FB681B681A687B681A6008E00B4B4A
:109960001A687B681A6003E0FB681A687B681A60F3
:10997000FA687B689A4202D0FB687A681A60C0462F
:10998000BD4604B080BDC046A8BE0120B0BE0120C7
:1099900080B584B000AF786039607B68FB60FFF70A
:1099A000CFFDFB681A68FB68D96BFB681B6C4B43E7
:1099B000D218FB689A60FB6800229A63FB681A68F9
:1099C000FB685A60FB681A68FB68DB6B591EFB6812
:1099D0001B6C4B43D218FB68DA60FB684422FF2102
:1099E0009954FB684522FF2199543B68002B0DD107
:1099F000FB681B69002B13D0FB681033180001F0C3
:109A00002FFA031E0CD0FFF78BFD09E0FB68103323
:109A10001800FFF75CFCFB6824331800FFF757FCC5
:109A2000FFF7A0FD01231800BD4604B080BD90B52E
:109A30008BB002AFF860B960FB1D1A70FB68BA68A2
:109A40005343FB61FB6950331800FFF709FE030025
:109A5000BB61BB69002B0ED0BB697B617B69503356
:109A60007B61FB1D1C787A69B968F868BB69009353
:109A7000230000F005F8BB691800BD4609B090BD91
:109A800080B584B000AFF860B9607A601A00FB1C42
:109A90001A70BB68002B03D1BB69BA691A6002E077
:109AA000BB697A681A60BB69FA68DA63BB69BA682D
:109AB0001A64BB6901211800FFF76AFFBB69FA1C31
:109AC0004C2112785A54C046BD4604B080BD80B5C2
:109AD00084B000AF786039607B68022200211800F2
:109AE000FFF7A5FF0300FB60FB68002B02D0FB68BB
:109AF0003A689A63FB681800BD4604B080BD80B523
:109B00008AB000AFF860B9607A603B6000237B6286
:109B1000FB683B62FFF714FD3B6A9A6B3B6ADB6BA9
:109B20009A4202D33B68022B1ED13A68B9683B6A5D
:109B3000180000F0CDFA0300FB613B6A5B6A002B62
:109B400009D03B6A2433180001F08AF9031E07D0BC
:109B5000FFF7E6FC04E0FB69002B01D0FFF7E0FC17
:109B6000FFF700FD01235BE07B68002B03D1FFF7CB
:109B7000F9FC002354E07B6A002B06D11423FB1868
:109B8000180001F0C5F901237B62FFF7EBFC00F040
:109B9000B1FEFFF7D5FC3B6A44229B5C5BB201330C
:109BA00003D13B6A4422002199543B6A45229B5CC5
:109BB0005BB2013303D13B6A452200219954FFF780
:109BC000D1FC3A1D1423FB181100180001F0B4F960
:109BD000031E1ED13B6A180000F07FFB031E11D04C
:109BE0003B6A10337A681100180001F0FDF83B6AF7
:109BF000180000F0FEFA00F089FE031E8AD1FFF77C
:109C00008FFC87E73B6A180000F0F3FA00F07EFE55
:109C100080E73B6A180000F0ECFA00F077FE0023C2
:109C20001800BD460AB080BD90B58BB000AFF8609B
:109C3000B9607A603B60FB683B62FFF7A5FC0300FC
:109C4000FB613B6A9A6B3B6ADB6B9A4202D33B68CF
:109C5000022B31D11B243B193A6A4521525C1A7000
:109C60003B6A9B6B7B613A68B9683B6A180000F0FD
:109C70002FFA3B191B785BB2013311D13B6A5B6A47
:109C8000002B16D03B6A2433180001F0E9F8031EBC
:109C90000FD07B68002B0CD07B6801221A6008E093
:109CA0001B23FB181B780133DBB259B23B6A4522F8
:109CB000995401237B6201E000237B62FB69180059
:109CC000FFF768FC7B6A1800BD460BB090BD80B5FD
:109CD00088B000AF786039607B68BB61FFF754FCE7
:109CE00003007B61BB699B6B3B61BB69DB6B3A69C2
:109CF0009A422CD20F203B18BA694521525C1A7047
:109D00003B695A1CBB699A633B181B785BB20133F1
:109D100011D1BB695B6A002B16D0BB6924331800D4
:109D200001F09EF8031E0FD03B68002B0CD03B685F
:109D300001221A6008E00F23FB181B780133DBB205
:109D400059B2BB69452299540123FB6101E000230C
:109D5000FB617B691800FFF71DFCFB691800BD461D
:109D600008B080BD80B58AB000AFF860B9607A6095
:109D700000237B62FB683B62FFF7E2FB3B6A9B6B65
:109D8000FB61FB69002B1AD0BA683B6A110018000E
:109D900000F009FAFB695A1E3B6A9A633B6A1B6929
:109DA000002B08D03B6A1033180001F059F8031E4D
:109DB00001D0FFF7B5FBFFF7D5FB012362E07B681D
:109DC000002B03D1FFF7CEFB00235BE07B6A002B67
:109DD00006D11423FB18180001F09AF801237B62C6
:109DE000FFF7C0FB00F086FDFFF7AAFB3B6A4422A9
:109DF0009B5C5BB2013303D13B6A4422002199543E
:109E00003B6A45229B5C5BB2013303D13B6A45222E
:109E100000219954FFF7A6FB3A1D1423FB181100EB
:109E2000180001F089F8031E1ED13B6A180000F0EB
:109E30003EFA031E11D03B6A24337A6811001800E1
:109E400000F0D2FF3B6A180000F0D3F900F05EFD8D
:109E5000031E91D1FFF764FB8EE73B6A180000F008
:109E6000C8F900F053FD87E73B6A180000F0C1F91C
:109E700000F04CFD3B6A180000F019FA031E00D1F7
:109E80007AE700231800BD460AB080BD80B58AB0CD
:109E900000AF7860396000237B627B68FB61002340
:109EA0003B62FFF74DFBFB699B6BBB61BB69002B02
:109EB0001DD0BB695A1EFB699A63FB691B68002BA6
:109EC00004D101F09FFC0200FB699A60FB691B69E9
:109ED000002B08D0FB691033180000F0C1FF031EEF
:109EE00001D0FFF71DFBFFF73DFB012386E03B6838
:109EF000002B03D1FFF736FB00237FE07B6A002BAA
:109F000006D10C23FB18180001F002F801237B6234
:109F1000FFF728FB00F0EEFCFFF712FBFB69442281
:109F20009B5C5BB2013303D1FB694422002199544D
:109F3000FB6945229B5C5BB2013303D1FB6945227F
:109F400000219954FFF70EFB3A000C23FB18110077
:109F5000180000F0F1FF031E2ED1FB69180000F07D
:109F6000A6F9031E21D0FB691B68002B0AD1FFF75D
:109F7000E7FAFB699B68180001F0D4F903003B6223
:109F8000FFF7F0FAFB6924333A681100180000F07B
:109F90002BFFFB69180000F02CF900F0B7FC031E42
:109FA00000D07EE7FFF7BCFA7BE7FB69180000F002
:109FB00020F900F0ABFC74E7FB69180000F019F918
:109FC00000F0A4FCFB69180000F071F9031E00D139
:109FD00067E73B6A002B10D0FFF7B2FAFB69180065
:109FE00000F060F803007B61FB699B687A691100EF
:109FF000180001F04BFAFFF7B5FA00231800BD4630
:10A000000AB080BD90B58BB000AFF860B9607A60DF
:10A01000FB683B62FFF7B8FA0300FB613B6A9B6B8E
:10A02000BB61BB69002B32D017243B193A6A44212B
:10A03000525C1A70BA683B6A1100180000F0B3F85D
:10A04000BB695A1E3B6A9A633B191B785BB20133AA
:10A0500011D13B6A1B69002B16D03B6A10331800E4
:10A0600000F0FEFE031E0FD07B68002B0CD07B6837
:10A0700001221A6008E01723FB181B780133DBB2BA
:10A0800059B23B6A4422995401237B6201E00023C8
:10A090007B62FB691800FFF77DFA7B6A1800BD46FA
:10A0A0000BB090BD80B584B000AF78607B685B6A10
:10A0B000002B06D07B681B6B1B680722D31AFB6042
:10A0C00001E00023FB60FB681800BD4604B080BDC2
:10A0D00080B586B000AFF860B9607A6000237B611C
:10A0E000FB689B6B3B61FB681B6C002B0ED1FB6814
:10A0F0001B68002B4ED1FB689B68180001F07AF9B1
:10A1000003007B61FB6800229A6043E07B68002BC0
:10A1100019D1FB685868FB681A6CBB68190021F0FC
:10A12000ECFEFB685A68FB681B6CD218FB685A602F
:10A13000FB685A68FB689B689A422BD3FB681A68D5
:10A14000FB685A6026E0FB68D868FB681A6CBB683D
:10A15000190021F0D2FEFB68DA68FB681B6C5B42D9
:10A16000D218FB68DA60FB68DA68FB681B689A4201
:10A1700007D2FB689A68FB681B6C5B42D218FB68CD
:10A18000DA607B68022B05D13B69002B02D03B696A
:10A19000013B3B613B695A1CFB689A637B69180071
:10A1A000BD4606B080BD80B582B000AF7860396032
:10A1B0007B681B6C002B18D07B68DA687B681B6C93
:10A1C000D2187B68DA607B68DA687B689B689A42A1
:10A1D00003D37B681A687B68DA607B68D9687B6820
:10A1E0001A6C3B68180021F088FEC046BD4602B0DC
:10A1F00080BD80B584B000AF7860FFF7A1F90F2370
:10A20000FB187A684521525C1A7013E07B685B6A20
:10A21000002B16D07B682433180000F021FE031EAB
:10A2200001D000F0CFFE0F217B181B78013BDAB282
:10A230007B181A700F23FB181B785BB2002BE5DC30
:10A2400000E0C0467B684522FF219954FFF78AF958
:10A25000FFF776F90E23FB187A684421525C1A70D6
:10A2600013E07B681B69002B16D07B681033180045
:10A2700000F0F6FD031E01D000F0A4FE0E217B18B5
:10A280001B78013BDAB27B181A700E23FB181B787F
:10A290005BB2002BE5DC00E0C0467B684422FF2176
:10A2A0009954FFF75FF9C046BD4604B080BD80B544
:10A2B00084B000AF7860FFF743F97B689B6B002B9D
:10A2C00002D10123FB6001E00023FB60FFF74AF9A4
:10A2D000FB681800BD4604B080BD80B584B000AFF7
:10A2E0007860FFF72DF97B689A6B7B68DB6B9A428D
:10A2F00002D10123FB6001E00023FB60FFF732F98C
:10A30000FB681800BD4604B080BD000080B584B075
:10A3100000AF786039600023FB6015E00E4BFA68EF
:10A32000D200D358002B0CD10B4BFA68D2003968FD
:10A33000D150094AFB68DB00D31804337A681A60ED
:10A3400006E0FB680133FB60FB68072BE6D9C046DB
:10A35000C046BD4604B080BDC8BE012080B586B0F1
:10A3600000AFF860B9607A60FB687B61FFF7E8F8DE
:10A370007B6944229B5C5BB2013303D17B6944223D
:10A38000002199547B6945229B5C5BB2013303D168
:10A390007B69452200219954FFF7E4F87B699B6BA8
:10A3A000002B06D17B6924337A68B968180000F065
:10A3B00035FD7B691800FFF71CFFC046BD4606B09F
:10A3C00080BD90B58DB004AFF860B9603B60BB1D37
:10A3D0001A80BB1D1B889B001800FFF741F9030082
:10A3E0007B617B69002B10D06020FFF739F90300F7
:10A3F000FB61FB69002B03D0FB697A691A6306E0F5
:10A400007B691800FFF7CCF901E00023FB61FB69D1
:10A41000002B16D0BB1D1A883C68B968F868002369
:10A420000393FB6902937B6B01933B6B00932300C7
:10A4300000F010F8FB69180000F092F80123BB61EE
:10A4400002E001235B42BB61BB691800BD4609B055
:10A4500090BD000080B586B000AFF860B9607A604A
:10A460003B60BB6A186B7B689B001A00A52121F03A
:10A4700025FCBB6A1A6B7B6838498C4663449B0099
:10A48000D3183B613B69072293433B61BB68002BB8
:10A4900020D000237B6113E0BA687B69D318187859
:10A4A000BA6A34217B69D3185B18021C1A70BA6827
:10A4B0007B69D3181B78002B06D07B6901337B6145
:10A4C0007B690C2BE8D900E0C046BB6A4022002122
:10A4D000995403E0BB6A3422002199543B6A062B4D
:10A4E00001D906233B62BB6A3A6ADA62BB6A3A6AFE
:10A4F000DA64BB6A00221A65BB6A04331800FEF7EF
:10A5000004FFBB6A18331800FEF7FFFEBB6ABA6A85
:10A510001A613B6A0722D21ABB6A9A61BB6ABA6A9D
:10A520005A62BB6A00225A65BB6A00229A65BB6AFE
:10A530005C22002199543A68F9683B691800FEF7DB
:10A540006FFF0200BB6A1A607B6A002B02D07B6A35
:10A55000BA6A1A60C046BD4606B080BDFFFFFF3F25
:10A5600080B582B000AF7860FEF7EAFF2A4B1B6827
:10A570005A1C294B1A60294B1B68002B09D1274B09
:10A580007A681A60244B1B68012B10D100F034FD4F
:10A590000DE0234B1B68002B09D1204B1B68DA6AA6
:10A5A0007B68DB6A9A4202D81C4B7A681A601D4BA2
:10A5B0001B685A1C1B4B1A601A4B1A687B685A643A
:10A5C0007B68DA6A184B1B689A4203D97B68DA6A9F
:10A5D000154B1A607B68DA6A13009B009B189B007E
:10A5E000124A9A187B68043319001000FEF798FE8F
:10A5F000FEF7B8FF0A4B1B68002B08D0074B1B68FF
:10A60000DA6A7B68DB6A9A4201D2FEF789FFC046AC
:10A61000BD4602B080BDC04608C0012008BF012071
:10A6200014C0012024C0012010C001200CBF012053
:10A6300080B584B000AF78600023FB607B68002B9E
:10A640000AD000F057F97B680021180001F0BCFA2D
:10A6500000F05CF90300FB60FB68002B01D1FEF702
:10A660005FFFC046BD4604B080BD000080B588B025
:10A6700000AF78607B68BB612B4B1B68BA699A425C
:10A6800004D11F23FB1800221A7046E0FEF758FF82
:10A69000BB695B697B61254B1B683B61244B1B6875
:10A6A000FB60FEF75FFF7A693B699A4203D07A69E3
:10A6B000FB689A4204D11F23FB1802221A702CE077
:10A6C0007A691C4B9A4218D1BB699B6A002B0FD147
:10A6D000BB695C229B5CDBB2012B04D11F23FB18FE
:10A6E00002221A7019E01F23FB1803221A7014E0CB
:10A6F0001F23FB1802221A700FE07A690E4B9A4250
:10A7000002D07B69002B04D11F23FB1804221A708E
:10A7100003E01F23FB1801221A701F23FB181B786C
:10A720001800BD4608B080BD08BF0120C0BF012091
:10A73000C4BF0120F4BF0120DCBF012080B584B07C
:10A7400000AF7860FEF7FCFE7B68002B02D1074B60
:10A750001B6800E07B68FB60FB68DB6ABB60FEF7A0
:10A7600001FFBB681800BD4604B080BD08BF0120D2
:10A7700080B586B000AF7860396000237B613B68AC
:10A78000062B01D906233B60FEF7DAFE7B68002B1F
:10A7900002D1384B1B6800E07B683B613B69DB6C96
:10A7A000FB60FA683B689A425DD03A68FB689A425F
:10A7B0000DD9304B1B683A699A420FD02D4B1B685C
:10A7C000DB6A3A689A4209D301237B6106E0294B90
:10A7D0001B683A699A4201D101237B613B69DB6ABC
:10A7E000BB603B69DA6C3B69DB6A9A4202D13B6928
:10A7F0003A68DA623B693A68DA643B699B69002B24
:10A8000004DB3B680722D21A3B699A613B695969AC
:10A81000BA6813009B009B189B00174A9B1899422B
:10A820001CD13B6904331800FEF7D2FD3B69DA6A9C
:10A83000124B1B689A4203D93B69DA6A0F4B1A60C4
:10A840003B69DA6A13009B009B189B000A4A9A181E
:10A850003B69043319001000FEF762FD7B69002B91
:10A8600001D0FEF75DFEFEF77DFEC046BD4606B098
:10A8700080BDC04608BF01200CBF012010C00120D0
:10A8800080B584B002AF144A14491548154B0193A2
:10A89000002300930023FFF794FD03007B607B6897
:10A8A000012B03D101F0E4F903007B607B68012BED
:10A8B0000ED172B60C4B012252421A600B4B012290
:10A8C0001A600B4B00221A60F0F726FAFEF704FE1E
:10A8D000C046BD4602B080BDC4090000A8360408C9
:10A8E000D9AF01082CC0012028C0012014C00120CC
:10A8F0000CC0012080B500AF034B1B685A1C024BF3
:10A900001A60C046BD4680BD30C0012080B584B00D
:10A9100000AF0023FB600023BB60FEF711FE364B47
:10A920001B685A1E344B1A60334B1B68002B5BD1DB
:10A93000324B1B68002B57D02FE0314BDB68DB68B4
:10A94000FB60FB6818331800FEF742FDFB68043318
:10A950001800FEF73DFDFB68DA6A2A4B1B689A4235
:10A9600003D9FB68DA6A274B1A60FB68DA6A1300BE
:10A970009B009B189B00244A9A18FB68043319001B
:10A980001000FEF7CDFCFB68DA6A204B1B68DB6A1F
:10A990009A4202D31E4B01221A60194B1B68002BEE
:10A9A000CBD1FB68002B01D000F082FC194B1B6857
:10A9B0007B607B68002B0FD000F0DCF8031E02D018
:10A9C000134B01221A607B68013B7B607B68002B84
:10A9D000F2D1104B00221A600D4B1B68002B03D0E4
:10A9E0000123BB60FEF79CFDFEF7BCFDBB681800B1
:10A9F000BD4604B080BDC04630C0012008C0012063
:10AA0000C8BF012010C001200CBF012008BF0120D9
:10AA10001CC0012018C0012080B582B000AF044BDB
:10AA20001B687B607B681800BD4602B080BDC046D5
:10AA30000CC0012080B582B000AF00237B60044BC6
:10AA40001B683B603B681800BD4602B080BDC04635
:10AA50000CC0012080B586B000AFF860B9607A60A4
:10AA600000237B6107233B61FFF744FF3B4B1B68DF
:10AA7000BA689A426AD33B69013B3B617A69130029
:10AA8000DB009B189B001A00FB6898183A691300BA
:10AA90009B009B189B00324A9B180122190000F072
:10AAA00089FB02007B699B187B613B69002BE2D12B
:10AAB0007A691300DB009B189B001A00FB6898184A
:10AAC000284B1B680222190000F074FB02007B690E
:10AAD0009B187B617A691300DB009B189B001A00AE
:10AAE000FB689818204B1B680222190000F062FBDB
:10AAF00002007B699B187B617A691300DB009B185D
:10AB00009B001A00FB689B1818490422180000F0EB
:10AB100051FB02007B699B187B617A691300DB00A3
:10AB20009B189B001A00FB689B1811490322180010
:10AB300000F040FB02007B699B187B617B68002B67
:10AB400004D0F0F7FFF802007B681A60FFF7DEFE22
:10AB50007B691800BD4606B080BDC04608C0012014
:10AB60000CBF0120C0BF0120C4BF0120DCBF0120F9
:10AB7000F4BF012080B586B000AF00237B61464B57
:10AB80001B68002B00D07DE0444B1B6801333B6108
:10AB9000424B3A691A603B69002B10D1404B1B684D
:10ABA000FB60404B1A683E4B1A603E4BFA681A60D5
:10ABB0003D4B1B685A1C3C4B1A6000F079FB3B4B29
:10ABC0001B683A699A4249D3354B1B681B68002BB6
:10ABD00004D1364B012252421A603FE0304B1B68D1
:10ABE000DB68DB68BB60BB685B687B603A697B687D
:10ABF0009A4203D22D4B7A681A602FE0BB68043367
:10AC00001800FEF7E5FBBB689B6A002B04D0BB680D
:10AC100018331800FEF7DCFBBB68DA6A244B1B68AC
:10AC20009A4203D9BB68DA6A214B1A60BB68DA6AB8
:10AC300013009B009B189B001E4A9A18BB680433A4
:10AC400019001000FEF76CFBBB68DA6A1A4B1B6830
:10AC5000DB6A9A42B8D301237B61B5E7164B1B68C8
:10AC6000DA6A144913009B009B189B005B58012B68
:10AC700001D901237B61114B1B68002B07D00123F5
:10AC80007B6104E00E4B1B685A1C0D4B1A607B69FC
:10AC90001800BD4606B080BD30C001200CC00120A8
:10ACA000C0BF0120C4BF012020C0012028C0012056
:10ACB00010C001200CBF012008BF01201CC00120D2
:10ACC00018C0012080B584B000AF3F4B1B68002B3B
:10ACD00003D03E4B01221A6071E03C4B00221A6007
:10ACE000F0F730F802003A4B1A60394B1A68394BCA
:10ACF0001B689A4209D9384B1B68596D344A106851
:10AD0000344A1268821A8A185A65314B1A68314BD4
:10AD10001A60314B1B681B6BBB60304B7B60BB68A0
:10AD20001B687A689A4211D1BB6804331B687A6841
:10AD30009A420BD1BB6808331B687A689A4205D1E6
:10AD4000BB680C331B687A689A4208D0224B1A6899
:10AD5000214B1B68343319001000F9F7BBF9204B65
:10AD60001B68FB6002E0FB68013BFB601D49FA6861
:10AD700013009B009B189B005B58002BF3D0FA68D4
:10AD800013009B009B189B00164A9B183B603B6876
:10AD90005B685A683B685A603B685A683B6808338E
:10ADA0009A4204D13B685B685A683B685A603B68CA
:10ADB0005B68DA68084B1A60094BFA681A60C0468B
:10ADC000BD4604B080BDC04630C001201CC001207B
:10ADD00038C0012034C0012008BF0120A5A5A5A5C9
:10ADE00010C001200CBF012080B582B000AF786098
:10ADF0003960094B1B6818331A007B681100180072
:10AE0000FEF7B0FA3B680121180000F0DDFEC046F5
:10AE1000BD4602B080BDC04608BF012080B584B0E9
:10AE200000AFF860B9607A600C4B1B6818331A00E9
:10AE3000FB6811001800FEF773FA7B68002B02D044
:10AE400001235B42BB607A68BB681100180000F008
:10AE5000BBFEC046BD4604B080BDC04608BF012051
:10AE600080B584B000AF78607B68DB68DB68BB606E
:10AE7000BB6818331800FEF7ABFA1F4B1B68002B9A
:10AE80001DD1BB6804331800FEF7A2FABB68DA6A6A
:10AE90001A4B1B689A4203D9BB68DA6A174B1A60CF
:10AEA000BB68DA6A13009B009B189B00144A9A182F
:10AEB000BB68043319001000FEF732FA07E0BB68E4
:10AEC00018331A000F4B11001800FEF729FABB685F
:10AED000DA6A0D4B1B68DB6A9A4205D90123FB60D5
:10AEE0000A4B01221A6001E00023FB60FB68180096
:10AEF000BD4604B080BDC04630C0012010C0012056
:10AF00000CBF0120C8BF012008BF01201CC00120C8
:10AF100080B582B000AF7860054B1A687B681A6014
:10AF2000044B1A687B685A60C046BD4602B080BDBB
:10AF300020C001200CC0012080B586B000AF786031
:10AF40003960FEF7FDFA1D4B1B683B617B685B684F
:10AF50003A69D31AFB603B681B68013302D10023B6
:10AF60007B6124E07B681A68154B1B689A4207D006
:10AF70007B685B683A699A4202D301237B6116E0E1
:10AF80003B681B68FA689A420CD23B681A68FB68F7
:10AF9000D21A3B681A607B681800FFF7B9FF0023DC
:10AFA0007B6104E03B6800221A6001237B61FEF7AD
:10AFB000D9FA7B691800BD4606B080BD0CC00120DF
:10AFC00020C0012080B500AF024B01221A60C046AC
:10AFD000BD4680BD1CC0012080B582B000AF786046
:10AFE00000F04EF8034B1B68012BF9D9FEF798FAD5
:10AFF000F6E7C0460CBF012080B582B000AF002349
:10B000007B600CE07A6813009B009B189B00144A3D
:10B010009B181800FEF75BF97B6801337B607B6847
:10B02000062BEFD90F4B1800FEF751F90E4B180005
:10B03000FEF74DF90D4B1800FEF749F90C4B1800BF
:10B04000FEF745F90B4B1800FEF741F90A4B054A8C
:10B050001A600A4B044A1A60C046BD4602B080BD61
:10B060000CBF012098BF0120ACBF0120C8BF012048
:10B07000DCBF0120F4BF0120C0BF0120C4BF0120FC
:10B0800080B582B000AF1AE0FEF75AFA104BDB68C9
:10B09000DB687B607B6804331800FEF799F90D4B81
:10B0A0001B685A1E0B4B1A600B4B1B685A1E0A4B2F
:10B0B0001A60FEF757FA7B68180000F0E8F8064BB4
:10B0C0001B68002BE0D1C046C046BD4602B080BD23
:10B0D000DCBF012008C00120F0BF012080B586B090
:10B0E00000AFF860B9607A601A00FB1C1A70FB6848
:10B0F000002B02D12E4B1B6800E0FB687B61BB6814
:10B100007A691A607B6934331A00BB685A607B69BC
:10B11000DA6ABB681A617B691A6BBB68DA617B69A2
:10B120005A6CBB689A607B69DA6CBB685A617B6950
:10B130005A6DBB689A61FB1C1B78052B1CD01C4BFD
:10B140001B687A699A4203D1BB6800221A731BE01C
:10B15000BB68FA1C12781A73FB1C1B78032B13D1E3
:10B16000FFF7C8FB7B699B6A002B02D0BB680222F9
:10B170001A73FFF7CBFB07E07B691800FFF776FA3D
:10B1800003001A00BB681A737B68002B09D07B6927
:10B190001B6B180000F061F803001A00BB681A84EA
:10B1A00002E0BB6800221A84C046BD4606B080BDDE
:10B1B00008BF012080B58AB000AFF860B960FB1D00
:10B1C0001A7000237B62BB681B68002B40D0BB68F1
:10B1D0003B623B6A5B685A683B6A5A603B6A5A68E2
:10B1E0003B6A08339A4204D13B6A5B685A683B6AFF
:10B1F0005A603B6A5B68DB68FB61BB68BB61BB692B
:10B200005B685A68BB695A60BB695A68BB69083396
:10B210009A4204D1BB695B685A68BB695A60BB69D2
:10B220005B68DB687B617A6A1300DB009B189B001C
:10B230001A00FB689918FB1D1B7878690122FFF73B
:10B240004DFF7B6A01337B627A69FB699A42D4D1F4
:10B250007B6A1800BD460AB080BD80B584B000AFDF
:10B2600078600023FB6005E07B6801337B60FB684E
:10B270000133FB607B681B78A52BF5D0FB689B082E
:10B28000FB60FB689BB21800BD4604B080BD80B572
:10B2900082B000AF78607B681B6B1800FEF780FA05
:10B2A0007B681800FEF77CFAC046BD4602B080BD40
:10B2B00080B582B000AF0B4B1B681B68002B04D11C
:10B2C000094B012252421A6008E0064B1B68DB68FA
:10B2D000DB687B607B685A68034B1A60C046BD46DA
:10B2E00002B080BDC0BF012028C0012080B582B05F
:10B2F00000AF0A4B1B68002B02D101237B6008E0E2
:10B30000074B1B68002B02D102237B6001E0002366
:10B310007B607B681800BD4602B080BD14C0012070
:10B3200030C0012080B584B000AF78607B68BB601E
:10B330000023FB607B68002B51D0BB68DA6A2A4B84
:10B340001B68DB6A9A4241D2BB689B69002B06DB13
:10B35000254B1B68DB6A0722D21ABB689A61BB685F
:10B360005969BB68DA6A13009B009B189B001F4A4F
:10B370009B18994222D1BB6804331800FEF728F8C5
:10B38000194B1B68DA6ABB68DA62BB68DA6A184B69
:10B390001B689A4203D9BB68DA6A154B1A60BB680E
:10B3A000DA6A13009B009B189B00104A9A18BB682E
:10B3B000043319001000FDF7B3FF04E00A4B1B68CB
:10B3C000DA6ABB68DA620123FB6008E0BB68DA6C0A
:10B3D000054B1B68DB6A9A4201D20123FB60FB68C4
:10B3E0001800BD4604B080BD08BF01200CBF01207D
:10B3F00010C0012080B584B000AF78607B68BB606E
:10B400000023FB607B68002B37D0BB681B6D5A1E86
:10B41000BB681A65BB68DA6ABB68DB6C9A422CD0E1
:10B42000BB681B6D002B28D1BB6804331800FDF7E7
:10B43000CFFFBB68DA6CBB68DA62BB68DB6A0722E5
:10B44000D21ABB689A61BB68DA6A0E4B1B689A42D3
:10B4500003D9BB68DA6A0B4B1A60BB68DA6A13005F
:10B460009B009B189B00084A9A18BB68043319007C
:10B470001000FDF755FF0123FB60FB681800BD4677
:10B4800004B080BD10C001200CBF012080B586B083
:10B4900000AF786039607B683B610123FB607B68AB
:10B4A000002B4BD03B69DB6C3A689A4202D93B686F
:10B4B0007B6102E03B69DB6C7B613B69DB6A7A693B
:10B4C0009A423BD03B691B6DFA689A4236D13B6980
:10B4D000DB6ABB603B697A69DA623B699B69002B76
:10B4E00004DB7B690722D21A3B699A613B6959697F
:10B4F000BA6813009B009B189B00124A9B18994244
:10B500001CD13B6904331800FDF762FF3B69DA6A1E
:10B510000D4B1B689A4203D93B69DA6A0A4B1A60E1
:10B520003B69DA6A13009B009B189B00054A9A1836
:10B530003B69043319001000FDF7F2FEC046BD461A
:10B5400006B080BD0CBF012010C0012080B584B0C2
:10B5500000AF786039603A687B681100180020F00D
:10B56000C4FC7B681800E4F7D9FD0300FB6007E02A
:10B570007A68FB68D31820221A70FB680133FB60DD
:10B58000FB680B2BF4D97A68FB68D31800221A7079
:10B590007A68FB68D3181800BD4604B080BD00006F
:10B5A000F0B589B002AF78607B6800221A704C4B0E
:10B5B0001B68FB604A4B1A681300DB009B189B005A
:10B5C0001800FEF74DF80300BB60BB68002B00D1EC
:10B5D00082E0F968BB6800221800FFF73BFA03001D
:10B5E000FB6000237B616FE07A691300DB009B182E
:10B5F0009B001A00BB689B181B7B042B1DD89A006C
:10B60000384BD3181B689F461323FB1858221A7017
:10B6100018E01323FB1852221A7013E01323FB18AF
:10B6200042221A700EE01323FB1853221A7009E00D
:10B630001323FB1844221A7004E01323FB18002282
:10B640001A70C0467A691300DB009B189B001A0031
:10B65000BB689B185A687B6811001800FFF776FFDB
:10B6600003007B601323FB181C787A691300DB004E
:10B670009B189B001A00BB689B181D697A69130010
:10B68000DB009B189B001A00BB689B181B8C1E00DC
:10B690007A691300DB009B189B001A00BB689B189B
:10B6A0009B6811497868019300962B00220020F0D6
:10B6B00085FA7B681800E4F731FD02007B689B186F
:10B6C0007B607B6901337B617A69FB689A428BD32B
:10B6D000BB681800FEF764F8C046BD4607B0F0BD71
:10B6E00008C00120C0360408B036040880B588B010
:10B6F00000AF78607B6800221A703F4B1B68BB610B
:10B700003D4B1A681300DB009B189B001800FDF7E7
:10B71000A7FF03007B617B69002B68D00C23FA181C
:10B72000B9697B691800FFF795F90300BB61FB68F5
:10B7300064211800E4F70EFD0300FB60FB68002B9A
:10B7400051D00023FB614AE0FA691300DB009B182B
:10B750009B001A007B699B189B69FA68110018000E
:10B76000E4F7F8FC03003B61FA691300DB009B1867
:10B770009B001A007B699B185A687B6811001800AF
:10B78000FFF7E4FE03007B603B69002B0ED0FA69F3
:10B790001300DB009B189B001A007B699B189A69B9
:10B7A0003B691649786820F009FA0DE0FA69130040
:10B7B000DB009B189B001A007B699B189A69104953
:10B7C0007B68180020F0FAF97B681800E4F7A6FC03
:10B7D00002007B689B187B60FB690133FB61FA699F
:10B7E000BB699A42B0D37B691800FDF7D9FFC04608
:10B7F000BD4608B080BDC04608C00120D43604084C
:10B80000E036040880B500AF064B1B68002B04D05F
:10B81000044B1B681A6D01321A65024B1B68180035
:10B82000BD4680BD08BF012080B584B000AF786000
:10B830003960FDF785FE1C4B1B689B6D002B0ED1FC
:10B84000194B1B685C22012199543B68002B06D0E0
:10B850003B680121180000F0B7F9FDF761FEFDF724
:10B8600081FEFDF76DFE104B1B689B6DFB60FB6856
:10B87000002B0CD07B68002B04D00B4B1B680022E4
:10B880009A6504E0084B1B68FA68013A9A65064B12
:10B890001B685C2200219954FDF764FEFB681800C8
:10B8A000BD4604B080BDC04608BF012080B588B049
:10B8B00000AFF860B9603B60FB1D1A700123FB61AB
:10B8C000FB68BB61FDF73CFE3B68002B03D0BB6906
:10B8D0009A6D3B681A601723FB18BA695C21525CA9
:10B8E0001A70BB695C2202219954FB1D1B78042B42
:10B8F00021D89A002A4BD3181B689F46BB699A6DC2
:10B90000BB681A43BB699A6518E0BB699B6D5A1CFA
:10B91000BB699A6512E0BB69BA689A650EE01723A5
:10B92000FB181B78022B03D0BB69BA689A6505E047
:10B930000023FB6102E0C04600E0C0461723FB186D
:10B940001B78012B25D1BB6904331800FDF740FD9E
:10B95000BB69DA6A134B1B689A4203D9BB69DA6A7E
:10B96000104B1A60BB69DA6A13009B009B189B009E
:10B970000D4A9A18BB69043319001000FDF7D0FC7A
:10B98000BB69DA6A094B1B68DB6A9A4201D9FDF789
:10B99000C7FDFDF7E7FDFB691800BD4608B080BD97
:10B9A000EC36040810C001200CBF012008BF0120A4
:10B9B00080B588B000AFF860B9603B60FB1D1A70BD
:10B9C0000123FB61FB68BB61FDF7DEFD03007B61CA
:10B9D0003B68002B03D0BB699A6D3B681A60132348
:10B9E000FB18BA695C21525C1A70BB695C220221A7
:10B9F0009954FB1D1B78042B21D89A00354BD31882
:10BA00001B689F46BB699A6DBB681A43BB699A6500
:10BA100018E0BB699B6D5A1CBB699A6512E0BB6953
:10BA2000BA689A650EE01323FB181B78022B03D02B
:10BA3000BB69BA689A6505E00023FB6102E0C04675
:10BA400000E0C0461323FB181B78012B39D1224B91
:10BA50001B68002B1DD1BB6904331800FDF7B8FC2F
:10BA6000BB69DA6A1D4B1B689A4203D9BB69DA6A63
:10BA70001A4B1A60BB69DA6A13009B009B189B0083
:10BA8000174A9A18BB69043319001000FDF748FCE7
:10BA900007E0BB6918331A00124B11001800FDF7BC
:10BAA0003FFCBB69DA6A104B1B68DB6A9A4208D913
:10BAB000BB6A002B02D0BB6A01221A600B4B012229
:10BAC0001A607B691800FDF765FDFB691800BD462B
:10BAD00008B080BD0037040830C0012010C001202C
:10BAE0000CBF0120C8BF012008BF01201CC00120DD
:10BAF00080B586B000AF786039607B687B61FDF708
:10BB000043FD03003B610F203B187A695C21525CC6
:10BB10001A707B695C22022199547B699B6D5A1CC7
:10BB20007B699A653B181B78012B39D1204B1B6828
:10BB3000002B1DD17B6904331800FDF749FC7B699C
:10BB4000DA6A1C4B1B689A4203D97B69DA6A194B83
:10BB50001A607B69DA6A13009B009B189B00164AE7
:10BB60009A187B69043319001000FDF7D9FB07E030
:10BB70007B6918331A00114B11001800FDF7D0FB38
:10BB80007B69DA6A0E4B1B68DB6A9A4208D93B680C
:10BB9000002B02D03B6801221A600A4B01221A6076
:10BBA0003B691800FDF7F6FCC046BD4606B080BDF7
:10BBB00030C0012010C001200CBF0120C8BF0120EF
:10BBC00008BF01201CC0012080B584B000AF7860A0
:10BBD0003960214B1B68FB60204B1B680433180045
:10BBE000FDF7F6FB7B6801330BD13B68002B08D0D7
:10BBF0001A4B1B681A1D1A4B11001800FDF790FB19
:10BC000026E0FA687B68D318BB60144B1B68BA68DF
:10BC10005A60BA68FB689A4209D2124B1A680F4BF5
:10BC20001B68043319001000FDF79CFB10E00E4B5D
:10BC30001A680A4B1B68043319001000FDF792FBC9
:10BC40000A4B1B68BA689A4202D2084BBA681A605B
:10BC5000C046BD4604B080BD0CC0012008BF012015
:10BC6000F4BF0120C4BF0120C0BF012028C00120B3
:10BC700080B584B002AF00237B6000F0E3FA0A4B8A
:10BC80001B68002B0BD0094A09490A480A4B01934B
:10BC9000032300930023FEF794FB03007B607B6883
:10BCA0001800BD4602B080BD6CC00120C409000070
:10BCB0001437040869BE010870C0012090B589B02E
:10BCC00002AFF860B9607A603B602C20FDF7C8FCD9
:10BCD00003007B617B69002B0ED07B692822002149
:10BCE00099543C687A68B968F8687B690193BB6AC3
:10BCF0000093230000F005F87B691800BD4607B0EB
:10BD000090BD80B584B000AFF860B9607A603B60E8
:10BD1000FB69002B1ED000F095FAFB69FA681A60E7
:10BD2000FB69BA689A61FB693A68DA61FB69BA69CA
:10BD30001A62FB6904331800FDF7E7FA7B68002BF1
:10BD400008D0FB6928229B5C04221343D9B2FB690B
:10BD500028229954C046BD4604B080BD90B58BB032
:10BD600000AFF860B9607A603B6000237B621D4BD6
:10BD70001B68002B30D014243B19BA681A603B1999
:10BD80007A685A603B19FA689A60BB68052B19DC1F
:10BD9000FFF7ACFA0300022B09D1124B1868BA6BFB
:10BDA00039190023FDF7ABFE03007B6214E00D4B55
:10BDB00018681423F91800230022FDF7A0FE0300E1
:10BDC0007B6209E0074B18683A681423F9180023CE
:10BDD000FDF72AFF03007B627B6A1800BD460BB0AB
:10BDE00090BDC0466CC0012080B586B002AF7860BF
:10BDF00039601C4B1B68DB68DB68FB60FB68043345
:10BE00001800FDF7E5FAFB6828229B5C1A00042362
:10BE1000134015D0FB689A697B68D1187B683A6833
:10BE2000F86800F0BFF8031E13D07A68F8680023A2
:10BE3000009300230021FFF791FF0300BB6008E09F
:10BE4000FB6828229B5C01229343D9B2FB6828221D
:10BE50009954FB681B6AFA6810009847C046BD46B3
:10BE600004B080BD64C0012080B584B000AF7860AC
:10BE70000823FB18180000F053F80300FB60BA68B1
:10BE8000FB681100180000F003F800F0CDF8EFE7B0
:10BE900080B584B000AF78603960FEF72BFD0823D1
:10BEA000FB18180000F05EF80300FB60BB68002B75
:10BEB0002BD13B68002B0CD17A68FB689A4208D8DA
:10BEC000FEF724FDFA687B6811001800FFF78CFF6D
:10BED0001DE03B68002B08D00F4B1B681B68002B34
:10BEE00001D1012300E000233B600C4B18687A6805
:10BEF000FB68D31A3A681900FEF730FAFEF706FD20
:10BF0000031E04D1FDF70CFB01E0FEF7FFFCC04669
:10BF1000BD4604B080BDC04668C001206CC0012091
:10BF200080B584B000AF78600D4B1B681B68002B98
:10BF300001D1012200E000227B681A607B681B6847
:10BF4000002B05D1064B1B68DB681B68FB6001E01A
:10BF50000023FB60FB681800BD4604B080BDC046EE
:10BF600064C0012080B584B000AF7860FEF754FD56
:10BF70000300FB600A4B1B68FA689A4205D200F086
:10BF800009F97B6801221A6002E07B6800221A60CE
:10BF9000034BFA681A60FB681800BD4604B080BD08
:10BFA00074C0012080B586B000AFF860B9607A60D7
:10BFB0003B6000237B61FB68BA685A60FB68FA68E3
:10BFC0001A61BA687B689A4212D87A683B68D21ABA
:10BFD000FB689B699A4202D301237B611BE0104BF3
:10BFE0001A68FB68043319001000FDF7BBF912E072
:10BFF0007A683B689A4206D2BA683B689A4202D392
:10C0000001237B6107E0074B1A68FB6804331900C2
:10C010001000FDF7A7F97B691800BD4606B080BD8A
:10C0200068C0012064C0012090B58DB002AF9CE0D3
:10C030000822BB181B68002B0ADABB1804337B628A
:10C040007B6A1A687B6A58687B6A9B68190090470C
:10C050000822BB181B68002B00DA86E0BB189B681F
:10C060003B623B6A5B69002B04D03B6A04331800D7
:10C07000FDF7AEF93B1D1800FFF774FF0300FB61ED
:10C080000823FB181B68092B6ED89A003F4BD31866
:10C090001B689F463B6A28229B5C01221343D9B24E
:10C0A0003B6A2822995408243B195A683B6A9B69C9
:10C0B000D1183B195B68FA69386AFFF773FF031EF2
:10C0C00053D03B6A1B6A3A6A100098473B6A2822A1
:10C0D0009B5C1A000423134047D03B195A683B6A03
:10C0E0009B69D218386A0023009300230021FFF7D0
:10C0F00035FE0300BB6138E03B6A28229B5C0122CD
:10C100009343D9B23B6A282299542EE03B6A2822F5
:10C110009B5C01221343D9B23B6A2822995408231D
:10C12000FB185A683B6A9A613B6A9A69FB69D118A5
:10C13000FB69FA69386AFFF735FF16E03B6A282287
:10C140009B5C1A000223134004D13B6A1800FDF7E0
:10C1500027FB0AE03B6A28229B5C01229343D9B269
:10C160003B6A2822995400E0C046094B1B6808220C
:10C17000B91800221800FDF7F5FD031E00D057E79F
:10C18000C046C046BD460BB090BDC0461C37040833
:10C190006CC0012080B588B002AF3CE0274B1B6823
:10C1A000DB681B683B61254B1B68DB68DB68FB6059
:10C1B000FB6804331800FDF70BF9FB681B6AFA688B
:10C1C00010009847FB6828229B5C1A000423134048
:10C1D00021D0FB689B693A69D318BB60BA683B6998
:10C1E0009A420ED9FB68BA685A60FB68FA681A610D
:10C1F000124B1A68FB68043319001000FDF7B2F8FF
:10C2000009E03A69F8680023009300230021FFF752
:10C21000A5FD03007B60094B1B681B68002BBDD18B
:10C22000064B1B687B61064B1A68044B1A60044B73
:10C230007A691A60C046BD4606B080BD64C0012060
:10C2400068C0012080B500AFFDF77AF9144B1B6878
:10C25000002B20D1134B1800FDF739F8124B1800B2
:10C26000FDF735F8114B0F4A1A60114B0E4A1A6050
:10C27000002210210420FDF7DAFB0200084B1A60AF
:10C28000074B1B68002B06D0054B1B68094A1100A1
:10C290001800FEF73BF8FDF765F9C046BD4680BDC6
:10C2A0006CC001203CC0012050C0012064C00120AE
:10C2B00068C001204437040880B584B000AF7860BE
:10C2C0007B68BB60FDF73CF9BB6828229B5C1A00C9
:10C2D0000123134002D10023FB6001E00123FB6036
:10C2E000FDF740F9FB681800BD4604B080BD0000B2
:10C2F00080B582B000AFFB1D00221A700B4B1A688C
:10C300000A4B802149000A431A60032000F016F806
:10C31000031E03D0FB1D01221A7001E000F008F893
:10C32000FB1D1B781800BD4602B080BD00200240F6
:10C3300080B500AFC046BD4680BD000090B585B059
:10C3400000AF78600F23FB1800221A701D4B1B787A
:10C35000002B2BD01C4B1C681A4B1B781900FA239E
:10C360009800E3F7F7FE030019002000E3F7F2FE60
:10C370000300180001F023FA031E12D17B68032B7F
:10C380000AD8796801235B420022180001F0F2F913
:10C390000E4B7A681A600DE00F23FB1801221A7009
:10C3A00008E00F23FB1801221A7003E00F23FB188B
:10C3B00001221A700F23FB181B781800BD4605B028
:10C3C00090BDC046FC010020E0010020F8010020E3
:10C3D00080B500AF054B1B781A00054B1B68D218BF
:10C3E000034B1A60C046BD4680BDC046FC0100201C
:10C3F00078C0012080B500AF024B1B681800BD4615
:10C4000080BDC04678C0012080B584B000AF7860A0
:10C41000FFF7F0FF0300BB607B68FB60FB68013344
:10C4200005D00A4B1B781A00FB689B18FB60C046BE
:10C43000FFF7E0FF0200BB68D31AFA689A42F7D808
:10C44000C046C046BD4604B080BDC046FC010020C9
:10C4500080B500AF034B1B681B0C1B041B0C1800A2
:10C46000BD4680BD0058014080B500AF034B1B683E
:10C470001B051B0D1800BD4680BDC046005801407D
:10C4800080B582B000AF786039607B681B68054A70
:10C490001A403B681A437B681A60C046BD4602B02A
:10C4A00080BDC046FFFF3FFE80B582B000AF786020
:10C4B0007B681A68E0235B0413401800BD4602B095
:10C4C00080BD80B584B000AFF860B9607A60FB6869
:10C4D0005B69BA6804210A40072191400A00D243EF
:10C4E0001A40BB6804210B40796899400B001A433D
:10C4F000FB685A61C046BD4604B080BD80B582B0BD
:10C5000000AF786039607B685B693A6804210A4053
:10C51000072191400A001A403B6804210B40DA4091
:10C5200013001800BD4602B080BD80B582B000AFD8
:10C5300078607B68DA68C0231B01134001D10123B6
:10C5400000E000231800BD4602B080BD80B584B075
:10C5500000AFF860B9607A60FB689B6ABA681F2117
:10C560000A400F2191400A00D2431A407B689B0E7B
:10C570000F211940BB681F20034099400B001A434C
:10C58000FB689A62C046BD4604B080BD80B582B0EB
:10C5900000AF786039607B689A6A3B685B035B0B2D
:10C5A0001A437B689A62C046BD4602B080BD80B522
:10C5B00082B000AF786039607B689B6A3A6852034A
:10C5C000520BD2431A407B689A62C046BD4602B005
:10C5D00080BD000080B584B000AFF860B9607A60BB
:10C5E000FB685B69BA681202D2431A40BB681B023F
:10C5F00079680B4004490B401A43FB685A61C046F6
:10C60000BD4604B080BDC04600FFFF0780B582B0C4
:10C6100000AF78607B689B68054A13408022520512
:10C620001A437B689A60C046BD4602B080BDC046D2
:10C63000E8FFFF6F80B582B000AF78607B689A68D2
:10C6400080235B051A4080235B059A4201D10123B8
:10C6500000E000231800BD4602B080BD80B582B066
:10C6600000AF78607B689B68044A134001221A433C
:10C670007B689A60C046BD4602B080BDE8FFFF7F80
:10C6800080B582B000AF78607B689B68044A134035
:10C6900002221A437B689A60C046BD4602B080BD44
:10C6A000E8FFFF7F80B582B000AF78607B689B6851
:10C6B00001221340012B01D1012300E000231800C7
:10C6C000BD4602B080BD80B582B000AF78607B68A7
:10C6D0009B6802221340022B01D1012300E00023BA
:10C6E0001800BD4602B080BD80B582B000AF786052
:10C6F0007B689B68044A134004221A437B689A6053
:10C70000C046BD4602B080BDE8FFFF7F80B582B065
:10C7100000AF78607B689B68044A134010221A437C
:10C720007B689A60C046BD4602B080BDE8FFFF7FCF
:10C7300080B582B000AF78607B689B6804221340AC
:10C74000042B01D1012300E000231800BD4602B0F4
:10C7500080BD000080B588B000AF78601F23FB1853
:10C7600000221A700023BB6100237B610023FB6061
:10C770007B68002B01D101237FE17B689B6D002B3F
:10C780000AD17B681800F6F78FF87B680022DA651B
:10C790007B685422002199547B681B681800FFF7BE
:10C7A00049FF031E15D17B681B681800FFF72EFF99
:10C7B000B44B1B68B4491800E3F7CCFC0300013309
:10C7C0005B00FB6002E0FB68013BFB60FB68002B49
:10C7D000F9D17B681B681800FFF72CFF031E0FD1EF
:10C7E0007B689B6D10221A437B689A657B68DB6DC2
:10C7F00001221A437B68DA651F23FB1801221A7095
:10C800007B681B681800FFF793FF03003B617B68A0
:10C810009B6D1022134000D022E13B69002B00D019
:10C820001EE17B689B6D994A134002221A437B6884
:10C830009A657B681B681800FFF734FF031E00D061
:10C84000ADE07B689A687B681B7E9B031A437B681C
:10C850005B7EDB031A437B689B7E5B031A437B682A
:10C860001B6B002B02D080235B0100E000231A43E6
:10C870007B68DB681A437B681B69002B04DA7B68E2
:10C880001B695B005B0801E080239B031A437B6804
:10C890002C215B5C5B001343BA691343BB617B686B
:10C8A00020229B5C012B15D17B689B7E002B05D140
:10C8B000BB69802252021343BB610BE07B689B6D16
:10C8C00020221A437B689A657B68DB6D01221A433C
:10C8D0007B68DA657B685B6A002B0AD07B685A6AE2
:10C8E000E0235B001A407B689B6A1343BA691343D9
:10C8F000BB617B681B68DB68654A134019007B6875
:10C900001B68BA690A43DA607B685B689B0F9A0709
:10C910007B68DB6C13437A6913437B617B683C2241
:10C920009B5C012B11D17B685B689B0F9A077B682E
:10C930001B6C1A437B685B6C1A437B689B6C1A43C5
:10C940007B691343012213437B617B681B681B696E
:10C95000504A134019007B681B687A690A431A61C0
:10C960007B685A68C0231B069A4218D07B685A68B5
:10C970008023DB059A4212D07B685A6880231B060D
:10C980009A420CD0444B1B68444A134019007B6800
:10C990005A68F0239B031A403F4B0A431A607B6896
:10C9A00018687B685B6B1A000021FFF78AFD7B68C3
:10C9B00018687B689B6B3A491A00FFF782FD7B6819
:10C9C0001B69002B09D17B681B689A6A7B681B680E
:10C9D000102149420A439A6218E07B681A69802351
:10C9E0009B039A4212D17B681B689B6A7B68DB6958
:10C9F000013B9B001C221340102252429A4011001E
:10CA00007B681A6E7B681B680A439A627B681B68A6
:10CA100000211800FFF772FD02007B685B6B9A42F1
:10CA20000BD17B680022DA657B689B6D0322934300
:10CA300001221A437B689A651CE07B689B6D122279
:10CA4000934310221A437B689A657B68DB6D012251
:10CA50001A437B68DA651F23FB1801221A7009E06C
:10CA60007B689B6D10221A437B689A651F23FB1815
:10CA700001221A701F23FB181B781800BD4608B04E
:10CA800080BDC046E0010020400D0300FDFEFFFF19
:10CA90000102DEFF02FCFF1F08270140FFFFC3FF6A
:10CAA00004FFFF07B0B584B000AF78607B681B68F7
:10CAB0001800FFF73DFE031E35D17B6854229B5CB6
:10CAC000012B01D1022335E07B68542201219954C6
:10CAD0000F257C197B68180000F028FB03002370E9
:10CAE0007B191B78002B19D17B689B6D134A13406F
:10CAF000802252001A437B689A657B680022DA65BF
:10CB00007B681B681C221A607B68542200219954A0
:10CB10007B681B681800FFF7E7FD08E07B6854227C
:10CB20000021995403E00F23FB1802221A700F23EF
:10CB3000FB181B781800BD4604B0B0BDFEF0FFFF27
:10CB4000B0B584B000AF78607B6854229B5C012B49
:10CB500001D1022329E07B685422012199540F2539
:10CB60007C197B68180000F09FFA030023707B1982
:10CB70001B78002B12D17C197B68180000F05CFB3D
:10CB8000030023707B191B78002B07D17B689B6DFA
:10CB9000084A134001221A437B689A657B68542235
:10CBA000002199540F23FB181B781800BD4604B0D0
:10CBB000B0BDC046FEFEFFFF80B584B000AF786018
:10CBC00039607B685B69082B02D10823FB600FE0AA
:10CBD0007B681B68DB680122134007D07B689B6D74
:10CBE00020221A437B689A65012372E00423FB60CC
:10CBF000FFF700FC0300BB601FE03B6801331CD063
:10CC0000FFF7F8FB0200BB68D31A3A689A4202D3D6
:10CC10003B68002B11D17B681B681B68FA681340C6
:10CC20000BD17B689B6D04221A437B689A657B68F5
:10CC300054220021995403234BE07B681B681B6836
:10CC4000FA681340D9D07B689B6D802292001A430A
:10CC50007B689A657B681B681800FFF766FC031EFB
:10CC60002ED07B689B7E002B2AD17B681B681B68BB
:10CC700008221340082B23D17B681B681800FFF79C
:10CC800057FD031E10D17B681B685A687B681B68C0
:10CC90000C218A435A607B689B6D104A1340012225
:10CCA0001A437B689A650BE07B689B6D20221A43D0
:10CCB0007B689A657B68DB6D01221A437B68DA65C5
:10CCC0007B681B7E002B03D17B681B680C221A60DB
:10CCD00000231800BD4604B080BDC046FEFEFFFF25
:10CCE00080B582B000AF78607B681B681B6C180051
:10CCF000BD4602B080BD000080B586B000AF786050
:10CD000039601723FB1800221A700023FB607B6830
:10CD100054229B5C012B01D10223C0E17B68542289
:10CD2000012199547B681B681800FFF701FD031E61
:10CD300000D0A3E13B685B68022B00D143E17B6834
:10CD40001A6980231B069A4204D07B681B69C14A7A
:10CD5000934208D17B681A683B681B681900100071
:10CD6000FFF714FCC9E07B681A6E3B685B681F2103
:10CD70000B400F2199400B00DB43134019003B6827
:10CD80001B685B035B0B05D13B681B689B0E1F2276
:10CD9000134098E03B681B680122134000D091E0EB
:10CDA0003B681B680222134000D089E03B681B6887
:10CDB0000422134000D081E03B681B680822134026
:10CDC00000D079E03B681B681022134000D071E06E
:10CDD0003B681B682022134000D069E03B681B6859
:10CDE0004022134000D061E03B681B688022134062
:10CDF00000D059E03B681A6880235B00134051D192
:10CE00003B681A6880239B00134049D13B681A682D
:10CE10008023DB00134041D13B681A6880231B014B
:10CE2000134039D13B681A6880235B01134031D12C
:10CE30003B681A6880239B01134029D13B681A681C
:10CE40008023DB01134021D13B681A6880231B0239
:10CE5000134019D13B681A6880235B02134011D13B
:10CE60003B681A6880239B02134009D13B681A680B
:10CE70008023DB02134001D0122324E0002322E0B0
:10CE8000112320E010231EE00F231CE00E231AE0E4
:10CE90000D2318E00C2316E00B2314E00A2312E004
:10CEA000092310E008230EE007230CE006230AE024
:10CEB000052308E0042306E0032304E0022302E044
:10CEC000012300E000233A6852681F20024093408B
:10CED0000A001A437B681A663B685B689B085A1C09
:10CEE0007B68DB699A4208D87B6818683B68596898
:10CEF0003B681B681A00FFF729FB7B6818683B68D2
:10CF000019683B689B681A00FFF764FB3B681B6865
:10CF1000002B00DBBCE0504B1800FFF7C5FA030004
:10CF20003B613B681B684D4A934222D13A6980239A
:10CF30001B0413401DD13B69802212041343464A4F
:10CF400019001000FFF79CFA454B1B684549180073
:10CF5000E3F700F903005A1C13005B009B189B00C9
:10CF6000FB6002E0FB68013BFB60FB68002BF9D132
:10CF70008EE03B681B683C4A93420ED13A6980239D
:10CF80005B04134009D13B69802252041343324AA7
:10CF900019001000FFF774FA7AE03B681B68334A07
:10CFA000934200D074E03A698023DB03134000D041
:10CFB0006EE03B698022D2031343274A1900100018
:10CFC000FFF75EFA64E07B681A6980231B069A42C9
:10CFD00004D07B681B691F4A934207D17B681A689B
:10CFE0003B681B6819001000FFF7E1FA3B681B68FB
:10CFF000002B4DDA184B1800FFF756FA03003B617F
:10D000003B681B68154A934208D13B69184A134094
:10D01000114A19001000FFF733FA39E03B681B682A
:10D02000114A934208D13B69124A13400A4A190037
:10D030001000FFF725FA2BE03B681B680B4A934270
:10D0400026D13B690C4A1340034A19001000FFF730
:10D0500017FA1DE00400008008270140001000B00E
:10D06000E0010020400D0300004000B8002000B4A3
:10D07000FFFF7FFFFFFFFFFEFFFFBFFF7B689B6D92
:10D0800020221A437B689A651723FB1801221A7025
:10D090007B685422002199541723FB181B78180031
:10D0A000BD4606B080BDC04680B584B000AF786094
:10D0B0007B681B681800FFF73BFB031E31D07B68C1
:10D0C0001B681800FFF7FFFA031E04D17B681B687A
:10D0D0001800FFF71BFBFFF78DF90300FB601AE058
:10D0E000FFF788F90200FB68D31A022B13D97B687B
:10D0F0001B689B68042213400DD07B689B6D102237
:10D100001A437B689A657B68DB6D01221A437B6852
:10D11000DA65012306E07B681B689B6804221340E4
:10D12000DED100231800BD4604B080BD80B584B0B8
:10D1300000AF78600023BB607B681B681800FFF7B6
:10D14000B1FA031E00D069E07B681B689B68364A11
:10D1500013400DD07B689B6D10221A437B689A6543
:10D160007B68DB6D01221A437B68DA65012356E098
:10D170007B681B681800FFF771FA2C4B1800FFF74B
:10D1800093F9020080231B0413400FD0284B1B6827
:10D1900028491800E2F7DEFF03000133BB6002E01C
:10D1A000BB68013BBB60BB68002BF9D17B685B7E31
:10D1B000012B33D0FFF71EF90300FB6027E07B68EB
:10D1C0001B681800FFF76EFA031E04D17B681B680A
:10D1D0001800FFF743FAFFF70DF90200FB68D31AB6
:10D1E000022B14D97B681B681B6801221340012B9A
:10D1F0000DD07B689B6D10221A437B689A657B6813
:10D20000DB6D01221A437B68DA65012307E07B6846
:10D210001B681B6801221340012BD0D1002318008A
:10D22000BD4604B080BDC0461700008008270140FD
:10D23000E0010020400D030080B584B000AF7860AD
:10D240007B681B681800FFF73EFA0300FB607B68F1
:10D250001B681800FFF726FA031E46D0FB68002B58
:10D2600043D17B681B689B6805221340012B0DD1BD
:10D270007B681B681800FFF703FA7B681B680322B2
:10D280001A60FFF7B7F80300BB6028E07B689B6D6E
:10D2900010221A437B689A657B68DB6D01221A4372
:10D2A0007B68DA65012321E0FFF7A4F80200BB6880
:10D2B000D31A022B13D97B681B689B680122134089
:10D2C0000DD07B689B6D10221A437B689A657B6842
:10D2D000DB6D01221A437B68DA65012306E07B6877
:10D2E0001B689B6801221340DED100231800BD4655
:10D2F00004B080BD80B582B000AF78607B681A68EA
:10D30000F0239B0313401800BD4602B080BD80B5DA
:10D3100082B000AF78607B681B699B0F9B07180089
:10D32000BD4602B080BD80B582B000AF7860396084
:10D330007B68B4229B587F2293431A003B681A43B0
:10D340007B68B4215A50C046BD4602B080BD80B54E
:10D3500082B000AF78607B68B4229B587F22134074
:10D360001800BD4602B080BD80B582B000AF7860C5
:10D370007B689B68044A134001221A437B689A60C9
:10D38000C046BD4602B080BDE8FFFF7F80B582B0D9
:10D3900000AF78607B689B68044A134002221A43FE
:10D3A0007B689A60C046BD4602B080BDE8FFFF7F43
:10D3B00080B582B000AF78607B689B680122134023
:10D3C000012B01D1012300E000231800BD4602B06B
:10D3D00080BD000080B582B000AF78607B689B683C
:10D3E000054A1340802212061A437B689A60C046A1
:10D3F000BD4602B080BDC046E8FFFF7F80B582B069
:10D4000000AF78607B689B68DB0FDA0780231B0620
:10D410009A4201D1012300E000231800BD4602B06A
:10D4200080BD000090B58BB000AF78600023FB603A
:10D4300000233B627B6854229B5C012B01D10223B9
:10D44000DDE07B685422012199541F23FC187B687E
:10D450001800FFF7F1FE030023707B681B681800BB
:10D46000FFF7A6FF031E00D0BCE07B689B6D664AF9
:10D47000134002221A437B689A657B681B68DB684D
:10D48000624A1340BB617B681B68DA687B681B6873
:10D490005F490A40DA6000237B622DE07B681B68ED
:10D4A0001800FFF797FF14E0FB680133FB60FB688F
:10D4B000584A93420DD97B689B6D122293431022E8
:10D4C0001A437B689A657B68542200219954012392
:10D4D00095E07B681B681800FFF790FF031EE3D1FF
:10D4E0007B681B681800FFF732FF02003B6A9B183D
:10D4F0003B627B6A01337B627B6A072BCED9796AF8
:10D50000386AE2F727FE03003B627B681B6818005D
:10D51000FFF72AFF7B681B681800FFF7F8FE031E61
:10D520001BD13D4B1800FFF7E5FE03007B617A69D4
:10D53000E0235B039A4210D37B699B0C033B0122DF
:10D540009A401300BB60BB685B08BB6002E0BB682D
:10D55000013BBB60BB68002BF9D17B681B683A6A52
:10D5600011001800FFF7DFFE7B681B681800FFF74B
:10D570000DFFFEF73FFF03003B611BE0FEF73AFFA4
:10D5800002003B69D31A022B14D97B681B68180070
:10D59000FFF70EFF031E0DD07B689B6D10221A4310
:10D5A0007B689A657B68DB6D01221A437B68DA65CC
:10D5B000012324E07B681B681800FFF7F9FE031EB7
:10D5C000DCD17B681B68D9687B681B68BA690A4331
:10D5D000DA607B689B6D0322934301221A437B68C8
:10D5E0009A6505E07B689B6D10221A437B689A65FB
:10D5F0007B685422002199541F23FB181B781800C4
:10D60000BD460BB090BDC046FDFEFFFF038000008D
:10D61000FC7FFFFFFFF102000827014080B582B0C8
:10D6200000AF0200FB1D1A70FB1D1B787F2B09D871
:10D63000FB1D1B781A001F231A40044B0121914047
:10D640000A001A60C046BD4602B080BD00E100E09D
:10D6500090B583B000AF02003960FB1D1A70FB1D4E
:10D660001B787F2B28D82F4AFB1D1B785BB29B08A9
:10D67000C0339B009B58FA1D1278110003220A4008
:10D68000D200FF2191400A00D2431A4011003B68AA
:10D690009B01FF221A40FB1D1B7818000323034047
:10D6A000DB009A401F48FB1D1B785BB29B080A43B6
:10D6B000C0339B001A5031E01B4AFB1D1B78190038
:10D6C0000F230B40083B9B0806339B00D318043301
:10D6D0001B68FA1D1278110003220A40D200FF21B4
:10D6E00091400A00D2431A4011003B689B01FF227F
:10D6F0001A40FB1D1B78180003230340DB009A40EF
:10D700000948FB1D1B781C000F232340083B9B0886
:10D710000A4306339B00C31804331A60C046BD4653
:10D7200003B090BD00E100E000ED00E080B582B004
:10D7300000AF78607B685A1E80235B049A4201D355
:10D74000012310E00A4B7A68013A5A6001235B42D8
:10D7500003211800FFF77CFF054B00229A60044B61
:10D7600007221A6000231800BD4602B080BDC046E3
:10D7700010E000E080B584B000AFB9607A600F219E
:10D780007B18021C1A70BA687B181B785BB21100F8
:10D790001800FFF75DFFC046BD4604B080BD80B5F0
:10D7A00082B000AF0200FB1D1A70FB1D1B785BB23C
:10D7B0001800FFF733FFC046BD4602B080BD80B5FC
:10D7C00082B000AF78607B681800FFF7AFFF0300FE
:10D7D0001800BD4602B080BD80B582B000AF786051
:10D7E0007B68002B01D1012356E07B685B7FDBB2B5
:10D7F000002B06D17B6800221A777B681800F4F7AB
:10D800001BFC7B6802225A777B681B79002B0CD1AA
:10D810007B681B68224A5A617B681B689A687B6830
:10D820001B6818218A439A600BE07B6899687B68C3
:10D83000DA687B68180000F095F9031E01D0012317
:10D840002AE07B685B79002B05D17B681B6801228D
:10D8500052421A6104E07B681B687A6812691A6197
:10D860007B681B689B686022934319007B685A6938
:10D870007B681B680A439A607B681B689B688022F0
:10D88000934319007B689A697B681B680A439A6016
:10D890007B6801225A7700231800BD4602B080BD84
:10D8A000B71DC10480B586B000AFF860B9607A607A
:10D8B00000233B61FB6802225A77FB681B6A032B3B
:10D8C00005D02DD8012B19D0022B20D028E0002321
:10D8D0007B610AE07B699B00BA68D218FB681B6811
:10D8E00012681A607B6901337B617A697B689A42AE
:10D8F000F0D3FB681B681B683B6112E07A68B9686B
:10D90000FB68180000F064F803003B6109E07A68E6
:10D91000B968FB68180000F0EEF803003B6100E016
:10D92000C046FB6801225A773B691800BD4606B025
:10D9300080BD80B586B000AFF860B9607A60002322
:10D940003B61FB6802225A77FB681B689A68FB6898
:10D950001B6801210A439A60FB681B6A032B05D0F0
:10D960002DD8012B19D0022B20D028E000237B6179
:10D970000AE07B699B00BA68D218FB681B681268D2
:10D980001A607B6901337B617A697B689A42F0D3C4
:10D99000FB681B681B683B6112E07A68B968FB682A
:10D9A000180000F015F803003B6109E07A68B968D7
:10D9B000FB68180000F09FF803003B6100E0C046E0
:10D9C000FB6801225A773B691800BD4606B080BD4E
:10D9D00080B588B000AFF860B9607A600023FB6161
:10D9E00023E0FB699B00BA68D3181B781A06FB6911
:10D9F0009B000133B968CB181B781B041A43FB69E1
:10DA00009B000233B968CB181B781B021A43FB69D1
:10DA10009B000333B968CB181B781900FB681B689F
:10DA20000A431A60FB690133FB617B689B08FA6952
:10DA30009A42D6D37B680322134055D07B680322D9
:10DA40001340012B07D1FB699B00BA68D218FB6811
:10DA50001B6812781A707B6803221340022B1AD1BC
:10DA6000FB699B00BA68D3181B781BB21B021AB261
:10DA7000FB699B000133B968CB181B781BB21343B9
:10DA80001AB21A217B181A80FB681B687B617B69BC
:10DA90007A1812881A807B6803221340032B23D143
:10DAA000FB699B00BA68D3181B781BB21B021AB221
:10DAB000FB699B000133B968CB181B781BB2134379
:10DAC0001AB21A217B181A80FB681B687B617B697C
:10DAD0007A1812881A80FB699B000233BA68D21840
:10DAE000FB681B6812781A70FB681B681B681800BB
:10DAF000BD4608B080BD80B586B000AFF860B960A3
:10DB00007A6000237B6113E07B699B00BA68D318BD
:10DB10001B881A047B699B000233B968CB181B88E9
:10DB20001900FB681B680A431A607B6901337B613B
:10DB30007B685B087A699A42E6D37B6801221340CE
:10DB400009D0FB681B683B617B699B00BA68D318EE
:10DB50001A883B691A80FB681B681B681800BD4661
:10DB600006B080BD80B586B000AFF860B9607A605D
:10DB700017217B1800221A701F233B61BB6801220A
:10DB8000134003D17B1801221A7045E0C0463B695F
:10DB90005A1E3A61002B08D03B691F221340BA6815
:10DBA000DA40130001221340F1D07B68182B0FD00C
:10DBB0007B68182B24D87B68102B11D07B68102B26
:10DBC0001ED87B68002B20D07B68082B10D017E074
:10DBD0003B69062B1BD91723FB1801221A7016E08C
:10DBE0003B69072B15D91723FB1801221A7010E087
:10DBF0003B690F2B0FD91723FB1801221A700AE07B
:10DC00001723FB1801221A7006E0C04604E0C04644
:10DC100002E0C04600E0C0461723FB181B78002B2B
:10DC20000ED1FB681B68BA685A61FB681B689B6869
:10DC3000182293431900FB681B687A680A439A60AC
:10DC40001723FB181B781800BD4606B080BD0000E6
:10DC500080B582B000AF78607B68002B01D10123D2
:10DC600091E07B681B681A00494B9A4210D87B6888
:10DC70001B68484A9446634414211800E2F76AFA84
:10DC800003009A007B685A647B68434A1A640FE079
:10DC90007B681B68414A9446634414211800E2F7EC
:10DCA00059FA03009A007B685A647B683C4A1A64FC
:10DCB0007B682522022199547B681B681A687B685F
:10DCC0001B6838490A401A607B681B6819687B68C2
:10DCD0009A687B68DB681A437B681B691A437B6818
:10DCE0005B691A437B689B691A437B68DB691A434B
:10DCF0007B681B6A1A437B681B680A431A607B684F
:10DD0000180000F0A9FA7B689A688023DB019A4228
:10DD100002D17B6800225A607B685A687B689B6CE2
:10DD20007F210A401A607B68DB6C7A68126D5A604A
:10DD30007B685B68002B11D07B685B68042B0DD877
:10DD40007B68180000F0D2FA7B685B6D00221A60D5
:10DD50007B689B6D7A68D26D5A6008E07B68002210
:10DD60005A657B6800229A657B680022DA657B68C9
:10DD70000022DA637B682522012199547B682422E2
:10DD80000021995400231800BD4602B080BDC04652
:10DD900007040240F8FFFDBF00000240F8FBFDBF92
:10DDA000000402400F80FFFF80B586B000AFF8602E
:10DDB000B9607A603B601723FB1800221A70FB6879
:10DDC00024229B5C012B01D102236FE0FB682422FB
:10DDD00001219954FB6825229B5CDBB2012B57D1B2
:10DDE000FB68252202219954FB680022DA63FB6854
:10DDF0001B681A68FB681B6801218A431A603B682C
:10DE00007A68B968F86800F0EBF9FB681B6B002BC7
:10DE100008D0FB681B681A68FB681B680E210A4360
:10DE20001A600FE0FB681B681A68FB681B68042116
:10DE30008A431A60FB681B681A68FB681B680A2122
:10DE40000A431A60FB689B6C1A6880235B021340CC
:10DE500008D0FB689B6C1A68FB689B6C80214900AA
:10DE60000A431A60FB685B6D002B08D0FB685B6D92
:10DE70001A68FB685B6D802149000A431A60FB68E1
:10DE80001B681A68FB681B6801210A431A600AE0D4
:10DE9000FB688022DA63FB6824220021995417234F
:10DEA000FB1801221A701723FB181B781800BD46B7
:10DEB00006B080BD80B582B000AF78607B68002B73
:10DEC00001D101234FE07B6825229B5CDBB2022B52
:10DED00008D07B680422DA637B68242200219954ED
:10DEE000012340E07B681B681A687B681B680E2171
:10DEF0008A431A607B689B6C1A687B689B6C1C4920
:10DF00000A401A607B681B681A687B681B680121DD
:10DF10008A431A607B685B6C1C221A407B681B6C0E
:10DF2000012191400A005A607B68DB6C7A68126DAF
:10DF30005A607B685B6D002B0CD07B685B6D1A6848
:10DF40007B685B6D0A490A401A607B689B6D7A6842
:10DF5000D26D5A607B682522012199547B68242266
:10DF60000021995400231800BD4602B080BDC04670
:10DF7000FFFEFFFF80B584B000AF78600F217B18F3
:10DF800000221A707B6825229B5CDBB2022B06D034
:10DF90007B680422DA637B1801221A7048E07B68F0
:10DFA0001B681A687B681B680E218A431A607B68AD
:10DFB0001B681A687B681B6801218A431A607B68AA
:10DFC0009B6C1A687B689B6C1D490A401A607B68D1
:10DFD0005B6C1C221A407B681B6C012191400A007B
:10DFE0005A607B68DB6C7A68126D5A607B685B6D87
:10DFF000002B0CD07B685B6D1A687B685B6D1049E9
:10E000000A401A607B689B6D7A68D26D5A607B68A3
:10E010002522012199547B682422002199547B6890
:10E020009B6B002B04D07B689B6B7A681000984731
:10E030000F23FB181B781800BD4604B080BDC046F6
:10E04000FFFEFFFF80B584B000AF78607B681B6C7B
:10E050001B68FB607B681B681B68BB607B685B6C34
:10E060001C22134004229A401300FA68134026D061
:10E07000BB680422134022D07B681B681B682022E7
:10E08000134007D17B681B681A687B681B680421F2
:10E090008A431A607B685B6C1C221A407B681B6C8D
:10E0A000042191400A005A607B681B6B002B00D151
:10E0B00080E07B681B6B7A68100098477AE07B6889
:10E0C0005B6C1C22134002229A401300FA68134032
:10E0D0003CD0BB680222134038D07B681B681B68A9
:10E0E000202213400BD17B681B681A687B681B6871
:10E0F0000A218A431A607B682522012199547B6892
:10E100001B681A002E4B9A4209D97B685B6C1C2253
:10E110001A402C4B022191400A005A6008E07B68AB
:10E120005B6C1C221A40284B022191400A005A6065
:10E130007B682422002199547B68DB6A002B39D04C
:10E140007B68DB6A7A681000984733E07B685B6C19
:10E150001C22134008229A401300FA6813402AD068
:10E16000BB680822134026D07B681B681A687B684E
:10E170001B680E218A431A607B685B6C1C221A4064
:10E180007B681B6C012191400A005A607B68012268
:10E19000DA637B682522012199547B6824220021BF
:10E1A00099547B685B6B002B05D07B685B6B7A684E
:10E1B00010009847C046C046BD4604B080BDC0466A
:10E1C00080000240000402400000024080B582B09E
:10E1D00000AF78607B68DB6B1800BD4602B080BD85
:10E1E00080B584B000AFF860B9607A603B60FB68CE
:10E1F000DB6CFA68126D5A60FB685B6D002B04D013
:10E20000FB689B6DFA68D26D5A60FB685B6C1C22E0
:10E210001A40FB681B6C012191400A005A60FB68A0
:10E220001B683A685A60FB689B68102B08D1FB6832
:10E230001B687A689A60FB681B68BA68DA6007E056
:10E24000FB681B68BA689A60FB681B687A68DA60CA
:10E25000C046BD4604B080BD80B584B000AF7860D4
:10E260007B681B681A001D4B9A4214D87B685B6C54
:10E270009B089B001A4A9A187B689A647B681B6803
:10E280001A00FF231340083B14211800E1F762FF36
:10E290000300FB6014E07B685B6C9B089B00114AE9
:10E2A0009A187B689A647B681B681A00FF231340E6
:10E2B000083B14211800E1F74DFF03000733FB6012
:10E2C0007B68094ADA64FB681F22134001229A40E6
:10E2D0007B681A65C046BD4604B080BD0704024095
:10E2E000000802401C0802408008024080B584B04B
:10E2F00000AF78607B685B687F221340FB60FB683F
:10E300000A4A944663449B001A007B685A657B68FE
:10E31000074A9A65FB68013B0322134001229A4099
:10E320007B68DA65C046BD4604B080BD3F82001000
:10E3300040090240B0B586B000AFF860B9603A60FD
:10E340007B60214B1B78012B01D1022338E01E4B4F
:10E3500001221A701C4B00225A6017257C19FA23DF
:10E360009B00180000F07AF8030023707B191B78DB
:10E37000002B1FD1FB68012B06D13A687B68B96876
:10E38000080000F0B9F805E03A68BB681100180011
:10E3900022F02EFA1723FC18FA239B00180000F035
:10E3A0005DF803002370094B5A69FB68D943074B9A
:10E3B0000A405A61044B00221A701723FB181B787D
:10E3C0001800BD4606B0B0BD7CC001200020024050
:10E3D00080B582B000AFFB1D00221A700B4B5B6949
:10E3E000002B0CDA094B0A4A9A60084B094A9A60DA
:10E3F000064B5B69002B02DAFB1D01221A70FB1D24
:10E400001B781800BD4602B080BDC0460020024007
:10E4100023016745AB89EFCD80B582B000AFFB1D0E
:10E4200001221A70FA239B00180000F017F80A4B1B
:10E430005A69094B802109060A435A61064B5B69F8
:10E44000002B02DAFB1D00221A70FB1D1B7818003E
:10E45000BD4602B080BDC0460020024080B584B0F9
:10E4600000AF7860FDF7C6FF0300FB60C0239B028E
:10E47000BB600CE07B68013309D0FDF7BBFF0200F5
:10E48000FB68D31A7A689A4201D8032328E0164B16
:10E490001B69BA681340EDD1134B1B69134A134033
:10E4A000BB60114B124A1A61BB68002B11D0114B93
:10E4B000BA685A60012313E07B68013309D0FDF785
:10E4C00099FF0200FB68D31A7A689A4201D80323A5
:10E4D00006E0054B1A698023DB021340ECD10023D0
:10E4E0001800BD4604B080BD00200240FAC3000001
:10E4F000FBC308007CC00120B0B584B000AFF86059
:10E500003A607B600B4B5A690A4B01210A435A61FE
:10E51000FB683A681A60BFF36F8FC0467B681C00C7
:10E5200000231D00FB68043322001A60C046BD466C
:10E5300004B0B0BD00200240B0B584B000AF786038
:10E540003960334B1B78012B01D102235CE0304B47
:10E5500001221A702E4B00225A600F257C19FA23D3
:10E560009B001800FFF77AFF030023702C003B1973
:10E570001B78002B42D17B681B68042B0DD17B6874
:10E580005B68180000F048F83C19FA239B0018005B
:10E59000FFF764FF0300237030E03B680122524222
:10E5A0001A607B689B68BB601AE07B685B68BA682E
:10E5B0001100180000F044F80F257C19FA239B0085
:10E5C0001800FFF74BFF030023707B191B78002B0B
:10E5D00003D03B68BA681A600AE0BB680133BB60CD
:10E5E0007B689A687B68DB68D318BA689A42DCD388
:10E5F000084B5A69074B02218A435A61044B002297
:10E600001A700F23FB181B781800BD4604B0B0BD6C
:10E610007CC001200020024080B582B000AF78604D
:10E62000064B5A697B681A43044B802149020A430E
:10E630005A61C046BD4602B080BDC04600200240BF
:10E6400080B584B000AF786039600F4B5B690F4ACA
:10E650001340FB607B68042B05D0FB68802292018D
:10E660001343FB6003E0FB68094A1340FB603B680F
:10E67000DA00FB681A43044B06490A435A61C04654
:10E68000BD4604B080BDC0460020024007E0FFFF49
:10E69000FFDFFFFF0200010080B586B000AF7860A9
:10E6A000396000237B614DE13B681B6801217A6979
:10E6B00091400A001340FB60FB68002B00D13EE153
:10E6C0003B685B6803221340012B05D03B685B6805
:10E6D00003221340022B30D17B689B683B617B692E
:10E6E0005B0003229A401300DA433B6913403B610D
:10E6F0003B68DA687B695B009A4013003A69134310
:10E700003B617B683A699A607B685B683B61012288
:10E710007B699A401300DA433B6913403B613B68D5
:10E720005B681B0901221A407B699A4013003A6911
:10E7300013433B617B683A695A603B685B6803221C
:10E740001340032B17D07B68DB683B617B695B0060
:10E7500003229A401300DA433B6913403B613B6854
:10E760009A687B695B009A4013003A6913433B61E6
:10E770007B683A69DA603B685B6803221340022BCE
:10E7800023D17B69DA087B6808329200D3583B6159
:10E790007B69072213409B000F229A401300DA4343
:10E7A0003B6913403B613B681A697B6907210B4059
:10E7B0009B009A4013003A6913433B617B69DA0876
:10E7C0007B68083292003969D1507B681B683B61D5
:10E7D0007B695B0003229A401300DA433B691340D4
:10E7E0003B613B685B6803221A407B695B009A408F
:10E7F00013003A6913433B617B683A691A603B68CE
:10E800005A68C0239B02134000D198E0534A7B69A9
:10E810009B0818339B009B583B617B690322134084
:10E82000DB000F229A401300DA433B6913403B613F
:10E830007A68A023DB059A4219D07B68484A934244
:10E8400013D07B68474A93420DD07B68464A934277
:10E8500007D07B68454A934201D1042308E0052391
:10E8600006E0032304E0022302E0012300E000238A
:10E870007A6903210A40D20093403A6913433B610D
:10E8800036497B699B0818339B003A695A50334BD1
:10E890001B683B61FB68DA433B6913403B613B68A3
:10E8A0005A6880235B03134003D03A69FB68134323
:10E8B0003B612A4B3A691A60284B5B683B61FB68F5
:10E8C000DA433B6913403B613B685A6880239B03F2
:10E8D000134003D03A69FB6813433B611F4B3A690D
:10E8E0005A601E4A8423D3583B61FB68DA433B6974
:10E8F00013403B613B685A6880239B02134003D05E
:10E900003A69FB6813433B61144984223B698B508D
:10E91000124A8023D3583B61FB68DA433B691340BA
:10E920003B613B685A6880235B02134003D03A691D
:10E93000FB6813433B61094980223B698B507B692B
:10E9400001337B613B681A687B69DA40131E00D093
:10E95000AAE6C046C046BD4606B080BD00180240CB
:10E960000004005000080050000C0050001000503F
:10E9700080B584B000AF78600A00BB1C1A807B6849
:10E980001B69BA1C1288134004D00F23FB18012204
:10E990001A7003E00F23FB1800221A700F23FB18D4
:10E9A0001B781800BD4604B080BD80B582B000AFB2
:10E9B000786008001100BB1C021C1A807B1C0A1C1A
:10E9C0001A707B1C1B78002B04D0BB1C1A887B6838
:10E9D0009A6103E0BB1C1A887B689A62C046BD46F8
:10E9E00002B080BD80B584B000AF78600A00BB1C67
:10E9F0001A807B685B69FB60BB1C1B88FA6813404C
:10EA00001A04FB68DB43B91C09880B401A437B6876
:10EA10009A61C046BD4604B080BD000080B582B09A
:10EA200000AF0200BB1D1A80104BDB68BA1D1288B4
:10EA3000134008D00D4BBA1D1288DA60BB1D1B882D
:10EA4000180000F015F8094B1B69BA1D1288134015
:10EA500008D0064BBA1D12881A61BB1D1B8818000E
:10EA600000F010F8C046BD4602B080BD001802405C
:10EA700080B582B000AF0200BB1D1A80C046BD4603
:10EA800002B080BD80B582B000AF0200BB1D1A800D
:10EA9000C046BD4602B080BD80B582B000AF786090
:10EAA0007B68002B01D101238FE07B6841229B5CB6
:10EAB000DBB2002B07D17B684022002199547B6890
:10EAC0001800F3F74FFE7B684122242199547B689C
:10EAD0001B681A687B681B6801218A431A607B687F
:10EAE0005A687B681B683B490A401A617B681B684F
:10EAF0009A687B681B6838490A409A607B68DB68C3
:10EB0000012B08D17B689A687B681B688021090209
:10EB10000A439A6007E07B689A687B681B688421D7
:10EB200009020A439A607B68DB68022B09D17B6883
:10EB30001B685A687B681B68802109010A435A6078
:10EB400007E07B681B685A687B681B6823490A409A
:10EB50005A607B681B685A687B681B6820490A43B7
:10EB60005A607B681B68DA687B681B681A490A4030
:10EB7000DA607B681A697B685B691A4311007B68FD
:10EB80009B691A027B681B680A43DA607B68D96953
:10EB90007B681A6A7B681B680A431A607B681B687B
:10EBA0001A687B681B6801210A431A607B6800228F
:10EBB0005A647B684122202199547B6800221A63A1
:10EBC0007B6842220021995400231800BD4602B000
:10EBD00080BDC046FFFFFFF0FF7FFFFFFFF7FFFF95
:10EBE0000080000290B589B002AFF86008007A603A
:10EBF00019000A23FB18021C1A800823FB180A1CA0
:10EC00001A80FB6841229B5CDBB2202B00D00AE11A
:10EC1000FB6840229B5C012B01D1022304E1FB68CD
:10EC2000402201219954FDF7E5FB03003B6180235D
:10EC30001902F8683B6900931923012200F026FAB3
:10EC4000031E01D00123EFE0FB68412221219954EA
:10EC5000FB68422210219954FB6800225A64FB6829
:10EC60007A685A62FB680822BA1812885A85FB68CB
:10EC700000225A63FB685B8D9BB2FF2B06D9FB68B1
:10EC8000FF221A8580235B047B6107E0FB685B8DB4
:10EC90009AB2FB681A8580239B047B61FB681B8DFD
:10ECA000002B27D0FB685B6A1A78FB681B689A62A6
:10ECB000FB685B6A5A1CFB685A62FB685B8D9BB2FF
:10ECC000013B9AB2FB685A85FB681B8D013B9AB2E7
:10ECD000FB681A85FB681B8DDBB20133DAB27C69F5
:10ECE0000A23FB181988F868514B0093230000F0A1
:10ECF0004DFC6FE0FB681B8DDAB27C690A23FB18C0
:10ED00001988F8684A4B0093230000F03FFC61E04B
:10ED10003A69B96AFB68180000F010FA031E01D0C6
:10ED2000012381E0FB685B6A1A78FB681B689A62C2
:10ED3000FB685B6A5A1CFB685A62FB685B8D9BB27E
:10ED4000013B9AB2FB685A85FB681B8D013B9AB266
:10ED5000FB681A85FB685B8D9BB2002B3AD0FB6881
:10ED60001B8D002B36D1BA6AF8683B6900931300FB
:10ED70000022802100F08AF9031E01D0012353E014
:10ED8000FB685B8D9BB2FF2B11D9FB68FF221A85B4
:10ED9000FB681B8DDAB280235C040A23FB181988F8
:10EDA000F86800230093230000F0F0FB12E0FB68FA
:10EDB0005B8D9AB2FB681A85FB681B8DDAB28023E3
:10EDC0009C040A23FB181988F86800230093230089
:10EDD00000F0DCFBFB685B8D9BB2002B98D13A699D
:10EDE000B96AFB68180000F0EFF9031E01D0012397
:10EDF0001AE0FB681B682022DA61FB681B685A680E
:10EE0000FB681B680B490A405A60FB6841222021BD
:10EE10009954FB68422200219954FB68402200214A
:10EE20009954002300E002231800BD4607B090BDAE
:10EE30000020008000E800FE90B589B002AFF860C5
:10EE400008007A6019000A23FB18021C1A800823A4
:10EE5000FB180A1C1A80FB6841229B5CDBB2202B4A
:10EE600000D0E8E0FB6840229B5C012B01D102232B
:10EE7000E2E0FB68402201219954FDF7BBFA030050
:10EE80007B6180231902F8687B69009319230122B2
:10EE900000F0FCF8031E01D00123CDE0FB68412205
:10EEA00022219954FB68422210219954FB680022C8
:10EEB0005A64FB687A685A62FB680822BA1812889A
:10EEC0005A85FB6800225A63FB685B8D9BB2FF2B5F
:10EED00011D9FB68FF221A85FB681B8DDAB28023EB
:10EEE0005C040A23FB181988F868554B009323002B
:10EEF00000F04CFB76E0FB685B8D9AB2FB681A85EC
:10EF0000FB681B8DDAB280239C040A23FB18198846
:10EF1000F8684B4B0093230000F038FB62E07A69FD
:10EF2000B96AFB68180000F093F9031E01D00123B1
:10EF300082E0FB681B685A6AFB685B6AD2B21A708F
:10EF4000FB685B6A5A1CFB685A62FB681B8D013BBD
:10EF50009AB2FB681A85FB685B8D9BB2013B9AB243
:10EF6000FB685A85FB685B8D9BB2002B3AD0FB682F
:10EF70001B8D002B36D1BA6AF8687B6900931300A9
:10EF80000022802100F082F8031E01D0012353E00B
:10EF9000FB685B8D9BB2FF2B11D9FB68FF221A85A2
:10EFA000FB681B8DDAB280235C040A23FB181988E6
:10EFB000F86800230093230000F0E8FA12E0FB68F1
:10EFC0005B8D9AB2FB681A85FB681B8DDAB28023D1
:10EFD0009C040A23FB181988F86800230093230077
:10EFE00000F0D4FAFB685B8D9BB2002B97D17A6955
:10EFF000B96AFB68180000F0E7F8031E01D001238E
:10F000001AE0FB681B682022DA61FB681B685A68FB
:10F01000FB681B680B490A405A60FB6841222021AB
:10F020009954FB68422200219954FB684022002138
:10F030009954002300E002231800BD4607B090BD9C
:10F040000024008000E800FE80B582B000AF786048
:10F050007B681B689B6902221340022B03D17B68EB
:10F060001B6800229A627B681B689B69012213401F
:10F07000012B07D07B681B689A697B681B6801219C
:10F080000A439A61C046BD4602B080BD80B584B0D7
:10F0900000AFF860B9603B60FB1D1A703AE0BA69D6
:10F0A0003968FB68180000F071F9031E01D00123D4
:10F0B00040E03B6801332DD0FDF79CF90200BB69AD
:10F0C000D31A3A689A4202D33B68002B22D1FB68DC
:10F0D0001B689B69BA681340BA68D31A5A425341F5
:10F0E000DBB21A00FB1D1B789A4213D1FB685B6CE4
:10F0F00020221A43FB685A64FB684122202199545C
:10F10000FB68422200219954FB6840220021995457
:10F1100001230FE0FB681B689B69BA681340BA685B
:10F12000D31A5A425341DBB21A00FB1D1B789A4294
:10F13000B5D000231800BD4604B080BD80B584B0B2
:10F1400000AFF860B9607A6032E07A68B968FB684D
:10F15000180000F01BF9031E01D0012330E0BB684A
:10F16000013325D0FDF746F902007B68D31ABA684F
:10F170009A4202D3BB68002B1AD1FB681B689B69BB
:10F1800002221340022B13D0FB685B6C20221A432F
:10F19000FB685A64FB68412220219954FB68422293
:10F1A00000219954FB68402200219954012307E073
:10F1B000FB681B689B6902221340022BC5D1002308
:10F1C0001800BD4604B080BD80B584B000AFF860C3
:10F1D000B9607A602FE07A68B968FB68180000F0BF
:10F1E000D5F8031E01D001232DE0FDF703F902003D
:10F1F0007B68D31ABA689A4202D3BB68002B1AD133
:10F20000FB681B689B6920221340202B13D0FB68EE
:10F210005B6C20221A43FB685A64FB684122202160
:10F220009954FB68422200219954FB684022002136
:10F230009954012307E0FB681B689B692022134057
:10F24000202BC8D100231800BD4604B080BD0000AB
:10F2500080B586B000AFF860B9607A601723FB18FC
:10F2600000221A707BE07A68B968FB68180000F029
:10F270008DF8031E03D01723FB1801221A70FB68B8
:10F280001B689B6920221340202B40D117217B183B
:10F290001B78002B3BD1FB681B689B690422134041
:10F2A000042B06D1FB681B8D002B02D07B1800229B
:10F2B0001A70FB681B689B6910221340102B23D126
:10F2C000FB681B681022DA61FB6804225A64FB6841
:10F2D0001B682022DA61FB681B685A68FB681B68A0
:10F2E00029490A405A60FB68412220219954FB6851
:10F2F000422200219954FB6840220021995417238F
:10F30000FB1801221A7002E0FB6800225A64FDF724
:10F3100071F802007B68D31ABA689A4202D3BB68BC
:10F32000002B1CD117203B181B78002B17D1FB6832
:10F330001B689B6904221340042B10D0FB685B6C94
:10F3400020221A43FB685A64FB6841222021995409
:10F35000FB684022002199543B1801221A70FB6877
:10F360001B689B6904221340042B05D01723FB184C
:10F370001B78002B00D176E71723FB181B781800A9
:10F38000BD4606B080BDC04600E800FE90B58BB01B
:10F3900000AFF860B9607A602723FB1800221A706A
:10F3A000FB681B689B69BB6100233B627B68FB6158
:10F3B000BB691022134000D182E0FB681B68102259
:10F3C000DA6160E027243B193A1912781A70BB6899
:10F3D000013358D0FDF70EF80200FB69D31ABA6862
:10F3E0009A4206D33B193A1912781A70BB68002B5F
:10F3F00049D1FB681B685A688023DB0113407B619D
:10F4000013203B18FA684221525C1A70FB681B6893
:10F410009A6980231B021A4080231B029A4226D13C
:10F420007A698023DB019A4221D03B181B78202B7C
:10F430001DD0FB681B685A68FB681B688021C901E6
:10F440000A435A60FCF7D6FF0300FB610FE0FCF7AC
:10F45000D1FF0200FB69D31A192B08D93B6A20227D
:10F4600013433B622723FB1801221A700BE0FB6851
:10F470001B689B692022134027217A187918097884
:10F480001170202BE3D1FB681B689B69202213407D
:10F49000202B04D02723FB181B78002B92D0272386
:10F4A000FB181B78002B03D1FB681B682022DA6154
:10F4B0003B6A042213433B622723FB1801221A7084
:10F4C000FB681B689B69BB61BA6980235B001340C2
:10F4D0000CD03B6A012213433B62FB681B6880220D
:10F4E0005200DA612723FB1801221A70BA698023BF
:10F4F000DB0013400CD03B6A082213433B62FB68DD
:10F500001B688022D200DA612723FB1801221A70BF
:10F51000BA6980239B0013400CD03B6A022213433C
:10F520003B62FB681B6880229200DA612723FB188C
:10F5300001221A702723FB181B78002B1DD0FB68B3
:10F540001800FFF781FDFB681B685A68FB681B68A1
:10F550000D490A405A60FB685A6C3B6A1A43FB68C3
:10F560005A64FB68412220219954FB684222002101
:10F570009954FB684022002199542723FB181B78DB
:10F580001800BD460BB090BD00E800FE90B587B0F6
:10F5900000AFF860080011007B600A243B19021CD0
:10F5A0001A8009203B180A1C1A703B191B889B05FE
:10F5B0009A0D3B181B781904FF231B040B401A43B8
:10F5C0007B681A43BB6A13435B005B087B61FB6883
:10F5D0001B685B68BA6A510D8022D2000A40074955
:10F5E0000A43D2431A401100FB681B687A690A4338
:10F5F0005A60C046BD4607B090BDC046FF63FF03DA
:10F6000080B582B000AF786039607B6841229B5C36
:10F61000DBB2202B38D17B6840229B5C012B01D1CF
:10F62000022332E07B684022012199547B68412209
:10F63000242199547B681B681A687B681B68012128
:10F640008A431A607B681B681A687B681B681149CB
:10F650000A401A607B681B6819687B681B683A68F7
:10F660000A431A607B681B681A687B681B68012163
:10F670000A431A607B684122202199547B6840220A
:10F6800000219954002300E002231800BD4602B077
:10F6900080BDC046FFEFFFFF80B584B000AF78604B
:10F6A00039607B6841229B5CDBB2202B39D17B68BF
:10F6B00040229B5C012B01D1022333E07B68402276
:10F6C000012199547B684122242199547B681B684D
:10F6D0001A687B681B6801218A431A607B681B6873
:10F6E0001B68FB60FB68114A1340FB603B681B0210
:10F6F000FA681343FB607B681B68FA681A607B68D2
:10F700001B681A687B681B6801210A431A607B68C2
:10F710004122202199547B684022002199540023E2
:10F7200000E002231800BD4604B080BDFFF0FFFFDB
:10F7300080B582B000AF78600C4BDB687A683F21FF
:10F740000A40D2431A4011007B681A0A074B0A4349
:10F75000DA60064B99687B683F221A40034B0A43E4
:10F760009A60C046BD4602B080BDC04600700040F1
:10F7700080B582B000AF7860064B9A687B683F2105
:10F780000B40D943034B0A409A60C046BD4602B0C5
:10F7900080BDC0460070004080B582B000AF786088
:10F7A0000A00FB1C1A707B68002B09D0144B1B68E5
:10F7B000072293431A00124B01210A431A6005E005
:10F7C0000F4B1A680E4B07218A431A600D4B1A69BA
:10F7D0000C4B04210A431A61FB1C1B78012B01D13D
:10F7E00030BF02E040BF20BF20BF064B1A69054B67
:10F7F00004218A431A61C046BD4602B080BDC0469E
:10F800000070004000ED00E080B500AF094B1B68C0
:10F81000072293431A00074B03210A431A60064B41
:10F820001A69054B04210A431A6130BFC046BD4620
:10F8300080BDC0460070004000ED00E080B500AF24
:10F84000044B9A68034B802149000A439A60C046E2
:10F85000BD4680BD0070004080B584B000AF7860C8
:10F86000194B1B68194A13401900174B7A680A4351
:10F870001A607A6880239B009A421FD1144B1A6841
:10F8800013005B009B185B0012491800E0F762FC54
:10F8900003000133FB6008E0FB68002B03D0FB682A
:10F8A000013BFB6001E0032309E0074B5A69802319
:10F8B000DB001A408023DB009A42EDD000231800C1
:10F8C000BD4604B080BDC04600700040FFF9FFFF98
:10F8D000E001002040420F0080B500AF034B9A6862
:10F8E000E023DB0113401800BD4680BD001002403C
:10F8F00080B588B000AF78607B68002B02D101230F
:10F9000000F050FB7B681B680122134000D17CE0B3
:10F91000C34B9B6838221340BB61C14BDB68032299
:10F9200013407B61BB69102B02D17B69032B02D092
:10F93000BB69082B0BD1BA4B1A6880239B0213407A
:10F9400062D07B685B68002B5ED101232AE37B6871
:10F950005A6880235B029A4207D1B14B1A68B04BB8
:10F96000802149020A431A6020E07B685A68A0237C
:10F97000DB029A420ED1AA4B1A68A94B8021C90218
:10F980000A431A60A64B1A68A54B802149020A4314
:10F990001A600BE0A24B1A68A14BA2490A401A60F8
:10F9A0009F4B1A689E4BA0490A401A607B685B68AF
:10F9B000002B14D0FCF71EFD03003B6108E0FCF7B0
:10F9C00019FD02003B69D31A642B01D90323E9E234
:10F9D000934B1A6880239B021340F0D015E0FCF78C
:10F9E00009FD03003B6108E0FCF704FD02003B69F0
:10F9F000D31A642B01D90323D4E2894B1A688023DC
:10FA00009B021340F0D100E0C0467B681B680222D5
:10FA1000134000D199E0824B9B6838221340BB61B0
:10FA20007F4BDB68032213407B61BB69102B02D143
:10FA30007B69022B02D0BB69002B35D1784B1A6849
:10FA40008023DB00134005D07B68DB68002B01D1ED
:10FA50000123A7E2724B5B68744A134019007B686C
:10FA60005B691A026E4B0A435A60BB69002B12D1C4
:10FA70006B4B1B686E4A134019007B681A69684B10
:10FA80000A431A60664B1B68DB0A07221340694A67
:10FA9000DA40694B1A60694B1B681800FCF74EFC92
:10FAA000031E51D001237DE27B68DB68002B30D040
:10FAB0005B4B1B685E4A134019007B681A69584B00
:10FAC0000A431A60564B1A68554B802149000A4375
:10FAD0001A60FCF78FFC03003B6108E0FCF78AFC2E
:10FAE00002003B69D31A022B01D903235AE24C4B83
:10FAF0001A688023DB001340F0D0494B5B684B4A07
:10FB0000134019007B685B691A02454B0A435A602F
:10FB10001BE0434B1A68424B49490A401A60FCF704
:10FB200069FC03003B6108E0FCF764FC02003B69F0
:10FB3000D31A022B01D9032334E2394B1A688023EC
:10FB4000DB001340F0D100E0C0467B681B68082250
:10FB5000134047D0324B9B6838221340182B0AD1F0
:10FB60002F4B1B6E022213403CD07B689B69002BFD
:10FB700038D1012316E27B689B69002B19D0284BF2
:10FB80001A6E274B01210A431A66FCF733FC030067
:10FB90003B6108E0FCF72EFC02003B69D31A022B04
:10FBA00001D90323FEE11E4B1B6E02221340F1D04C
:10FBB00018E01B4B1A6E1A4B01218A431A66FCF798
:10FBC00019FC03003B6108E0FCF714FC02003B69F0
:10FBD000D31A022B01D90323E4E1114B1B6E02223D
:10FBE0001340F1D17B681B680422134000D1C7E0A9
:10FBF0001F23FB1800221A70094B9B683822134000
:10FC0000202B1FD1064BDB6D0222134000D1B7E041
:10FC10007B689B68002B00D0B2E00123C2E1C046A4
:10FC200000100240FFFFFEFFFFFFFBFFFF80FFFF12
:10FC3000FFC7FFFF0024F400E0010020F8010020CE
:10FC4000FFFEFFFFB54BDA6B80235B05134001D14C
:10FC5000012300E00023002B11D0B04BDA6BAF4B37
:10FC6000802149050A43DA63AC4BDA6B80235B05DC
:10FC70001340FB60FB681F23FB1801221A70A84B7E
:10FC80001A6880235B0013401AD1A54B1A68A44B55
:10FC9000802149000A431A60FCF7ACFB03003B617A
:10FCA00008E0FCF7A7FB02003B69D31A022B01D93D
:10FCB000032377E19A4B1A6880235B001340F0D04E
:10FCC0007B689B68012B06D1944BDA6D934B012125
:10FCD0000A43DA651CE07B689B68052B0CD18F4BCF
:10FCE000DA6D8E4B04210A43DA658C4BDA6D8B4B4F
:10FCF00001210A43DA650BE0884BDA6D874B01215D
:10FD00008A43DA65854BDA6D844B04218A43DA65D0
:10FD10007B689B68002B14D0FCF76CFB03003B61F5
:10FD200009E0FCF767FB02003B69D31A7D4A934266
:10FD300001D9032336E1794BDB6D02221340F0D069
:10FD400013E0FCF757FB03003B6109E0FCF752FBB3
:10FD500002003B69D31A734A934201D9032321E17C
:10FD60006E4BDB6D02221340F0D11F23FB181B7872
:10FD7000012B05D1694BDA6B684B6B490A40DA639A
:10FD80007B681B682022134039D07B68DB69002B1D
:10FD90001BD0624B1A68614B8021C9030A431A6069
:10FDA000FCF728FB03003B6108E0FCF723FB0200A3
:10FDB0003B69D31A022B01D90323F3E0574B1A688E
:10FDC00080231B041340F0D019E0544B1A68534BA6
:10FDD00056490A401A60FCF70DFB03003B6108E03E
:10FDE000FCF708FB02003B69D31A022B01D903235D
:10FDF000D8E04A4B1A6880231B041340F0D17B687B
:10FE00001B6A002B00D1CCE0444B9B683822134086
:10FE1000102B00D17BE07B681B6A022B56D13F4B35
:10FE20001A683E4B42490A401A60FCF7E3FA0300A5
:10FE30003B6108E0FCF7DEFA02003B69D31A022BB3
:10FE400001D90323AEE0354B1A6880239B0413408D
:10FE5000F0D1324BDB68374A134019007B685A6A8D
:10FE60007B689B6A1A437B68DB6A1B021A437B68C8
:10FE70001B6B1A437B685B6B1A437B689B6B1A4353
:10FE8000264B0A43DA60254B1A68244B802149042B
:10FE90000A431A60214BDA68204B802149050A4346
:10FEA000DA60FCF7A7FA03003B6108E0FCF7A2FA6E
:10FEB00002003B69D31A022B01D9032372E0174BCE
:10FEC0001A6880239B041340F0D06AE0134B1A6831
:10FED000124B17490A401A60FCF78CFA03003B6189
:10FEE00008E0FCF787FA02003B69D31A022B01D91C
:10FEF000032357E0094B1A6880239B041340F0D179
:10FF0000064BDA68054B0C490A40DA6049E07B6829
:10FF10001B6A012B12D1012344E0C04600100240AD
:10FF20000070004088130000FFFFFFEFFFFFBFFFDE
:10FF3000FFFFFFFE8C80C111FCFFFEEE1B4BDB6858
:10FF40007B617B6903221A407B685B6A9A4226D1F7
:10FF50007B6970221A407B689B6A9A421FD17A693A
:10FF6000FE23DB011A407B68DB6A1B029A4216D132
:10FF70007A69F8239B031A407B681B6B9A420ED167
:10FF80007A69E0231B051A407B685B6B9A4206D1B5
:10FF90007B695B0F5A077B689B6B9A4201D00123F8
:10FFA00000E000231800BD4608B080BD00100240EC
:10FFB00080B584B000AF786039607B68002B01D1D8
:10FFC0000123E9E0764B1B68072213403A689A4206
:10FFD0001ED9734B1B68072293431900704B3A6874
:10FFE0000A431A60FCF706FA0300FB6009E0FCF71D
:10FFF00001FA0200FB68D31A6A4A934201D903232B
:020000040802F0
:10000000CAE0674B1B68072213403A689A42EED158
:100010007B681B680222134015D07B681B68042292
:10002000134006D0604B9A685F4BE021C9010A4338
:100030009A605D4B9B685D4A134019007B689A6823
:10004000594B0A439A607B681B680122134057D0C2
:100050007B685B68012B07D1534B1A6880239B0296
:1000600013402BD1012397E07B685B68022B07D1FB
:100070004D4B1A6880239B0413401FD101238BE052
:100080007B685B68002B07D1474B1A688023DB0035
:10009000134013D101237FE07B685B68032B06D1FB
:1000A000414B1B6E0222134008D1012374E03E4BEA
:1000B000DB6D0222134001D101236DE03A4B9B68B6
:1000C0000722934319007B685A68374B0A439A60AA
:1000D000FCF790F90300FB6009E0FCF78BF90200E4
:1000E000FB68D31A2F4A934201D9032354E02E4BC5
:1000F0009B6838221A407B685B68DB009A42ECD12F
:10010000274B1B68072213403A689A421ED2244BA1
:100110001B68072293431900214B3A680A431A606F
:10012000FCF768F90300FB6009E0FCF763F90200E3
:10013000FB68D31A1B4A934201D903232CE0184BC6
:100140001B68072213403A689A42EED17B681B680D
:100150000422134009D0144B9B68154A1340190020
:100160007B68DA68104B0A439A6000F029F80100B6
:100170000D4B9B681B0A0F221A400E4B9200D3585E
:100180001F2213400A00DA400B4B1A600B4B1B680E
:100190001800FCF7D3F803001800BD4604B080BD7A
:1001A000002002408813000000100240FFF0FFFF13
:1001B000FF8FFFFFFC340408E0010020F80100205D
:1001C00080B586B000AF3C4B9B68382213400FD1FE
:1001D000394B1B68DB0A0722134001229A401300A7
:1001E0003B6039683548DFF7B5FF03003B615DE0F0
:1001F000314B9B6838221340082B02D1304B3B61B6
:1002000054E02D4B9B6838221340102B38D12A4BD9
:10021000DB6803221340FB60274BDB681B090722C6
:1002200013400133BB60FB68032B0DD1B968244830
:10023000DFF790FF030019001F4BDB681B0A7F22CA
:1002400013404B437B610DE0B9681C48DFF782FF28
:1002500003001900184BDB681B0A7F2213404B4335
:100260007B61C046144BDB685B0F072213400133F0
:100270007B6079687869DFF76DFF03003B6115E00B
:100280000D4B9B6838221340202B03D180231B0287
:100290003B610BE0084B9B6838221340182B03D1BD
:1002A000FA23DB013B6101E000233B613B6918005D
:1002B000BD4606B080BDC046001002400024F400D8
:1002C00000127A0080B500AF024B1B681800BD46D3
:1002D00080BDC046E0010020B0B500AFFFF7F2FFDF
:1002E0000400FFF7F9FA03001A0B054B9200D358EC
:1002F0001F221340DC4023001800BD46B0BDC0469D
:100300003C35040880B586B000AF78601323FB1835
:1003100000221A701223FB1800221A707B681A68D8
:1003200080239B02134000D1ADE011203B18002236
:100330001A70474BDA6B80235B05134010D1444B96
:10034000DA6B434B802149050A43DA63404BDA6B91
:1003500080235B051340BB60BB683B1801221A7009
:100360003C4B1A683B4B802149000A431A60FCF75A
:1003700041F80300FB600BE0FCF73CF80200FB686F
:10038000D31A022B04D91323FB1803221A7005E099
:10039000304B1A6880235B001340EDD01323FB1809
:1003A0001B78002B5ED12A4BDA6DC0239B001340D3
:1003B0007B617B69002B19D07B681B6C7A699A4240
:1003C00014D0234BDB6D244A13407B61204BDA6D44
:1003D0001F4B802149020A43DA651D4BDA6D1C4B25
:1003E0001E490A40DA651A4B7A69DA657B6901228F
:1003F000134016D0FBF7FEFF0300FB600CE0FBF799
:10040000F9FF0200FB68D31A154A934204D913235B
:10041000FB1803221A7004E00D4BDB6D022213401F
:10042000EDD01323FB181B78002B0AD1084BDB6D92
:10043000094A134019007B681A6C054B0A43DA65B8
:1004400016E01223FB181322BA1812781A700FE064
:100450000010024000700040FFFCFFFFFFFFFEFFA6
:10046000881300001223FB181322BA1812781A708E
:100470001123FB181B78012B05D1B64BDA6BB54B5A
:10048000B5490A40DA637B681B680122134009D032
:10049000B04B5B6D0322934319007B685A68AD4BE8
:1004A0000A435A657B681B680222134009D0A94B96
:1004B0005B6D0C22934319007B689A68A54B0A4335
:1004C0005A657B681B680422134009D0A14B5B6D01
:1004D0003022934319007B68DA689E4B0A435A65C1
:1004E0007B681B681022134009D09A4B5B6D9B4AB6
:1004F000134019007B681A69964B0A435A657B685A
:100500001A6880235B01134009D0924B5B6D944ABB
:10051000134019007B685A698E4B0A435A657B6801
:100520001A6880239B00134009D08A4B5B6D8D4A6B
:10053000134019007B689A6A864B0A435A657B68A8
:100540001A688023DB00134009D0824B5B6D864A1A
:10055000134019007B68DA6A7E4B0A435A657B6850
:100560001B682022134009D07A4B5B6D7F4A1340F1
:1005700019007B689A69774B0A435A657B681B6848
:100580004022134009D0734B5B6D794A1340190028
:100590007B68DA696F4B0A435A657B681A68802367
:1005A000DB01134015D06B4B5B6D9B0099087B689A
:1005B0001A6B684B0A435A657B681A6B8023DB050C
:1005C0009A4206D1634BDA68624B802149020A43A2
:1005D000DA607B681A6880231B03134009D05D4BE7
:1005E0005B6D4022934319007B685A6B594B0A4359
:1005F0005A657B681A6880239B03134016D0554BBD
:100600005B6D5C4A134019007B689A6B514B0A433F
:100610005A657B689A6B8023DB039A4206D14D4B67
:10062000DA684C4B802149040A43DA607B681A6817
:100630008023DB03134016D0464B5B6D4E4A1340BC
:1006400019007B68DA6B434B0A435A657B68DA6BA7
:1006500080235B049A4206D13E4BDA683D4B8021F1
:1006600049040A43DA607B681A6880231B0113403F
:1006700014D0384B9B6D0322934319007B681A6A90
:10068000344B0A439A657B681B6A012B06D1314BB8
:10069000DA68304B802149020A43DA607B681A68C5
:1006A00080239B01134014D02A4B9B6D0C22934353
:1006B00019007B685A6A274B0A439A657B685B6A14
:1006C000042B06D1234BDA68224B802149020A43CE
:1006D000DA607B681A6880235B04134016D01D4BD8
:1006E0009B6D224A134019007B685A6C194B0A43D0
:1006F0009A657B685A6C80239B019A4206D1154B00
:10070000DA68144B802149040A43DA607B681A686E
:1007100080239B04134016D00E4B9B6D104A134050
:1007200019007B689A6C0B4B0A439A657B689A6C3C
:1007300080235B009A4206D1064BDA68054B802184
:1007400049040A43DA601223FB181B781800BD46DF
:1007500006B080BD00100240FFFFFFEFFFF3FFFF78
:10076000FFFCFFFFFFFFF3FFFFFFCFFFFFCFFFFF08
:10077000FF3FFFFFFFFFBFFFFFFFFFFEB0B584B0ED
:1007800000AF78600F23FB1801221A707B68002BE2
:1007900000D18CE07B6829229B5CDBB2002B0BD163
:1007A0007B682822002199547B68882212025A60B3
:1007B0007B681800F3F71CFF7B68292202219954FB
:1007C0007B681B68DB6810221340102B62D07B68AB
:1007D0001B68CA225A627B681B6853225A620F2523
:1007E0007C197B68180000F011FB030023702800BF
:1007F0003B181B78002B2CD17B681B689A697B689F
:100800001B682E490A409A617B681B6899697B685E
:100810009A687B685B691A437B68DB691A437B686B
:100820001B680A439A617B681B687A6812691A61BF
:100830007B681B6819697B68DB681A047B681B6826
:100840000A431A613C187B68180000F021FB030082
:1008500023700F23FB181B78002B16D17B681B68B5
:100860009A697B681B68D200D2089A617B681B6812
:1008700099697B685A6A7B681B6A1A437B689B6923
:100880001A437B681B680A439A617B681B68FF22D6
:100890005A6203E00F23FB1800221A700F23FB1883
:1008A0001B78002B03D17B682922012199540F2347
:1008B000FB181B781800BD4604B0B0BDBFFF8FFB0E
:1008C000B0B584B000AF78607B68292202219954CA
:1008D0007B681B68CA225A627B681B6853225A6273
:1008E0000F257C197B68180000F090FA0300237034
:1008F0007B191B78002B5CD17B681B6800221A6077
:100900007B681B68394A5A607B681B689A697B68F8
:100910001B6807210A409A61FBF76CFD0300BB606E
:1009200012E0FBF767FD0200BB68D21AFA239B00B6
:100930009A4209D97B681B68FF225A627B68292288
:100940000321995403234CE07B681B68DB68042275
:100950001340E6D07B681B689B697B681B6800229C
:100960009A617B681B68224A5A617B681B68214A2E
:100970001A617B681B6800221A647B681B6800226E
:100980009A647B681B680022DA627B681B6800221D
:100990009A627B681B6800225A647B681B6800228D
:1009A000DA640F23FC187B68180000F071FA03006A
:1009B00023707B681B68FF225A620F23FB181B7889
:1009C000002B07D17B681800F3F74CFE7B682922C7
:1009D000002199547B682822002199540F23FB1889
:1009E0001B781800BD4604B0B0BDC0460121000010
:1009F000FFFF0000FF007F00B0B586B000AFF860D9
:100A0000B9607A60FB6828229B5C012B01D102232C
:100A100092E0FB68282201219954FB6829220221D7
:100A20009954FB681B68CA225A62FB681B685322F0
:100A30005A6213257C19FB68180000F0E7F90300DF
:100A400023707B191B78002B62D17B68002B25D18A
:100A5000FB681B689B694022134002D1BB680022DF
:100A6000DA70BB681B78180000F056FA03001C040B
:100A7000BB685B78180000F04FFA03001B021C43B0
:100A8000BB689B78180000F047FA030022001A4365
:100A9000BB68DB789B0513437B6117E0FB681B6831
:100AA0009B694022134002D1BB680022DA70BB6808
:100AB0001B781A04BB685B781B021343BA689278F0
:100AC0001A43BB68DB789B0513437B61FB681B689B
:100AD0007A691B490A401A60FB681B689A69FB68BF
:100AE0001B6818490A409A61FB681B689969BB68D2
:100AF000DA68BB681B691A43FB681B680A439A6182
:100B00001323FC18FB68180000F0C2F903002370DF
:100B1000FB681B68FF225A621323FB181B78002B0B
:100B200003D1FB68292201219954FB682822002166
:100B300099541323FB181B781800BD4606B0B0BDAE
:100B40007F7F7F00FFFFFBFF80B586B000AFF860BE
:100B5000B9607A60FB681B689A68BB685A60FB687A
:100B60001B681B695B045A0CBB689A60FB681B68B6
:100B70001B68224A13407B617B691B0CDBB23F225E
:100B80001340DAB2BB681A707B691B0ADBB27F22A2
:100B90001340DAB2BB685A707B69DBB27F22134024
:100BA000DAB2BB689A707B699B0DDBB201221340FD
:100BB000DAB2BB68DA707B68002B1AD1BB681B788D
:100BC000180000F0D1F903001A00BB681A70BB6866
:100BD0005B78180000F0C8F903001A00BB685A706F
:100BE000BB689B78180000F0BFF903001A00BB68CF
:100BF0009A7000231800BD4606B080BD7F7F7F003D
:100C0000B0B586B000AFF860B9607A60FB682822A2
:100C10009B5C012B01D102237EE0FB68282201218D
:100C20009954FB682922022199547B68002B0ED12C
:100C3000BB685B781A001023134008D0BB685B7850
:100C400010229343DBB20A33DAB2BB685A707B6876
:100C5000002B1CD1BB68DB78180000F05DF90300A5
:100C60001C04BB685B78180000F056F903001B02F7
:100C70001C43BB689B78180000F04EF9030022006B
:100C80001A43BB681B785B0313437B610EE0BB68B0
:100C9000DB781A04BB685B781B021343BA6892784E
:100CA0001A43BB681B785B0313437B61FB681B68BB
:100CB000CA225A62FB681B6853225A6213257C19A8
:100CC000FB68180000F0A2F80300237028003B180E
:100CD0001B78002B0CD1FB681B687A6910490A400D
:100CE0005A603C18FB68180000F0D2F8030023702B
:100CF000FB681B68FF225A621323FB181B78002B2A
:100D000003D1FB68292201219954FB682822002184
:100D100099541323FB181B781800BD4606B0B0BDCC
:100D20003FFFFF0080B586B000AFF860B9607A6021
:100D3000FB681B685B68214A13407B617B691B0C65
:100D4000DAB2BB68DA707B691B0ADBB21F22134080
:100D5000DAB2BB685A707B69DBB23F221340DAB269
:100D6000BB689A707B695B0BDBB207221340DAB277
:100D7000BB681A707B68002B1AD1BB68DB7818003F
:100D800000F0F2F803001A00BB68DA70BB685B7809
:100D9000180000F0E9F803001A00BB685A70BB683D
:100DA0009B78180000F0E0F803001A00BB689A7006
:100DB00000231800BD4606B080BDC0463FFFFF00BF
:100DC00080B584B000AF78607B681B680E4ADA603B
:100DD000FBF710FB0300FB600AE0FBF70BFB0200D4
:100DE000FB68D21AFA239B009A4201D9032306E03A
:100DF0007B681B68DB6820221340EED000231800BC
:100E0000BD4604B080BDC0465F00010080B584B01F
:100E100000AF78600F23FB1800221A707B681B68F4
:100E2000DB68402213402CD17B681B68DA687B6842
:100E30001B6880210A43DA60FBF7DCFA0300BB6021
:100E400014E0FBF7D7FA0200BB68D21A0F203B1858
:100E5000391809781970FA239B009A4206D93B1871
:100E600003221A707B682922032199547B681B682E
:100E7000DB684022134004D10F23FB181B78032B9F
:100E8000DFD10F23FB181B781800BD4604B080BDCE
:100E900090B585B000AF78600F243B1900221A701E
:100EA0001C4BDA681B4B80218A43DA60194B9B6923
:100EB000202213400DD17B681800FFF781FF031E2D
:100EC00021D07B682922032199543B1903221A70EF
:100ED00019E0104B9A690F4B20218A439A617B6875
:100EE0001800FFF76DFF031E07D07B68292203213E
:100EF00099540F23FB1803221A70064B9A69054B6D
:100F000020210A439A610F23FB181B781800BD4665
:100F100005B090BD0028004080B584B000AF02004D
:100F2000FB1D1A700023FB600B23FB18FA1D1278BF
:100F30001A7008E0FB680133FB600B22BB18BA187B
:100F400012780A3A1A700B217B181B78092BF1D8FA
:100F5000FB68DBB21B01DAB27B181B781343DBB2F0
:100F60001800BD4604B080BD80B584B000AF02005B
:100F7000FB1D1A70FB1D1B781B09DBB21A00130046
:100F80009B009B185B00FB60FB68DAB2FB1D1B78C3
:100F90000F210B40DBB2D318DBB21800BD4604B002
:100FA00080BD80B586B000AFF860B9607A60FB683C
:100FB0001B681A00FB685B68D3187B617B6901338F
:100FC000FF333B61BB689B003A69D3183B613B69C7
:100FD0007A681A60C046BD4606B080BD80B584B050
:100FE00000AF786039607B681B681A007B685B68BB
:100FF000D318FB60FB680133FF33BB603B689B0089
:10100000BA68D318BB60BB681B681800BD4604B043
:1010100080BD80B582B000AF78607B68002B01D1C5
:1010200001234AE07B683D229B5CDBB2002B07D1A9
:101030007B683C22002199547B68180000F041F83D
:101040007B683D22022199547B681A687B680433CF
:101050001900100000F098F87B684822012199548B
:101060007B683E22012199547B683F2201219954DB
:101070007B684022012199547B68412201219954C7
:101080007B684222012199547B68432201219954B3
:101090007B684422012199547B684522012199549F
:1010A0007B684622012199547B684722012199548B
:1010B0007B683D220121995400231800BD4602B0EF
:1010C00080BD80B582B000AF7860C046BD4602B03A
:1010D00080BD000080B584B000AF78607B683D22A1
:1010E0009B5CDBB2012B01D001233FE07B683D22FA
:1010F000022199547B681B681E4A934214D07B6876
:101100001A688023DB059A420ED07B681B681A4A56
:10111000934209D07B681B68184A934204D07B68CD
:101120001B68174A934216D17B681B689B68154A57
:101130001340FB60FB68062B16D0FA6880235B0225
:101140009A4211D07B681B681A687B681B68012172
:101150000A431A6008E07B681B681A687B681B6892
:1011600001210A431A6000E0C04600231800BD4672
:1011700004B080BD002C0140000400400008004085
:10118000004001400700010080B584B000AF7860E6
:1011900039607B681B68FB607B683F4A93420CD0D8
:1011A0007A688023DB059A4207D07B683B4A9342EA
:1011B00003D07B683A4A934208D1FB68702293437C
:1011C000FB603B685B68FA681343FB607B68324AEC
:1011D00093421CD07A688023DB059A4217D07B6843
:1011E0002E4A934213D07B682D4A93420FD07B68DE
:1011F0002C4A93420BD07B682B4A934207D07B68E2
:101200002A4A934203D07B68294A934208D1FB685B
:10121000284A1340FB603B68DB68FA681343FB60B5
:10122000FB68802293431A003B685B691343FB60B1
:101230007B68FA681A603B689A687B68DA623B6888
:101240001A687B689A627B68134A93420BD07B686A
:10125000154A934207D07B68144A934203D07B68B7
:10126000134A934203D13B681A697B681A637B680F
:1012700001225A617B681B6901221340012B06D1B0
:101280007B681B69012293431A007B681A61C04680
:10129000BD4604B080BDC046002C014000040040A3
:1012A0000008004000200040004001400044014090
:1012B00000480140FFFCFFFF80B582B000AF7860BE
:1012C0007B68002B01D1012346E07B6888229B5874
:1012D000002B07D17B688422002199547B68180079
:1012E000F3F7BAFB7B688822242199507B681B683E
:1012F0001A687B681B6801218A431A607B689B6AB5
:10130000002B03D07B68180001F0D8F87B68180028
:1013100000F07EFD0300012B01D101231CE07B685E
:101320001B685A687B681B680D490A405A607B68D5
:101330001B689A687B681B682A218A439A607B68CD
:101340001B681A687B681B6801210A431A607B6866
:10135000180001F067F903001800BD4602B080BD17
:10136000FFB7FFFF80B582B000AF78607B68002BCD
:1013700001D1012332E07B688822242199507B68C7
:101380001B681A687B681B6801218A431A607B68A6
:101390001B6800221A607B681B6800225A607B6809
:1013A0001B6800229A607B68180000F01BF87B68BD
:1013B0009022002199507B688822002199507B68F7
:1013C0008C22002199507B680022DA667B6800221B
:1013D0001A677B6884220021995400231800BD46B7
:1013E00002B080BD80B582B000AF7860C046BD4617
:1013F00002B080BD80B58AB002AFF860B9603B60D2
:10140000BB1D1A80FB6888229B58202B00D090E0DF
:10141000BB68002B03D0BB1D1B88002B01D101230F
:1014200088E0FB689A6880235B019A4209D1FB68D7
:101430001B69002B05D1BB680122134001D0012399
:1014400078E0FB68902200219950FB6888222121D6
:101450009950FAF7CFFF03007B61FB68BA1D542156
:1014600012885A52FB68BA1D562112885A52FB68DC
:101470009A6880235B019A4208D1FB681B69002BA4
:1014800004D10023FB61BB68BB6103E0BB68FB6167
:101490000023BB6130E07A69F8683B680093130071
:1014A0000022802101F068F9031E05D0FB68882224
:1014B0002021995003233DE0FB69002B0BD1BB6930
:1014C0001B881A00FB681B68D205D20D9A62BB69A3
:1014D0000233BB6107E0FB691A78FB681B689A62FC
:1014E000FB690133FB61FB6856229B5A9BB2013BAF
:1014F00099B2FB6856229952FB6856229B5A9BB2BE
:10150000002BC8D17A69F8683B6800931300002269
:10151000402101F031F9031E05D0FB68882220210B
:101520009950032306E0FB6888222021995000236C
:1015300000E002231800BD4608B080BD80B58CB025
:1015400000AFF860B960BB1D1A80FB6888229B5809
:10155000202B00D08DE0BB68002B03D0BB1D1B8867
:10156000002B01D1012385E0FB689A6880235B0191
:101570009A4209D1FB681B69002B05D1BB68012287
:10158000134001D0012375E0FB68BA681A65FB6857
:10159000BA1D542112885A52FB68BA1D562112886E
:1015A0005A52FB6800229A67FB68902200219950EA
:1015B000FB68882221219950FB685A6E80239B0585
:1015C0009A422AD1FB689A6880235B019A4207D12C
:1015D000FB681B69002B03D1FB68284A9A6702E06D
:1015E000FB68274A9A67EFF31083FB61FB69BB62D4
:1015F00001233B623B6A83F31088C046FB681B688B
:101600009A68FB681B68802109040A439A60BB6AD8
:101610007B627B6A83F3108829E0FB689A688023E9
:101620005B019A4207D1FB681B69002B03D1FB6861
:10163000144A9A6702E0FB68134A9A67EFF3108333
:101640003B613B69FB6201237B617B6983F310880B
:10165000C046FB681B681A68FB681B6880210A4348
:101660001A60FB6ABB61BB6983F31088C046002324
:1016700000E002231800BD460CB080BD752F0208A3
:10168000892E0208CB2D0208172D020880B58CB0D8
:1016900000AF78607B6888229B58FB627B688C2255
:1016A0009B58BB627B681B689B6880221340802B21
:1016B00038D1FB6A212B35D1EFF310837B617B6935
:1016C0007B620123BB61BB6983F31088C0467B68E2
:1016D0001B689A687B681B6880218A439A607B6AD2
:1016E000FB61FB6983F31088C0467B68DB6F002BCE
:1016F00014D07B68DB6F1800FCF7DCFB031E0DD0F9
:101700007B68DB6F1800FCF761FD0300202B05D11F
:101710007B68902210219950032347E07B681800D2
:1017200001F040F97B681B689B6840221340402B06
:101730003BD1BB6A222B38D1EFF31083BB60BB686F
:101740003B620123FB60FB6883F31088C0467B6823
:101750001B689A687B681B6840218A439A603B6AD1
:101760003B613B6983F31088C0467B6880229B58AD
:10177000002B16D07B6880229B581800FCF79AFB40
:10178000031E0ED07B6880229B581800FCF71EFDBC
:101790000300202B05D17B68902210219950032350
:1017A00004E07B68180001F03DF900231800BD46F5
:1017B0000CB080BDB0B5AAB000AF78607B681B6884
:1017C000DB69A422B9180B607B681B681B68A0202A
:1017D00039180B607B681B689B689C2439190B6067
:1017E0001100BB181B68A24A13409822BD182B6039
:1017F000BB181B68002B1AD17B181B6820221340D2
:1018000015D03B181B682022134005D13B191A68DC
:1018100080235B0513400AD07B685B6F002B00D1EF
:10182000DCE27B685B6F7A6810009847D6E2982309
:10183000FB181B68002B00D122E19C23FB181B68BE
:101840008C4A134006D1A023FB181B688A4A134018
:1018500000D115E1A423FB181B680122134012D00C
:10186000A023FB181A6880235B0013400BD07B6811
:101870001B6801221A627B6890229B5801221A433E
:101880007B6890215A50A423FB181B680222134046
:1018900011D09C23FB181B68012213400BD07B68DE
:1018A0001B6802221A627B6890229B5804221A430A
:1018B0007B6890215A50A423FB181B680422134014
:1018C00011D09C23FB181B68012213400BD07B68AE
:1018D0001B6804221A627B6890229B5802221A43DA
:1018E0007B6890215A50A423FB181B6808221340E0
:1018F00017D0A023FB181B682022134005D19C237E
:10190000FB181B685B4A13400BD07B681B680822DE
:101910001A627B6890229B5808221A437B689021A8
:101920005A50A423FB181A6880231B01134013D0BC
:10193000A023FB181A688023DB0413400CD07B68BB
:101940001B68802212011A627B6890229B58202219
:101950001A437B6890215A507B6890229B58002B39
:1019600000D13DE2A423FB181B682022134015D0B0
:10197000A023FB181B682022134006D19C23FB18D0
:101980001A6880235B05134008D07B685B6F002BCF
:1019900004D07B685B6F7A68100098477B68902260
:1019A0009B5894217A1813607B681B689B684022BF
:1019B0001340402B04D07B181B68282213404CD0C6
:1019C0007B68180001F02EF87B681B689B6840223A
:1019D0001340402B3CD1EFF310833B663B6E9020CD
:1019E0003A18136001237B667B6E83F31088C04630
:1019F0007B681B689A687B681B6840218A439A60F1
:101A00003B181B68BB66BB6E83F31088C0467B68BF
:101A100080229B58002B16D07B6880229B58174A47
:101A20009A637B6880229B581800FCF7A3FA031E78
:101A30001CD07B6880229B589B6B7A68802152580F
:101A40001000984712E07B681800F2F7A3FA0DE047
:101A50007B681800F2F79EFA08E07B681800F2F73E
:101A600099FA7B68902200219950B9E1C046B7E10C
:101A70000F0800000100001020010004E92C0208FA
:101A80007B68DB6E012B00D03EE1A423FB181B68B2
:101A90001022134000D137E1A023FB181B6810224D
:101AA000134000D130E17B681B6810221A627B680A
:101AB0001B689B6840221340402B00D0A4E07B6849
:101AC00080229B581B685A687E217B181A807B18DD
:101AD0001B88002B00D185E17B685C229B5A7A1819
:101AE00012889A4200D37DE17B687A185E211288C1
:101AF0005A527B6880229B581B681B682022134027
:101B000070D1EFF310833B633B6BBB6701237B63B7
:101B10007B6B83F31088C0467B681B681A687B6800
:101B20001B68B4490A401A60BB6FBB63BB6B83F38D
:101B30001088C046EFF31083FB63FB6B7B670123C8
:101B40003B643B6C83F31088C0467B681B689A68D3
:101B50007B681B6801218A439A607B6F7B647B6C86
:101B600083F31088C046EFF31083BB64BB6C3B6704
:101B70000123FB64FB6C83F31088C0467B681B6801
:101B80009A687B681B6840218A439A603B6F3B657B
:101B90003B6D83F31088C0467B688C2220219950CE
:101BA0007B680022DA66EFF310837B657B6DFB6652
:101BB0000123BB65BB6D83F31088C0467B681B683F
:101BC0001A687B681B6810218A431A60FB6EFB65EC
:101BD000FB6D83F31088C0467B6880229B581800F9
:101BE000FCF768F97B6802221A677B685C229A5AC4
:101BF0007B685E215B5A9BB2D31A9AB27B68110054
:101C00001800F1F72DFFEDE07B685C22995A7B68A4
:101C10005E229B5A9AB28E203B188A1A1A807B68E1
:101C20005E229B5A9BB2002B00D1DDE03B181B8843
:101C3000002B00D1D8E0EFF31083FB60FB68882411
:101C40003A19136001233B613B6983F31088C04656
:101C50007B681B681A687B681B6867490A401A60C2
:101C60003B191B687B617B6983F31088C046EFF3E7
:101C70001083BB61BB6984243A1913600123FB61A3
:101C8000FB6983F31088C0467B681B689A687B6891
:101C90001B685A490A409A603B191B683B623B6AC1
:101CA00083F31088C0467B688C22202199507B6882
:101CB0000022DA667B6800225A67EFF310837B62AA
:101CC0007B6A80243A1913600123BB62BB6A83F3E9
:101CD0001088C0467B681B681A687B681B681021E7
:101CE0008A431A603B191B68FB62FB6A83F3108806
:101CF000C0467B6802221A673B181A887B6811006D
:101D00001800F1F7ADFE6FE0A423FB181A688023DA
:101D10005B03134010D09C23FB181A688023DB035D
:101D2000134009D07B681B68802252031A627B68CB
:101D30001800F2F7A1F95AE0A423FB181B688022CF
:101D4000134016D0A023FB181B688022134006D135
:101D50009C23FB181A6880231B04134009D07B685E
:101D60009B6F002B42D07B689B6F7A68100098476E
:101D70003CE0A423FB181B68402213400AD0A02398
:101D8000FB181B684022134004D07B68180001F048
:101D90006BF92CE0A423FB181A6880231B04134062
:101DA0000BD0A023FB181A688023DB05134004D056
:101DB0007B68180001F08CF919E0A423FB181A685D
:101DC00080235B04134012D0A023FB181B68002B58
:101DD0000DDA7B68180001F073F908E0C04606E0F0
:101DE000C04604E0C04602E0C04600E0C046BD4632
:101DF0002AB0B0BDFFFEFFFFDFFEFFFFFEFFFFEFDB
:101E000080B582B000AF7860C046BD4602B080BDEC
:101E1000B0B590B000AF78621A2320229B18DB196E
:101E200000221A707B6A9A687B6A1B691A437B6A74
:101E30005B691A437B6ADB691343FB637B6A1B683C
:101E40001B68C14A134019007B6A1A68FB6B0B437D
:101E500013607B6A1B685B68BC4A134018007B6A8E
:101E6000D9687B6A1A6803000B4353607B6A9B69DD
:101E7000FB637B6A1B68B64A934209D07B6A1B6886
:101E8000B44A934204D07B6A1B6AFA6B1343FB6328
:101E90007B6A1B689B68B04A134019007B6A1A680A
:101EA000FB6B0B4393607B6A1B68DB6A0F229343D7
:101EB00018007B6A596A7B6A1A6803000B43D36275
:101EC0007B6A1B68A54A934231D1A54B5B6D032207
:101ED0001340032B1DD023D8022B0CD020D8002B6D
:101EE00002D0012B0ED01BE01B2320229B18DB19F4
:101EF00000221A7054E11B2320229B18DB190222B6
:101F00001A704DE11B2320229B18DB1904221A7042
:101F100046E11B2320229B18DB1908221A703FE19F
:101F20001B2320229B18DB1910221A7038E17B6AD0
:101F30001B688C4A934231D1894B5B6D0C22134054
:101F40000C2B1DD023D8082B0CD020D8002B02D06E
:101F5000042B0ED01BE01B2320229B18DB19002230
:101F60001A701DE11B2320229B18DB1902221A7014
:101F700016E11B2320229B18DB1904221A700FE1A3
:101F80001B2320229B18DB1908221A7008E11B234F
:101F900020229B18DB1910221A7001E17B6A1B6852
:101FA000714A934231D16E4B5B6D30221340302B1E
:101FB0001DD023D8202B0CD020D8002B02D0102BE2
:101FC0000ED01BE01B2320229B18DB1900221A7065
:101FD000E6E01B2320229B18DB1902221A70DFE0A7
:101FE0001B2320229B18DB1904221A70D8E01B2324
:101FF00020229B18DB1908221A70D1E01B23202213
:102000009B18DB1910221A70CAE07B6A1B68574ABA
:10201000934206D11B2320229B18DB1900221A7041
:10202000BEE07B6A1B68524A934206D11B232022E2
:102030009B18DB1900221A70B2E07B6A1B684D4ABC
:10204000934206D11B2320229B18DB1900221A7011
:10205000A6E07B6A1B683E4A93423ED1404B5A6DD4
:10206000C0231B011340C0221201934227D0C0227B
:10207000120193422AD880221201934211D0802269
:102080001201934222D8002B04D08022D200934226
:102090000ED01BE01B2320229B18DB1900221A7094
:1020A0007EE01B2320229B18DB1902221A7077E0A6
:1020B0001B2320229B18DB1904221A7070E01B23BB
:1020C00020229B18DB1908221A7069E01B232022AA
:1020D0009B18DB1910221A7062E07B6A1B681D4A8C
:1020E000934257D11E4B5A6DC0239B001340C02210
:1020F0009200934240D0C0229200934243D8802263
:102100009200934211D08022920093423BD8002B40
:1021100004D08022520093420ED034E01B232022B0
:102120009B18DB1900221A703AE01B2320229B180F
:10213000DB1902221A7033E01B2320229B18DB19C3
:1021400004221A702CE0C046F369FFCFFFCFFFFFD7
:102150000080004000840040FFF4FF11003801407F
:10216000001002400044004000480040004C004085
:1021700000500040003C01401B2320229B18DB192B
:1021800008221A700CE01B2320229B18DB19102256
:102190001A7005E01B2320229B18DB1910221A70ED
:1021A0007B6A1B68C14A934205D07B6A1B68C04AA0
:1021B000934200D093E01B2320229B18DB191B784D
:1021C000082B15D018DC042B0DD015DC002B02D009
:1021D000022B05D010E0FEF77FF803007B6314E0CC
:1021E000B44B7B6311E0FDF7EBFF03007B630CE076
:1021F00080231B027B6308E000237B631A232022D9
:102200009B18DB1901221A70C0467B6B002B00D192
:1022100035E17B6A5A6AA84B5200D35A1900786B91
:10222000DDF798FF0300BB627B6A5A6813005B000E
:102230009B18BA6A9A4205D37B6A5B681B03BA6A29
:102240009A4206D91A2320229B18DB1901221A7000
:1022500044E07B6BBB610023FB617B6A5A6A964B4F
:102260005200D35A3B6100237B613A697B69B869AC
:10227000F969DEF781F902000B00110E1D020D4312
:1022800014027B6A5B685B08BB600023FB60B86874
:10229000F968001969417B6A5B683B6000237B60D9
:1022A0003A687B68DEF768F902000B0013003B63B5
:1022B0003A6BC0239B009A4209D33A6B80235B039D
:1022C0009A4204D27B6A1B683A6BDA6006E01A23F2
:1022D00020229B18DB1901221A70D0E0CFE07B6A24
:1022E000DA6980231B029A4200D070E01B2320226F
:1022F0009B18DB191B78082B15D018DC042B0DD08C
:1023000015DC002B02D0022B05D010E0FDF7E4FF16
:1023100003007B6314E0674B7B6311E0FDF750FF24
:1023200003007B630CE080231B027B6308E0002337
:102330007B631A2320229B18DB1901221A70C046E6
:102340007B6B002B00D19AE07B6A5A6A5A4B520091
:10235000D35A1900786BDDF7FDFE03005A007B6A43
:102360005B685B08D2187B6A5B6819001000DDF7B8
:10237000F1FE03003B633B6B0F2B21D93A6B8023AB
:102380005B029A421CD23B6B9AB20E2020240319A6
:10239000DB190F218A431A803B6B5B089BB2072233
:1023A000134099B20319DB190219D21912880A4392
:1023B0001A807B6A1B680219D2191288DA605EE003
:1023C0001A2320229B18DB1901221A7057E01B23C5
:1023D00020229B18DB191B78082B15D018DC042B46
:1023E0000DD015DC002B02D0022B05D010E0FDF73C
:1023F00073FF03007B6314E02E4B7B6311E0FDF75A
:10240000DFFE03007B630CE080231B027B6308E09C
:1024100000237B631A2320229B18DB1901221A70E8
:10242000C0467B6B002B2AD07B6A5A6A224B520033
:10243000D35A1900786BDDF78DFE03001A007B6A12
:102440005B685B08D2187B6A5B6819001000DDF7D7
:1024500081FE03003B633B6B0F2B0AD93A6B802351
:102460005B029A4205D23B6B9AB27B6A1B68DA60C8
:1024700005E01A2320229B18DB1901221A707B6ABF
:102480006A22012199527B6A6822012199527B6A52
:1024900000225A677B6A00229A671A2320229B181F
:1024A000DB191B781800BD4610B0B0BD008000409D
:1024B000008400400024F4005437040880B582B042
:1024C00000AF78607B689B6A082213400BD07B6862
:1024D0001B685B684A4A134019007B689A6B7B68EB
:1024E0001B680A435A607B689B6A012213400BD029
:1024F0007B681B685B68434A134019007B68DA6A93
:102500007B681B680A435A607B689B6A02221340FF
:102510000BD07B681B685B683B4A134019007B68E3
:102520001A6B7B681B680A435A607B689B6A0422AB
:1025300013400BD07B681B685B68344A134019005A
:102540007B685A6B7B681B680A435A607B689B6A8E
:10255000102213400BD07B681B689B682C4A1340E9
:1025600019007B68DA6B7B681B680A439A607B689A
:102570009B6A202213400BD07B681B689B68254A0E
:10258000134019007B681A6C7B681B680A439A60C9
:102590007B689B6A402213401DD07B681B685B6888
:1025A0001D4A134019007B685A6C7B681B680A43FC
:1025B0005A607B685A6C80235B039A420BD17B681C
:1025C0001B685B68154A134019007B689A6C7B682E
:1025D0001B680A435A607B689B6A802213400BD0B9
:1025E0007B681B685B680E4A134019007B68DA6CD5
:1025F0007B681B680A435A60C046BD4602B080BD76
:10260000FF7FFFFFFFFFFDFFFFFFFEFFFFFFFBFF61
:10261000FFEFFFFFFFDFFFFFFFFFEFFFFFFF9FFF6A
:10262000FFFFF7FF80B592B002AF78607B68902221
:1026300000219950F9F7DEFE0300FB637B681B68FD
:102640001B6808221340082B2DD1FB6B80229103BD
:102650007868474A0092002200F08EF8031E22D0CC
:10266000EFF310837B627B6ABB630123BB62BB6AAF
:1026700083F31088C0467B681B681A687B681B68F8
:1026800080218A431A60BB6BFB62FB6A83F310886C
:10269000C0467B688822202199507B6884220021D3
:1026A0009954032360E07B681B681B680422134075
:1026B000042B46D1FB6B8022D10378682C4A009210
:1026C000002200F059F8031E3BD0EFF31083FB60AB
:1026D000FB687B6301233B613B6983F31088C04641
:1026E0007B681B681A687B681B6822490A401A606D
:1026F0007B6B7B617B6983F31088C046EFF31083AB
:10270000BB61BB693B630123FB61FB6983F31088F9
:10271000C0467B681B689A687B681B6801218A43F6
:102720009A603B6B3B623B6A83F31088C0467B68D0
:102730008C22202199507B68842200219954032304
:1027400012E07B688822202199507B688C2220210E
:1027500099507B680022DA667B6800221A677B68E2
:1027600084220021995400231800BD4610B080BD7A
:10277000FFFFFF01DFFEFFFF80B584B000AFF86010
:10278000B9603B60FB1D1A7051E0BB6901334ED04C
:10279000F9F730FE02003B68D31ABA699A4202D3B5
:1027A000BB69002B01D1032351E0FB681B681B6848
:1027B000042213403BD0BB68802B38D0BB68402B31
:1027C00035D0FB681B68DB6908221340082B11D148
:1027D000FB681B6808221A62FB68180000F022F9E7
:1027E000FB68902208219950FB68842200219954AB
:1027F00001232CE0FB681B68DA6980231B011A4067
:1028000080231B019A4212D1FB681B6880221201AF
:102810001A62FB68180000F005F9FB68902220217D
:102820009950FB6884220021995403230FE0FB6830
:102830001B68DB69BA681340BA68D31A5A4253411D
:10284000DBB21A00FB1D1B789A429ED000231800B1
:10285000BD4604B080BD000080B590B000AFF86008
:10286000B960BB1D1A80FB68BA689A65FB68BA1D1F
:102870005C2112885A52FB68902200219950FB6813
:102880008C2222219950FB6880229B58002B2DD04E
:10289000FB6880229B58404ADA62FB6880229B5882
:1028A0003E4A1A63FB6880229B583D4A5A63FB6884
:1028B00080229B5800229A63FB6880229858FB680C
:1028C0001B6824331900FB689B6D1A00BB1D1B8815
:1028D000FBF76AFA031E09D0FB6890221021995079
:1028E000FB688C2220219950012350E0FB681B6972
:1028F000002B19D0EFF31083BB62BB6AFB6301238B
:10290000FB62FB6A83F31088C046FB681B681A6889
:10291000FB681B68802149000A431A60FB6B3B631C
:102920003B6B83F31088C046EFF310833B613B6938
:10293000BB6301237B617B6983F31088C046FB681E
:102940001B689A68FB681B6801210A439A60BB6B8D
:10295000BB61BB6983F31088C046EFF31083FB6152
:10296000FB697B6301233B623B6A83F31088C046AB
:10297000FB681B689A68FB681B6840210A439A60E1
:102980007B6B7B627B6A83F31088C0460023180050
:10299000BD4610B080BDC046F12A0208212C0208B5
:1029A000632C020880B58AB000AF7860EFF3108323
:1029B000BB60BB687B620123FB60FB6883F310880C
:1029C000C0467B681B681A687B681B68C0218A4305
:1029D0001A607B6A3B613B6983F31088C046EFF362
:1029E00010837B617B693B620123BB61BB6983F31D
:1029F0001088C0467B681B689A687B681B6808491A
:102A00000A409A603B6AFB61FB6983F31088C04609
:102A10007B68882220219950C046BD460AB080BDFF
:102A2000FFFF7FFF80B58EB000AF7860EFF31083BB
:102A30007B617B697B630123BB61BB6983F3108886
:102A4000C0467B681B681A687B681B6826490A4079
:102A50001A607B6BFB61FB6983F31088C046EFF360
:102A600010833B623B6A3B6301237B627B6A83F397
:102A70001088C0467B681B689A687B681B681B4986
:102A80000A409A603B6BBB62BB6A83F31088C04606
:102A90007B68DB6E012B18D1EFF31083BB60BB6842
:102AA000FB620123FB60FB6883F31088C0467B68F0
:102AB0001B681A687B681B6810218A431A60FB6ACE
:102AC0003B613B6983F31088C0467B688C222021E0
:102AD00099507B680022DA667B6800225A67C046FC
:102AE000BD460EB080BDC046DFFEFFFFFEFFFFEF1C
:102AF00080B594B000AF78607B689B6AFB647B68AC
:102B00001B681B68202213406FD1FB6C5E220021E2
:102B10009952EFF31083BB61BB69BB640123FB6176
:102B2000FB6983F31088C046FB6C1B681A68FB6C5A
:102B30001B683A490A401A60BB6C3B623B6A83F3EC
:102B40001088C046EFF310837B627B6A7B640123AD
:102B5000BB62BB6A83F31088C046FB6C1B689A6833
:102B6000FB6C1B6801218A439A607B6CFB62FB6AE9
:102B700083F31088C046EFF310833B633B6B3B64E9
:102B800001237B637B6B83F31088C046FB6C1B685F
:102B90009A68FB6C1B6840218A439A603B6CBB635C
:102BA000BB6B83F31088C046FB6C8C2220219950AC
:102BB000FB6CDB6E012B18D1EFF31083FB60FB681D
:102BC000FB6301233B613B6983F31088C046FB6CC8
:102BD0001B681A68FB6C1B6810218A431A60FB6B28
:102BE0007B617B6983F31088C046FB6C00221A6707
:102BF000FB6CDB6E012B08D1FB6C5C229A5AFB6CE0
:102C000011001800F0F72CFF03E0FB6C1800F1F73F
:102C10002BFAC046BD4614B080BDC046FFFEFFFF84
:102C200080B584B000AF78607B689B6AFB60FB680E
:102C300001221A67FB68DB6E012B0AD1FB685C225C
:102C40009B5A5B089AB2FB6811001800F0F708FF66
:102C500003E0FB681800FFF7D3F8C046BD4604B098
:102C600080BD80B586B000AF78607B689B6A7B6171
:102C70007B6988229B583B617B698C229B58FB6057
:102C80007B691B689B6880221340802B0AD13B69BB
:102C9000212B07D17B695622002199527B691800AC
:102CA000FFF780FE7B691B689B6840221340402B26
:102CB0000AD1FB68222B07D17B695E220021995241
:102CC0007B691800FFF7AEFE7B6990229B581022AB
:102CD0001A437B6990215A507B691800F1F75AF921
:102CE000C046BD4606B080BD80B584B000AF7860F8
:102CF0007B689B6AFB60FB685E2200219952FB683F
:102D0000562200219952FB681800F1F743F9C0469A
:102D1000BD4604B080BD80B58AB000AF78607B68E6
:102D200088229B58212B4CD17B6856229B5A9BB200
:102D3000002B32D1EFF31083BB60BB687B620123B1
:102D4000FB60FB6883F31088C0467B681B681A68C9
:102D50007B681B6880218A431A607B6A3B613B6900
:102D600083F31088C046EFF310837B617B693B627D
:102D70000123BB61BB6983F31088C0467B681B6875
:102D80001A687B681B6840210A431A603B6AFB6132
:102D9000FB6983F31088C04613E07B681B6D1A78CB
:102DA0007B681B689A627B681B6D5A1C7B681A657E
:102DB0007B6856229B5A9BB2013B99B27B68562294
:102DC0009952C046BD460AB080BD80B58CB000AFF8
:102DD00078607B6888229B58212B51D17B685622D2
:102DE0009B5A9BB2002B32D1EFF31083FB60FB6840
:102DF000BB6201233B613B6983F31088C0467B685B
:102E00001B681A687B681B6880218A431A60BB6A4A
:102E10007B617B6983F31088C046EFF31083BB614D
:102E2000BB697B620123FB61FB6983F31088C046A9
:102E30007B681B681A687B681B6840210A431A601C
:102E40007B6A3B623B6A83F31088C04618E07B686C
:102E50001B6DFB62FB6A1B881A007B681B68D2052E
:102E6000D20D9A627B681B6D9A1C7B681A657B6821
:102E700056229B5A9BB2013B99B27B6856229952CB
:102E8000C046BD460CB080BD80B58CB000AF786048
:102E90007B6888229B58212B65D12E23FB187A68EA
:102EA0006A21525A1A8059E07B6856229B5A9BB27B
:102EB000002B33D1EFF31083FB60FB68BB6201236F
:102EC0003B613B6983F31088C0467B681B689A6846
:102ED0007B681B6826490A409A60BB6A7B617B69F4
:102EE00083F31088C046EFF31083BB61BB697B623C
:102EF0000123FB61FB6983F31088C0467B681B6874
:102F00001A687B681B6840210A431A607B6A3B622F
:102F10003B6A83F31088C046C04624E07B681B6888
:102F2000DB698022134013D07B681B6D1A787B68A5
:102F30001B689A627B681B6D5A1C7B681A657B68EC
:102F400056229B5A9BB2013B99B27B6856229952FA
:102F50002E217B181A887B18013A1A802E23FB1821
:102F60001B88002BA0D1C046BD460CB080BDC0461A
:102F7000FFFF7FFF80B58CB000AF78607B68882250
:102F80009B58212B6AD12E23FB187A686A21525A4A
:102F90001A805EE07B6856229B5A9BB2002B33D18D
:102FA000EFF31083BB60BB687B620123FB60FB68AF
:102FB00083F31088C0467B681B689A687B681B682F
:102FC00028490A409A607B6A3B613B6983F3108819
:102FD000C046EFF310837B617B693B620123BB61D9
:102FE000BB6983F31088C0467B681B681A687B68DE
:102FF0001B6840210A431A603B6AFB61FB6983F34B
:103000001088C046C04629E07B681B68DB698022C7
:10301000134018D07B681B6DBB62BB6A1B881A000B
:103020007B681B68D205D20D9A627B681B6D9A1C67
:103030007B681A657B6856229B5A9BB2013B99B20A
:103040007B68562299522E217B181A887B18013AE8
:103050001A802E23FB181B88002B9BD1C046BD462F
:103060000CB080BDFFFF7FFF80B586B000AF7860F9
:10307000EFF31083BB60BB687B610123FB60FB68DF
:1030800083F31088C0467B681B681A687B681B68DE
:1030900040218A431A607B693B613B6983F3108856
:1030A000C0467B688822202199507B6800229A675D
:1030B0007B681800F0F74AFFC046BD4606B080BDE9
:1030C00080B582B000AF7860C046BD4602B080BD1A
:1030D00080B582B000AF7860C046BD4602B080BD0A
:1030E00080B588B002AFF8603B1D19605A601723A5
:1030F000FB1800221A70FB6884229B5C012B01D113
:1031000002234CE0FB68842201219954FB68882249
:1031100024219950FB681B681A68FB681B68012111
:103120008A431A60FB681B689B681F4A134019009A
:103130003B1D1A68FB681B680A439A603B1D1B68AD
:10314000002B05D13B1DF86819685A6800F0B6F9E4
:10315000FB681B681A68FB681B6801210A431A6038
:10316000F9F748F903003B613B698022D103F86815
:103170000E4A00920022FFF7FFFA031E04D0172325
:10318000FB1803221A7003E0FB6888222021995063
:10319000FB688422002199541723FB181B78180020
:1031A000BD4606B080BDC046FFFFCFFFFFFFFF0159
:1031B00080B586B000AF78607B6884229B5C012B71
:1031C00001D1022321E07B68842201219954EFF38D
:1031D0001083BB60BB687B610123FB60FB6883F3EA
:1031E0001088C0467B681B681A687B681B680221D0
:1031F0000A431A607B693B613B6983F31088C046D0
:103200007B6884220021995400231800BD4606B033
:1032100080BD80B586B000AF78607B6884229B5CFF
:10322000012B01D1022321E07B68842201219954E2
:10323000EFF31083BB60BB687B610123FB60FB681D
:1032400083F31088C0467B681B681A687B681B681C
:1032500002218A431A607B693B613B6983F31088D2
:10326000C0467B6884220021995400231800BD4683
:1032700006B080BD80B584B000AF78607B688422E2
:103280009B5C012B01D1022327E07B688422012172
:1032900099547B688822242199507B681B681B689D
:1032A000FB607B681B681A687B681B6801218A4386
:1032B0001A60FB680B4A1340FB607B6800225A6669
:1032C0007B681B68FA681A607B6888222021995005
:1032D0007B6884220021995400231800BD4604B065
:1032E00080BDC046FFFFFFDF80B584B000AF7860CF
:1032F00039607B6884229B5C012B01D102232EE084
:103300007B688422012199547B688822242199506A
:103310007B681B681B68FB607B681B681A687B689E
:103320001B6801218A431A607B681B689B68DB006D
:10333000D9087B681B683A680A439A607B68180062
:1033400000F0E0F87B681B68FA681A607B688822E6
:10335000202199507B688422002199540023180071
:10336000BD4604B080BD000080B584B000AF786079
:1033700039607B6884229B5C012B01D102232FE002
:103380007B688422012199547B68882224219950EA
:103390007B681B681B68FB607B681B681A687B681E
:1033A0001B6801218A431A607B681B689B680E4A70
:1033B000134019007B681B683A680A439A607B686F
:1033C000180000F09FF87B681B68FA681A607B6839
:1033D0008822202199507B6884220021995400235F
:1033E0001800BD4604B080BDFFFFFFF1B0B58AB044
:1033F00000AFF860B960BB1D1A80FB688C229B5837
:10340000202B56D1BB68002B03D0BB1D1B88002B83
:1034100001D101234EE0FB689A6880235B019A4248
:1034200009D1FB681B69002B05D1BB680122134041
:1034300001D001233EE0FB680122DA66FB6800222E
:103440001A6727257C19BB1D1A88B968FB68180004
:10345000FFF702FA030023707B191B78002B24D19D
:10346000FB68DB6E012B1CD1FB681B6810221A6203
:10347000EFF310837B617B693B620123BB61BB6916
:1034800083F31088C046FB681B681A68FB681B68DA
:1034900010210A431A603B6AFB61FB6983F31088C1
:1034A00003E02723FB1801221A702723FB181B783F
:1034B00000E002231800BD460AB0B0BD80B584B05C
:1034C00000AFF8603B1D19605A60FB681B685B68C1
:1034D000102293431A003B1D9B881900FB681B6850
:1034E0000A435A60FB681B685B681B02190A3B1D94
:1034F0009B791A06FB681B680A435A60C046BD46A2
:1035000004B080BDF0B585B000AF78607B685B6EBD
:10351000002B08D17B686A22012199527B686822BE
:103520000121995243E00F26BB1908221A700E2080
:103530003B1808221A707B681B689B685B0EDAB226
:103540000D243B1907210A401A707B681B689B6891
:103550005B0FDAB20C257B1907210A401A703B1861
:103560001B787A19127814498A5C5A4310007B1927
:103570001B78124AD35C1900DCF776FE030099B27F
:103580007B686A229952BB191B783A1912780A494A
:103590008A5C5A4310003B191B78084AD35C190017
:1035A000DCF762FE030099B27B6868229952C0463C
:1035B000BD4605B0F0BDC046743704087C3704082A
:1035C00080B584B000AF78600A00BB1C1A807B68AD
:1035D000002B0BD0BB1C19887B6801221800FBF75D
:1035E000E4F90F23FB1800221A7003E00F23FB18E5
:1035F00001221A700F23FB181B781800BD4604B077
:1036000080BD80B584B000AF78600A00BB1C1A8012
:103610007B68002B0BD0BB1C19887B68002218002C
:10362000FBF7C3F90F23FB1800221A7003E00F23E6
:10363000FB1801221A700F23FB181B781800BD46D7
:1036400004B080BDF0B5ADB000AF78600C001000E4
:103650001900FB1C221C1A70BB1C021C1A707B1C5C
:103660000A1C1A701023FB189822BA181360002342
:10367000A822BA1813609623FB18CF4A1A80952304
:10368000FB1801221A70CD4B1B78FA1C12789A4253
:1036900000D11CE17B68180002F08EFB03001A00C9
:1036A000C74B1A60FB1C1A787B681100180001F0E8
:1036B000C5FC03001A00C24B1A60BB1C1A787B6859
:1036C0001100180001F028FD03001A00BC4B1A601D
:1036D000FB1C1B78022B07D07B68180000F0D2FD82
:1036E00003001A00B64B1A60FB1C1B78092B00D98B
:1036F000C0E09A00B34BD3181B689F46B04B1B68C1
:10370000002B00D0B1E07B68180000F051FE0300F0
:103710001A00AB4B1A60AC4A7B681100180001F02C
:103720009DFD03001A00A64B1A609EE0A44B1B6887
:10373000002B0AD1FA235A007B681100180001F00F
:1037400081FF03001A009E4B1A609D4B1B68002BE3
:103750000AD10C23FA187B681100180001F08CFEC6
:1037600003001A00964B1A60954B1B68002B14D16E
:10377000954A7B681100180001F070FD03001A00E3
:103780008F4B1A600C23FA187B681100180001F0A7
:1037900073FE03001A008A4B1A607B680022052121
:1037A000180002F0F5F903001A00854B1A607B68D7
:1037B00000220621180002F0EBF903001A00804BEA
:1037C0001A600023A022BA18136012E0A0243B194B
:1037D0001B68D9B20B23FA187B68180002F00CFAA8
:1037E00003001A00764B1A603B191B6801333A1923
:1037F0001360A023FB181B68072BE7DD3AE0704B32
:103800001B68002B0AD1FA239A017B68110018006B
:1038100001F024FD03001A00694B1A60684B1B6815
:10382000002B24D17B681021180001F00BFF03004E
:103830001A00634B1A601AE0614B1B68002B07D11A
:103840007B68180000F057FD03001A005C4B1A60FB
:103850005B4B1B68002B0CD17B68180000F0A8FDA7
:1038600003001A00564B1A6003E0C04602E0C0464F
:1038700000E0C0467B68180002F0DCF903001A0083
:103880004F4B1A600120F8F7BFFD504A7B681100CA
:10389000180002F0D5FA03001A00494B1A60484B91
:1038A0001B68002B03D1494B1B78002B03D102204E
:1038B000F8F7AAFDE9E7414BFA1C12781A707B6809
:1038C000180002F09FFA03001A003D4B1A60942181
:1038D0007A18C02008240319DB195B78137093232E
:1038E000FA180319DB191B7813707B181B78012B4E
:1038F00038D1FB1C1B78012B34D1C4231B19DB19D5
:103900001A687B681100180000F092FD031E02D0B7
:10391000012300F06CFC7B68180002F08BF9031E99
:1039200002D0012300F063FC284B00221A7005E04E
:10393000264A7B681100180002F082FA234B1B789C
:10394000002BF5D01E4B1B68002B0BD11F4B1B7897
:10395000002B07D07B68180002F054FA03001A000D
:10396000174B1A609323FB181B78012B4CD1FB1CBF
:103970001B78022B48D1164B1B78002B44D1C42353
:1039800008229B18DB191A687B681100180000F0E8
:103990008EFD031E02D0012300F029FC7B68180075
:1039A00002F048F9031E02D0012300F020FC074B6F
:1039B00000221A7014E0C04688130000F0C00120F5
:1039C000E8C001208C370408C8AF0000F1C0012016
:1039D000F2C00120C64A7B681100180002F030FADC
:1039E000C34B1B78002BF5D0C24B1B68002B0BD1AF
:1039F000BF4B1B78002B07D07B68180002F002FA3F
:103A000003001A00BB4B1A607B1C1B78002B00D1F3
:103A1000E8E130BFB84B1B68002B00D1B2E3B64BD6
:103A200000221A60B54B1B78012B05D16420F8F7F2
:103A3000EBFCB24B00221A7098243B191A687B6881
:103A40001100180003F0A6F903001A00A94B1A6030
:103A50003B191B689B79A822B9180B60BB181B681F
:103A6000002B02DC0023BA181360A822BB181B68C5
:103A7000042B02DD0423BA181360A823FB181B686B
:103A8000DAB2C42108200B18DB191B681A709823BE
:103A9000FB181B681A790B18DB191B689A70002336
:103AA000A422BA18136093E1A4243B191B68DBB26B
:103AB0000133D8B2C4250823EA18D31919683B1971
:103AC0001A6813005B009B18DB00CB180433021C40
:103AD0001A709826BB191B6858790823EA18D3195D
:103AE00019683B191A6813005B009B18DB00CB18A0
:103AF0000533021C1A70BB191B68D8790823EA1811
:103B0000D31919683B191A6813005B009B18DB0076
:103B1000CB180633021C1A70BB1919683B191A68B6
:103B20001300DB009B1A9B00CB181F331878082367
:103B3000EA18D31919683B191A6813005B009B181F
:103B4000DB00CB180733021C1A70BB1919683B192C
:103B50001A681300DB009B1A9B00CB181C33002251
:103B60009B5E98B20823EA18D31919683B191A68A2
:103B700013005B009B18DB00CB180833021C1A8073
:103B8000BB1919683B191A681300DB009B1A9B00CC
:103B9000CB1810331B681800DFF7CEF90022584B02
:103BA000DDF714FE02000B0010001900DCF732FDF7
:103BB0000823EA18D31919683B191A6813005B0027
:103BC0009B18DB00CB180C331860BB1919683B1924
:103BD0001A681300DB009B1A9B00CB1814331B6878
:103BE0001800DFF7A9F90022454BDDF7EFFD0200D1
:103BF0000B0010001900DCF70DFD0823EA18D3199B
:103C000019683B191A6813005B009B18DB00CB187E
:103C100010331860BB1919683B191A681300DB00D0
:103C20009B1A9B00CB180C330020185E0823EA185F
:103C3000D31919683B191A6813005B009B18DB0045
:103C4000CB181633021C1A80BB1919683B191A6865
:103C50001300DB009B1A9B00CB180A330020185E70
:103C60000823EA18D31919683B191A6813005B0076
:103C70009B18DB00CB181433021C1A80BB191B687D
:103C80005A790823EB18DB191B685A70FB1C1B7848
:103C9000092B00D096E09E23FB181A4A1A80922620
:103CA000BB1900221A7091257B1900221A7079190C
:103CB0001023F8183B191A681300DB009B1A9B00AD
:103CC000C3181F331B780B7029007B181B780C3B23
:103CD0005A425341DAB2BB191A70BB191B78002B38
:103CE00003D17B181B78002B0ED101220DE0C046BA
:103CF000F1C00120E8C00120ECC00120FD0100203E
:103D00000000F04088130000002292217B181A70F6
:103D10007B181B78002B0ED09E23F9181023F8185F
:103D2000A423FB181A681300DB009B1A9B00C3181E
:103D30001C331B880B809223FB181B78002B31D07F
:103D40009E22BB1800215B5E002B14DBBB180022F7
:103D50009B5E592B0FDCC42308229B18DB191968C2
:103D6000A423FB181A6813005B009B18DB00CB1818
:103D7000183301221A709E23FB1800229B5E5A2BD7
:103D800020DDC42308229B18DB191968A423FB1823
:103D90001A6813005B009B18DB00CB181833002255
:103DA0001A700FE0C42308229B18DB191968A4239A
:103DB000FB181A6813005B009B18DB00CB18183344
:103DC00000221A70A422BB181B680133BA181360B2
:103DD000A423FB181A68A823FB181B689A4200DA70
:103DE00062E6CFE1E34B00221A70E24A7B681100E1
:103DF000180002F025F803001A00DF4B1A600120BA
:103E0000F8F702FBDC4B1B68002B00D0A8E1D94B74
:103E10001B78002B00D1A3E1D64B00221A70D74BA0
:103E20001B78012B05D16420F8F7EEFAD34B002262
:103E30001A7098243B191A687B681100180002F068
:103E4000A9FF03001A00CC4B1A603B191B689B7931
:103E5000A822B9180B60BB181B68042B02DD0423D1
:103E6000BA181360A823FB181B68DAB2C421082013
:103E70000B18DB191B681A709823FB181B681A793A
:103E80000B18DB191B689A700023A422BA18136060
:103E90005CE1A4243B191B68DBB20133D8B2C42512
:103EA0000823EA18D31919683B191A6813005B0034
:103EB0009B18DB00CB180433021C1A709826BB1920
:103EC0001B6858790823EA18D31919683B191A682E
:103ED00013005B009B18DB00CB180533021C1A7023
:103EE000BB191B68D8790823EA18D31919683B193C
:103EF0001A6813005B009B18DB00CB180633021C0A
:103F00001A70BB1919683B191A681300DB009B1A59
:103F10009B00CB181F3318780823EA18D3191968A7
:103F20003B191A6813005B009B18DB00CB180733A2
:103F3000021C1A70BB1919683B191A681300DB00C0
:103F40009B1A9B00CB181C3300229B5E98B208235F
:103F5000EA18D31919683B191A6813005B009B18FB
:103F6000DB00CB180833021C1A80BB1919683B19F7
:103F70001A681300DB009B1A9B00CB1810331B68D8
:103F80001800DEF7D9FF00227D4BDDF71FFC020091
:103F90000B0010001900DCF73DFB0823EA18D319C9
:103FA00019683B191A6813005B009B18DB00CB18DB
:103FB0000C331860BB1919683B191A681300DB0031
:103FC0009B1A9B00CB1814331B681800DEF7B4FF54
:103FD00000226B4BDDF7FAFB02000B00100019000A
:103FE000DCF718FB0823EA18D31919683B191A687B
:103FF00013005B009B18DB00CB1810331860BB1953
:1040000019683B191A681300DB009B1A9B00CB1838
:104010000C330020185E0823EA18D31919683B19DD
:104020001A6813005B009B18DB00CB181633021CC8
:104030001A80BB1919683B191A681300DB009B1A18
:104040009B00CB180A330020185E0823EA18D31906
:1040500019683B191A6813005B009B18DB00CB182A
:104060001433021C1A80BB191B685A790823E918FB
:10407000CB191B685A70FB1C1B78092B60D1962248
:10408000B9181023F8183B191A681300DB009B1AA3
:104090009B00C3181C331B880B809523F918BB1990
:1040A00018683B191A681300DB009B1A9B00C318A1
:1040B0001F331B780B709622BB1800215B5E002B10
:1040C00013DBBB1800229B5E592B0EDC0823EB1878
:1040D000DB1919683B191A6813005B009B18DB0099
:1040E000CB18183301221A7015E09623FB18002212
:1040F0009B5E5A2B0FDDC42308229B18DB1919681D
:10410000A423FB181A6813005B009B18DB00CB1874
:10411000183300221A709523FB181B78002B0FD040
:10412000C42308229B18DB191968A423FB181A68FA
:1041300013005B009B18DB00CB18183300221A70A9
:10414000A422BB181B680133BA181360A423FB1800
:104150001A68A823FB181B689A4200DA99E611E056
:10416000054B1B68002B0DD1024B1B78002B09D18E
:104170003BE6C046F1C00120E8C00120FD0100205F
:104180000000F0401C4B1B68002B15D19823FB1836
:104190001B685B791900C42308229B18DB191B6874
:1041A00064229B5C013B994203DA144B01221A7092
:1041B00002E0124B00221A707B68180001F022FE08
:1041C00003001A000C4B1A600220F8F71DF90A4B85
:1041D0001B68002B04D1AF23FB1800221A7003E0E8
:1041E000AF23FB1801221A70AF23FB181B781800AD
:1041F000BD462DB0F0BDC046E8C00120F2C0012090
:1042000080B582B000AF78607B681B491B4A5A506A
:104210007B681B4A52219954A023DB0520211800FA
:10422000FFF7EFF90220F8F7EFF8A023DB052021D4
:104230001800FFF7C5F90220F8F7E6F87B681800C8
:1042400000F0B2FD031E01D0012310E07B681800CE
:1042500000F002FD031E01D0012308E07B68180076
:1042600000F06CFD031E01D0012300E000231800C4
:10427000BD4602B080BDC046F42400006056002058
:10428000F8240000B0B588B000AF78601F257B1916
:1042900000221A707C191E23FA187B68110018007E
:1042A00001F060FB0300237028003B181B785BB211
:1042B000002B18D108217B1801221A707B180022CC
:1042C0005A707B180F229A707B180F22DA707B18B5
:1042D00000221A713C187A187B681100180001F04E
:1042E00065FB030023701F23FB181B785BB21800CB
:1042F000BD4608B0B0BDB0B588B000AF78601F252E
:104300007B1900221A707C191E23FA187B68110091
:10431000180001F027FB0300237028003B181B78CE
:104320005BB2002B3CD108217B1804221A707B1849
:1043300000225A707B180F229A707B180722DA70BD
:104340007B1800221A717B1807225A717B180F22E2
:104350009A717B180F22DA717B1800221A727B186F
:1043600006225A727B180D229A727B180D22DA727D
:104370007B1806221A737B1800225A737B180422BA
:104380009A737B180422DA737B1800221A743C1883
:104390007A187B681100180001F008FB03002370F5
:1043A0001F23FB181B785BB21800BD4608B0B0BDD8
:1043B000B0B584B000AF78600F257B1900221A7069
:1043C000194BBB607C190823FA187B681100180090
:1043D00001F052F8030023707B191B785BB2002BAD
:1043E0000AD1BB68114A9A187C197B681100180021
:1043F00000F034FF030023700F22BB181B785BB260
:10440000002B09D1BC180823FA187B68110018008A
:1044100001F032F8030023700F23FB181B785BB206
:104420001800BD4604B0B0BDE02E000088130000A7
:1044300080B588B000AF786039607B68180001F003
:10444000BBFC031E01D001232DE03B686422012147
:1044500099543B6864229A5C08217B181A703B6867
:1044600065229A5C7B185A703B6866229A5C7B18BE
:104470009A703B6867229A5C7B18DA703B68682206
:104480009A5C7B181A717A187B681100180001F089
:104490008DFA031E01D0012305E01F217B180022A5
:1044A0001A707B181B781800BD4608B080BD90B507
:1044B00089B000AF786039601E23FB1800221A70A3
:1044C0007B68180001F078FC031E01D001236FE027
:1044D0001E203B183A686421525C1A700823FB18AE
:1044E0003A1812781A701F23FB1800221A7046E03F
:1044F0001F203B181A783B181B7839681832920035
:104500008A180532117808243A199B00D318013310
:104510000A1C1A703B181A783B181B783968183235
:1045200092008A18063211783A199B00D318023388
:104530000A1C1A703B181A783B181B783968183215
:1045400092008A18073211783A199B00D318033366
:104550000A1C1A703B181A783B181B7839681832F5
:1045600092008A18083211783A199B00D318043344
:104570000A1C1A703B181A783B1801321A701F2354
:10458000FA181E23FB1812781B789A42B0D308231E
:10459000FA187B681100180001F008FA031E01D018
:1045A000012305E01D217B1800221A707B181B785F
:1045B0001800BD4609B090BD90B589B002AFF86053
:1045C000B9607A607B680A337B610E4B1A687B683E
:1045D000D2180C4B1A60FB680B4A9858FB680B4AC0
:1045E0009B5C1C007B6899B27B69BA6800930B00E6
:1045F0002100FAF7F7FA03003B613B691800BD465A
:1046000007B090BDF8C00120F4240000F824000099
:1046100090B589B002AFF860B9607A607B680A3300
:104620007B61104B1A687B68D2180E4B1A60FB68CE
:104630000D4A9858FB680D4A9B5C01221343DBB27C
:104640001C007B6899B27B69BA6800930B0021005B
:10465000FAF7F2FB03003B613B691800BD4607B067
:1046600090BDC046F4C00120F4240000F8240000EE
:1046700080B586B000AFF8607A603B600A23FB1813
:104680000A1C1A801723FB1800221A703B68FF2BA4
:1046900002D904235B4226E00A217B181B881B0AEF
:1046A0009BB2DAB2124B1A707B181B88DAB2104B2D
:1046B0005A703A6879680F4B180017F01EFC3B6877
:1046C0009A1C0B49FB681800FFF776FF03003B615B
:1046D0003B69002B03D01723FB18F3221A70172312
:1046E000FB181B785BB21800BD4606B080BDC04603
:1046F000FCC10120FEC1012090B587B000AFF86079
:104700007A603B600A203B180A1C1A8017243B1968
:1047100000221A7001007B181B881B0A9BB2DAB2B8
:10472000174B1A707B181B88DAB2154B5A70144954
:10473000FB6802221800FFF73FFF03003B613B6963
:10474000002B03D03B19F3221A7010E03A68796805
:10475000FB681800FFF75CFF03003B613B69002B1F
:1047600004D01723FB18F3221A7000E0C046172369
:10477000FB181B785BB21800BD4607B090BDC04661
:10478000FCC1012090B585B000AF78600800110031
:10479000BB1C021C1A807B1C0A1C1A700F243B19BC
:1047A00000221A70BB1C1B881B0A9BB2DAB2104B8A
:1047B0001A70BB1C1B88DAB20D4B5A700C4B7A1C5A
:1047C00012789A700A497B6803221800FFF7F4FEFA
:1047D0000300BB60BB68002B02D03B19F3221A70A8
:1047E0000F23FB181B785BB21800BD4605B090BDC7
:1047F000FCC1012090B585B000AF786008001100C1
:10480000BB1C021C1A803B000A1C1A800F243B1997
:1048100000221A70BB1C1B881B0A9BB2DAB2144B15
:104820001A70BB1C1B88DAB2114B5A703B001B88F4
:104830001B0A9BB2DAB20E4B9A703B001B88DAB2AD
:104840000B4BDA700A497B6804221800FFF7B4FEAC
:104850000300BB60BB68002B02D03B19F3221A7027
:104860000F23FB181B785BB21800BD4605B090BD46
:10487000FCC1012090B587B000AFF8607A600A20D3
:104880003B180A1C1A8017243B1900221A700100D9
:104890007B181B881B0A9BB2DAB2174B1A707B1865
:1048A0001B88DAB2144B5A701349FB6802221800B5
:1048B000FFF782FE03003B613B69002B03D03B19ED
:1048C000F3221A7010E07968FB6801221800FFF7E4
:1048D0009FFE03003B613B69002B04D01723FB18AC
:1048E000F3221A7000E0C0461723FB181B785BB256
:1048F0001800BD4607B090BDFCC1012090B587B03F
:1049000000AFF8607A600A203B180A1C1A8017244E
:104910003B1900221A7001007B181B881B0A9BB2EE
:10492000DAB21C4B1A707B181B88DAB2194B5A701A
:104930001849FB6802221800FFF73EFE03003B61A6
:104940003B69002B03D03B19F3221A7019E011497F
:10495000FB6802221800FFF75BFE03003B613B6926
:10496000002B04D01723FB18F3221A7009E0094B1F
:104970001B781B029BB2074A52789B189AB27B683D
:104980001A801723FB181B785BB21800BD4607B0CE
:1049900090BDC046FCC1012080B584B000AF7860F6
:1049A00039600F217B1800221A703B6800221A60C0
:1049B0007B181B785BB21800BD4604B080BD80B583
:1049C00082B000AF786039603B681800F7F71CFDD3
:1049D00000231800BD4602B080BD80B582B000AF94
:1049E000786039603B68FA2291001800DBF73CFCE4
:1049F00003001800F7F708FD00231800BD4602B0B9
:104A000080BD000090B55E4CA54400AFF860B96071
:104A100019005C4B8A2080001B18DB191A805A4B46
:104A20001B18DB190A1C1A70584BFB1800221A704D
:104A300000238624A4003A191360002385229200E3
:104A4000BA181360002388229200BA181360504BE2
:104A5000FB1800221A704F4BFB1800221A704E4AA6
:104A60004E491023FB18180017F05CF93A19FB683F
:104A700011001800FFF790FF57E0444ABB181B785D
:104A80005BB2002B0ED1BC18414BFA183D4B8A216A
:104A900089005B18DB191988FB681800FFF7EAFE2C
:104AA000030023703A4BFB181A788E239B00FB18E7
:104AB0001B781340DBB2344A8A2189005218D2197C
:104AC00012789A4203D1334BFB1801221A702F49F6
:104AD0007B181B785BB2002B14D12E4BFB181B7874
:104AE000002B0FD18F229200BB181B68002B09D01E
:104AF000BB181A687C18FB6811001800FFF75FFFED
:104B0000030023708524A4003A19FB6811001800E3
:104B1000FFF742FF3B191A6886239B00FB181B68AE
:104B2000D31A88229200BA181360184BFB181B780E
:104B30005BB2002B0BD188239B00FB181A68BB6863
:104B40009A4204D2134BFB181B78002B95D0114BC3
:104B5000FB181B78002B08D10C4ABB181B785BB2E2
:104B6000002B02D1BB18F9221A70084BFB181B78D6
:104B70005BB21800BD468B239B009D4490BDC04690
:104B8000D4FDFFFFDEFDFFFFDDFDFFFF270200007C
:104B9000130200001F020000FF0100002C3804086F
:104BA000F0B58DB006AFF860B9607A603B6017264B
:104BB000BB1900221A70BC193D6B3A687968B86855
:104BC0003B6C04937B6C0393FB6B0293BB6B019375
:104BD0007B6B00932B0012F01AFB03002370BB19B0
:104BE0001B785BB21800BD4607B0F0BD80B584B03D
:104BF00000AF3B1D18600F23FB1800221A703B1DED
:104C00001B780F2B0BD83B1D5B780F2B07D83B1D58
:104C10009B780F2B03D83B1DDB780F2B03D90F2379
:104C2000FB18FC221A703B1D1A783B1D9B789A4298
:104C300005D83B1D5A783B1DDB789A4203D20F23DF
:104C4000FB18FC221A700F23FB181B785BB21800AC
:104C5000BD4604B080BD0000B0B584B000AF786040
:104C60000F217B1800221A700A00BB181B785BB258
:104C7000002B07D1BC187B680121180002F0CAFD87
:104C8000030023700F23FB181B785BB2002B0AD1A3
:104C90007B68BB60BB68274A944663440C220021B2
:104CA000180017F00BF80F23FB181B785BB2002BD2
:104CB00003D17B68204A012199540E23FB1800225E
:104CC0001A701AE00F257B191B785BB2002B1AD1E2
:104CD0000E243B191B7899B27B680122180000F062
:104CE0003BFD030019007B197A1912780A431A70E8
:104CF0003B191A783B1901321A700E23FB181B78E6
:104D0000012BDFD900E0C0460F22BB181B785BB235
:104D1000002B07D1BC187B680221180006F096F81A
:104D2000030023700F23FB181B785BB21800BD46ED
:104D300004B0B0BD081C0000D0240000B0B584B0A1
:104D400000AF78600F203B1800221A707B68144A6D
:104D5000032199540E217B1820221A707B687A183F
:104D60001278DA7005003C187B680121180000F009
:104D700065F9030023707B680221180000F0CCF96C
:104D80007B68084A012199547B680021180002F0D1
:104D90004DF87B191B785BB21800BD4604B0B0BD5E
:104DA000D0240000D5240000B0B584B000AF7860F6
:104DB0000F257B1900221A707C19FA235A007B6890
:104DC0001100180014F038FD030023707B191B78C4
:104DD0005BB21800BD4604B0B0BD000080B588B01D
:104DE00000AF3A60FB1D021C1A70BB1D0A1C1A7032
:104DF0001F23FB1800221A701823FB18414A118840
:104E0000198092789A701423FB183F4A11881980F0
:104E100092789A701023FB183C4A11881980927876
:104E20009A700C23FB183A4A1188198092789A706C
:104E30000823FB18374A1188198092789A703B68CA
:104E400001221A70BB1D1B78012B02D0022B05D04A
:104E500009E01E23FB1800221A7008E01E23FB182D
:104E600001221A7003E01E23FB1802221A70FB1D98
:104E70001B78092B39D89A00274BD3181B689F46FB
:104E80001E23FB181B781822BA18D25C3B681A70D4
:104E90002FE01E23FB181B781422BA18D25C3B6843
:104EA0001A7026E01E23FB181B781022BA18D25C59
:104EB0003B681A701DE01E23FB181B780C22BA18E1
:104EC000D25C3B681A7014E01E23FB181B78082282
:104ED000BA18D25C3B681A700BE03B6811221A705A
:104EE00007E03B6827221A7003E01F23FB18F82213
:104EF0001A701F23FB181B785BB21800BD4608B060
:104F000080BDC04664380408683804086C3804085A
:104F1000703804087438040878380408F0B58FB085
:104F200004AFF860080011007B600B243B19021CE1
:104F30001A700A23FB180A1C1A702723FB18002278
:104F40001A703B191B78032B03D03B191B78082BD5
:104F500004D12623FB1840221A7003E02623FB18F5
:104F600020221A7027257C192526BA190A23FB1836
:104F700019780B23FB181B781800FFF72FFF03008D
:104F800023707B191B785BB2002B12D1BB191978E7
:104F90007C191C23FD182223FA18F8681423FB1827
:104FA00001931823FB1800932B0003F069FA030008
:104FB000237027217B181B785BB2002B16D1252389
:104FC000FB181D782223FB181E88FB699C46BB69D1
:104FD0007A697C18F86879680291019200936346B7
:104FE0003200290003F088FB030023702723FB18FD
:104FF0001B785BB2002B04D1FB682622BA1812780A
:10500000DA702723FB181B785BB2002B05D1FB68F5
:105010000B22BA18074912785A54FB68064A012134
:1050200099542723FB181B785BB21800BD460BB0C0
:10503000F0BDC046D4240000D5240000F0B585B0F2
:1050400000AF78600A00FB1C1A700F217B18002249
:105050001A700E257B1903221A707C187B681800C1
:105060000DF05CFF03002370FB1C1B78092B02D1A1
:105070007B1901221A700F26BC19FA239D000E23FA
:10508000FB181A78FB1C197878682B00FFF746FF8D
:1050900003002370BB191B785BB2002B20D1FB1CD3
:1050A0001B78042B07D0FB1C1B78032B03D0FB1CA5
:1050B0001B78082B0AD10F23FC18154A7B681100B6
:1050C000180000F0CBF80300237009E00F23FC1850
:1050D000104A7B681100180000F0C0F8030023702C
:1050E0000F22BB181B785BB2002B09D1BC18FA2326
:1050F0009A007B681100180000F0A4FA03002370E6
:105100000F23FB181B785BB21800BD4605B0F0BD3D
:1051100028A0000035820000B0B596B000AF7860DE
:105120000A00FB1C1A705723FB1800221A70562025
:105130003B187A684749525C1A703B181B78092B58
:1051400006D1FB1C1B78012B02D004235B427CE0C0
:10515000FB1C1B78012B0AD0FB1C1B78022B06D0F2
:10516000FB1C1B78032B02D004235B426DE057220B
:10517000BB181B785BB2002B09D1BC180C23FA18A2
:105180007B681100180003F061F9030023707B684D
:105190005B693B655722BB181B785BB2002B0BD1B8
:1051A000BC184C23FB184822BA1844217918786897
:1051B00002F056FF030023705722BB181B785BB226
:1051C000002B0CD1BC183D6DFB1C1A785623FB1824
:1051D000197878682B00FFF7A1FE0300237057238E
:1051E000FB181B785BB2002B04D17B68FA1C1A49B0
:1051F00012785A5457257B191B785BB2002B10D1BB
:10520000796CBA6CFB6C7C19786802F0E1FE0300E3
:1052100023707B191B785BB2002B02D1FA6C7B6880
:105220001A615722BB181B785BB2002B09D1BC183E
:105230000C23FA187B681100180003F0BDF8030076
:1052400023705723FB181B785BB21800BD4616B0BD
:10525000B0BDC046D4240000D624000090B58DB067
:1052600000AF786039602F217B1800221A70774BCD
:10527000FB613B68764A934202D97B18FC221A7084
:105280002F22BB181B785BB2002B09D1BC181A2344
:10529000FA187B680521180000F0AEFC03002370AB
:1052A0002F22BB181B785BB2002B09D1BC18192325
:1052B000FA187B680621180000F09EFC030023709A
:1052C0002F22BB181B785BB2002B0BD1BC18142308
:1052D000FB181022BA180C217918786802F0C0FE69
:1052E000030023702F23FB181B785BB2002B00D028
:1052F0009AE01B203B187A685649525C1A700023CA
:10530000BB6201237B623B181B78092B53D89A00A0
:10531000514BD3181B689F461A23FB181B78012B8F
:1053200004D01923FB181B78012B02D14B4BBB6215
:1053300045E0FA239B00BB6241E0FB695B00FB6137
:105340001A23FB181B78012B04D01923FB181B7898
:10535000012B02D1424BBB6201E0424BBB620223F4
:105360007B622CE0FB695B00FB61F5233B62082359
:10537000FA183D497B68180005F0F8FDBB68002B62
:1053800006DDBB68F52253431A003B6A9B183B625B
:105390003B6A364A94466344BB6202237B620EE05A
:1053A000334BBB6206237B6209E03B692B4A944680
:1053B0006344BB6203E02F23FB18F8221A703A689B
:1053C000BB6A9A4204D82F23FB18FC221A7003E010
:1053D0003A68BB6AD31A7B612F217B181B785BB2BA
:1053E000002B21D17B69FA699A4203D27B18FC22F7
:1053F0001A7010E07B69796A1800DAF7ABFE0300D7
:105400007B61F9683A697B692F203C18786802F063
:10541000DFFD030023702F23FB181B785BB2002BEA
:1054200002D17A697B681A612F23FB181B785BB263
:10543000002B03D17B680F493A685A502F23FB1881
:105440001B785BB21800BD460DB090BD70640800BB
:1054500080969800D4240000A03804088813000027
:10546000E86700006054000088800000DC0D000048
:10547000A4060000D824000090B58DB000AF78607D
:1054800039602F217B1800221A701B203B18002244
:105490001A701A23FB1800221A7000237B61002364
:1054A0003B610023BB620023FB603B6800221A6063
:1054B0007B181B785BB2002B08D17C183A187B68EC
:1054C0000521180000F098FB030023702F22BB1861
:1054D0001B785BB2002B09D1BC181A23FA187B6821
:1054E0000621180000F088FB030023702F22BB1850
:1054F0001B785BB2002B0BD1BC181023FB181422B5
:10550000BA180C217918786802F0AAFD03002370FC
:105510002F23FB181B785BB2002B00D071E02320F7
:105520003B187A683F49525C1A703B181B78092B6C
:1055300063D89A003C4BD3181B689F461B23FB186B
:105540001B78012B04D01A23FB181B78012B05D1E3
:105550003B69364A94466344BB6252E03B69FA2297
:10556000920094466344BB624BE01B23FB181B78FC
:10557000012B04D01A23FB181B78012B06D13B69A1
:105580002B4A944663445B00BB623AE03B69294A7C
:10559000944663445B00BB6233E0F5237B620823DF
:1055A000FA1825497B68180005F0E0FCBB68002B61
:1055B00006DDBB68F52253431A007B6A9B187B62A9
:1055C0007B6A1E4A94466344FB613B695B00FA694F
:1055D000D318BB6215E03A6913005B009B185B00AF
:1055E000174A94466344BB620BE03A697B69D3185F
:1055F0000E4A94466344BB6203E02F23FB18F82253
:105600001A702F23FB181B785BB2002B02D13B686A
:10561000BA6A1A602F23FB181B785BB21800BD46CC
:105620000DB090BDD4240000C838040888130000D1
:10563000F4330000302A000088800000DC0D0000F8
:10564000A4060000B0B584B000AF786039600F24C4
:105650003B1900221A703B68BB60BB689B01FA22B1
:1056600091001800DAF776FD03001A00BB689B185A
:10567000BB6025003C19BA687B681100180002F075
:1056800043FC030023707B191B785BB21800BD46F6
:1056900004B0B0BDB0B584B000AF786039600F25FC
:1056A0007B1900221A707C190823FA187B681100F4
:1056B000180002F05BFC03002370BC68BB689B0110
:1056C000FA2291001800DAF745FD0300E31ABB60E7
:1056D000BA683B681A607B191B785BB21800BD463C
:1056E00004B0B0BD80B586B000AFF8607A600A2023
:1056F0003B180A1C1A801723FB1800221A703B184B
:105700001B88002B02D0012B0DD019E07B689A0B6F
:1057100014217B181A807B181A88FB681100180066
:1057200003F000FD10E07B685A0A14217B181A80F0
:105730007B181A88FB681100180003F027FD03E0AE
:105740001723FB18FC221A701723FB181B785BB277
:105750001800BD4606B080BD90B585B000AF78603A
:1057600008001100BB1C021C1A807B1C0A1C1A704A
:105770000F217B1800221A700023BB60BB1C1B8802
:10578000012B03D97B18FC221A701CE07B1C1B78B0
:10579000002B02D10023BB600AE0BB1C1B887A6887
:1057A00017498C4663449B00D31808331B68BB60C1
:1057B0000F23FC18BA68BB1C19887B681800FFF718
:1057C00091FF030023700F23FB181B785BB2002BA3
:1057D0000DD17B1C1B785A1E9341DAB2BB1C1B886F
:1057E00010007A680749D3185B18021C1A700F233F
:1057F000FB181B785BB21800BD4605B090BDC046D3
:1058000036090000DC24000090B587B000AFF860D6
:105810007A600A203B180A1C1A8017217B18002284
:105820001A703B181B88012B06D97B18FC221A70B2
:105830007B6800221A700EE00A23FB181A881624CF
:105840003B19F96808488A18121812781A707B6890
:105850003A1912781A701723FB181B785BB21800DC
:10586000BD4607B090BDC046DC240000B0B588B08E
:1058700000AFF8607A600A203B180A1C1A801F23C8
:10588000FB1800221A703B181B88002B02D0012B3A
:1058900010D01FE01F23FC1814257A19FB68110093
:1058A000180003F025FC030023707B191B889B0361
:1058B000BB6113E01F23FC1816257A19FB68110041
:1058C000180003F04BFC030023707B191B885B025C
:1058D000BB6103E01F23FB18FC221A701F23FB1877
:1058E0001B785BB2002B31D1BB69002B17D10A2189
:1058F0007B181B88FA681948844663449B00D318B8
:1059000008331B68BB617B68BA691A607B181B8807
:10591000FA681349D3185B1800221A7016E07B68E6
:10592000BA691A600A217B181B88FA680B488446FA
:1059300063449B00D3180833BA691A607B181B882C
:10594000FA680749D3185B1801221A701F23FB1845
:105950001B785BB21800BD4608B0B0BD3609000028
:10596000DC24000080B584B000AF786039600F237C
:10597000FB1800221A700E203B187A680A49525C04
:105980001A703B181B78022B03D13B6805221A7052
:1059900002E03B6801221A700F23FB181B785BB2F0
:1059A0001800BD4604B080BDD4240000F0B595B009
:1059B00000AF786039604F23FB1800221A704E2028
:1059C0003B1801221A704C243B197A686F49525CCB
:1059D0001A703B191B78022B02D13B1805221A7052
:1059E0003B681B784E22BA1812789A4203D33B6860
:1059F0001B78002B03D14F23FB18FC221A704F2376
:105A0000FB181B785BB2002B00D0A7E010217B189D
:105A10004E22BA1812781A703B681B78013BDAB232
:105A20007B185A704D23FB1800221A708CE04D230E
:105A3000FB181B780C2578193A689B000121D318B4
:105A40005B18190004231A0016F057FA4F26BC19E8
:105A50007B191868FFF7CAF803002370BB191B787D
:105A60005BB2002B00D078E07B199B781A007B1981
:105A70001B78D3180133002B00DA01335B101A00B6
:105A80004B23FB181A700C217B185B781A007B18CB
:105A9000DB78D3180133002B00DA01335B101A00D6
:105AA0004A23FB181A700C203B1899783B181A7877
:105AB00049243B198A1A1A703B1859783B18DA782E
:105AC00048203B188A1A1A703B191B78022B03D9FD
:105AD0003B181B78022B04D84F23FB18FC221A70AA
:105AE0003CE04D217B181B7810203A1806339B00B0
:105AF000D31804334B22BA1812781A707B181B780B
:105B00003A1806339B00D31805334A22BA18127884
:105B10001A707B181B783A1806339B00D31806338B
:105B20004922BA1812781A707B181B783A18063373
:105B30009B00D31807334822BA1812781A707B18C2
:105B40001A787B1801321A703B681B784D22BA18FC
:105B500012789A4200D26AE700E0C0464F22BB1892
:105B60001B785BB2002B09D1BC181023FA187B6894
:105B70001100180002F020FC030023704F23FB18D3
:105B80001B785BB21800BD4615B0F0BDD4240000F0
:105B9000B0B584B000AF786008001100FB1C021C97
:105BA0001A70BB1C0A1C1A700F257B1900221A7070
:105BB0007C19BB1C1A78FB1C19787B68180002F052
:105BC000DFFA030023707B191B785BB2002B09D12D
:105BD0007B68084A9B58BB60BA687B681100180054
:105BE000FFF73CFB0F23FB181B785BB21800BD4688
:105BF00004B0B0BDD8240000B0B586B000AFF860E6
:105C00007A600B203B180A1C1A7017257B1900229A
:105C10001A707C197A683B181978FB68180002F032
:105C20000DFB030023707B191B785BB21800BD4687
:105C300006B0B0BDF0B589B000AF78601F23FB1887
:105C400000221A707B68BB617B68180001F06AFC57
:105C50001E23FB1800221A701EE01E203B181A7823
:105C6000BB6950498C46624452000021D1523B1816
:105C70001B78BA694C49D3185B18FF221A703B187D
:105C80001B78BA694949D3185B1800221A703B186F
:105C90001A783B1801321A701E23FB181B78032B4D
:105CA000DBD9BB69424A0021995417203B187A6816
:105CB0004049525C1A703B181B78632B16DC622B30
:105CC0000FDA052B12DC042B0BDA022B02DC002B83
:105CD00007DA0BE0032B09D11F23FB1800221A70EF
:105CE00008E01F23FB18F2221A7003E01F23FB18A1
:105CF000FD221A7016217B187A68D2781A701F2537
:105D00007B191B785BB2002B28D17B181B78402BAA
:105D100024D11526BC191023FA187B68110018002D
:105D2000FFF7AAFB030023703B69FA2291001800D9
:105D3000DAF710FA03003B61BC190C23FA187B68F0
:105D400011001800FFF7A6FC030023703B691A1D21
:105D5000FB689A4202D97B19FC221A701F22BB18D9
:105D60001B785BB2002B0AD1BC181623FB181978DC
:105D70007B680622180003F023FA030023701F2318
:105D8000FB181B785BB2002B03D17B68094A042106
:105D900099541F23FB181B785BB21800BD4609B04D
:105DA000F0BDC0464C100000A0200000A420000060
:105DB000A8200000D0240000B0B584B000AF786007
:105DC0000F257B1900221A707C197B68180003F0DC
:105DD00067FD030023707B68180001F0D3FC7B197A
:105DE0001B785BB2002B03D17B68054A03219954D1
:105DF0000F23FB181B785BB21800BD4604B0B0BD82
:105E0000D0240000B0B584B000AF78600F257B19B6
:105E100000221A700E217B187A68D2781A707C19C9
:105E20007B181A787B681100180004F089FB0300C6
:105E300023707B191B785BB21800BD4604B0B0BD5F
:105E4000B0B584B000AF786039600F257B190022AF
:105E50001A707C193A687B681100180013F09AFCDC
:105E6000030023707B191B785BB21800BD4604B099
:105E7000B0BD000080B584B000AF3A60BB1D021C0D
:105E80001A807B1D0A1C1A700E23FB1896229200A2
:105E90001A800C23FB18AF2292001A800A23FB18E9
:105EA000AF22D2001A800823FB182D4A1A807B1DCE
:105EB0001B78012B02D0022B18D02FE0BB1D002233
:105EC0009A5E0823FB181B889A4203DD3B68032275
:105ED0001A703BE0BB1D00229A5E0C23FB181B8846
:105EE0009A4233DD3B6802221A702FE0BB1D00226C
:105EF0009A5E0823FB181B889A4203DD3B68032245
:105F00001A7025E0BB1D00229A5E0E23FB181B8829
:105F10009A421DDA3B6801221A7019E0BB1D00226B
:105F20009A5E0E23FB181B889A4203DA3B68012213
:105F30001A700FE0BB1D00229A5E0A23FB181B8813
:105F40009A4207DA3B6802221A7003E0C04602E078
:105F5000C04600E0C046C046BD4604B080BDC04655
:105F6000DC05000080B58AB000AFF860B9603B6026
:105F7000BB1D1A8026217B18BA68D27D1A702D4B62
:105F80001B693B62FB68FB617B181B78FF2B4DD0C4
:105F900007DC072B02DC062B48DA02E00A3B022B67
:105FA00044D9C0462723FB1801221A70FA698E23B0
:105FB000DB00D358BB61BA693B6A9A4204DBBB1D64
:105FC00000229B5E002B03D12723FB1800221A70AE
:105FD00017203B18FA681849525C1A703B68010098
:105FE0007A1812781A702623FB181B78002B09D117
:105FF000BB681420185E3A687B181B781900FFF7FD
:1060000039FF14E02723FB181B78002B0AD03A68CD
:106010001723FB181978BB1D00201B5E1800FFF723
:1060200029FF04E03B6803221A7000E0C046BD4629
:106030000AB080BD00020020D624000080B58CB0DC
:1060400000AF3A60FB1D021C1A70BB1D0A1C1A70BF
:106050002423FB1896221A802223FB189622520032
:106060001A802023FB181E221A80404BFB61404BF4
:10607000BB61404B7B61FB1D1B78002B04D12723A8
:10608000FB1800221A7069E03B6848229B5E1900E9
:106090003B6844229B5ECA1A2423FB1800215B5EE6
:1060A0009A4203DABB1D1B78072B04D12723FB1868
:1060B00032221A7052E03B6846229B5E2222BA18B6
:1060C0000021525E9A4205DD2023FB181B881B0429
:1060D000FB6206E03B6846229B5E1A007B695343E5
:1060E000FB62FB6A002B20D03B689B8F1A00BB69C8
:1060F00053433B61FB6A5B083A69D3183B61F96A19
:106100003869DAF727F803003B613B691B043B6100
:106110003A69FB699A4204D8FA693B69D31ABB62AF
:1061200006E0C8239B03BB6202E0C823DB03BB621B
:10613000BB6A1A0C0F217B181A700A00BB181B7857
:10614000322B07D9BB181B78DAB2642A00D9642332
:10615000DAB200E032222723FB181A702723FB183B
:106160001B781800BD460CB080BDC04633B3750027
:10617000CDCC30009A19000080B584B000AF020089
:10618000FB1D1A70FB1D1B78043B0F2B31D89A00A6
:106190001D4BD3181B689F460F23FB180A221A7049
:1061A0002BE00F23FB1806221A7026E00F23FB18A2
:1061B00004221A7021E00F23FB1802221A701CE03F
:1061C0000F23FB1801221A7017E00F23FB18072278
:1061D0001A7012E00F23FB1809221A700DE00F232A
:1061E000FB1803221A7008E00F23FB1800221A7014
:1061F00003E00F23FB18FF221A700F23FB181B78F4
:106200001800BD4604B080BDF038040880B584B0E5
:1062100000AF0200FB1D1A70FB1D1B78053B122B03
:106220002CD89A001B4BD3181B689F460F23FB18D2
:1062300004221A7026E00F23FB1801221A7021E0B5
:106240000F23FB1806221A701CE00F23FB180722ED
:106250001A7017E00F23FB180C221A7012E00F239C
:10626000FB1807221A700DE00F23FB180B221A707F
:1062700008E00F23FB1800221A7003E00F23FB181D
:10628000FF221A700F23FB181B781800BD4604B0BC
:1062900080BDC04630390408B0B590B000AF78601A
:1062A0000C0010001900FB1C221C1A70BB1C021CE5
:1062B0001A707B1C0A1C1A703B23FB1800221A70F0
:1062C0007B687B637B6BF8333B630023BB607B6D38
:1062D0004A229A5C2F203B181F210A401A707A6DBF
:1062E0003B181978FB1C1B781800FFF7A7FE03006A
:1062F0001A00BB6D1A707B6D1B8E5B02BB62BB6D9F
:10630000BA6A9A607B6D9B8E5B027B62BB6D7A6A18
:10631000DA607B6D9B8F5B023B62BB6D3A6A1A61F0
:106320007B6D46229A5EBB6D9A827B6D48229A5E97
:10633000BB6D5A807B6D44229A5EBB6D9A80BB6DAB
:1063400000229A755023FB181B78112B08D00FDC04
:10635000032B02DC002B03DC0AE00D2B04D007E04A
:10636000BB6D0522DA7506E0BB6D0D22DA7502E021
:10637000BB6D0022DA75BB6DDB7D002B15D1FB1CDC
:106380001B78002B11D1BB6DFF22DA75BB6D00228B
:106390009A60BB6D00221A61BB6DCE4A9A82BB6DBA
:1063A000CC4A5A80BB6DCB4A9A80BB6DDB7D002BFB
:1063B00027D11F203B187A68C749525C1A70020027
:1063C000BB181B78022B07D0BB181B78012B03D0FE
:1063D000BB181B78092B0AD12F23FB181B78180038
:1063E000FFF714FF03001A00BB6DDA7509E02F23D5
:1063F000FB181B781800FFF7BFFE03001A00BB6DE7
:10640000DA757B6D9B8F5B023B627B68B3493A6AAE
:106410005A507B6D1B8E5B023B627B68B0493A6AC7
:106420005A500C23FA187B6800211800FFF71EFA57
:106430002F23FB181B78063B5A425341DAB21E2425
:106440003B191A7013257A197B6800211800FFF791
:10645000DBF97B191B78012B05D13B191B78012B2C
:1064600001D1012200E000221D217B181A707B68F7
:106470007A189C4912785A540C23FA187B68012127
:106480001800FFF7F3F92F23FB181B78043B5A423F
:106490005341DAB21C243B191A7013257A197B6810
:1064A00001211800FFF7B0F97B191B78012B05D1EA
:1064B0003B191B78012B01D1012200E000221D2194
:1064C0007B181A707B687A18874912785A541A21F7
:1064D0007B18BA6D928A1A80BB6DDB7D002B12D1BE
:1064E0007B1800229B5E002B0DDA7B1800229A5E3F
:1064F0007E4B5B689A4203DABB6D0E22DA7502E0CE
:10650000BB6D00229A820823FA1879497B6818002B
:1065100004F02CFD1923FB18BA1C127801210A4043
:106520001A703F23FB1800221A701623FB18BA6D4D
:10653000928A1A803C23FB1800221A80BB6D00222D
:106540001A76BB68002B00D1D3E2BB6DDB7D072B35
:1065500004D0BB6DDB7D042B00D0CAE27B1C1B7812
:106560007A6B6449D3185B181B78072B1CD07B1CF3
:106570001B787A6B5F49D3185B181B78042B13D0F8
:106580007B1C1B787A6B5B49D3185B181B78002B3C
:1065900000D0AEE27B1C1B787A6B5749D3185B188E
:1065A0001B78012B00D0A4E27B6B544A9B5C190042
:1065B0007B6B534A9B5C013B99420AD07B6B4F4AF1
:1065C0009B5C19007B6B4E4A9B5C7F33994200D0E9
:1065D00062E2BB6D14229B5E9AB27B1C19787B6BC6
:1065E0004848844661444900CB5E9BB2D31A9AB2B4
:1065F0001423FB181A803F23FB1801221A707B6BAF
:106600005B78212B07D000DD41E21B2B00D16CE130
:106610001E2B05D03BE23F23FB1800221A703BE201
:106620003B6B8E229B5E14217A180020125E9A42E8
:1066300013DD3B6B90229B5E7A180021525E9A42DA
:106640000BDA1923FB181B78012B06D13C23FB180E
:106650003A6BA821525A1A8046E114203B180022B6
:106660009A5E3B6B8E215B5E5B429A4214DA3B186A
:1066700000229A5E3B6B90215B5E5B429A420BDD8F
:106680001923FB181B78002B06D13C23FB183A6B0F
:10669000A621525A1A8027E13B6B92229B5E14215D
:1066A0007A180020125E9A422EDD3B6B94229B5E8C
:1066B0007A180021525E9A4226DA1923FB181B78B9
:1066C000002B21D13C23FB183A6BAA21525A1A8085
:1066D0000AE1C046FF1F0000D4240000E8240000A7
:1066E000EC240000DE240000DF2400000002002073
:1066F00091800000A0200000A4200000A82000003D
:10670000470400004C10000014203B1800229A5E41
:106710003B6B92215B5E5B429A4214DA3B1800228B
:106720009A5E3B6B94215B5E5B429A420BDD1923C0
:10673000FB181B78012B06D13C23FB183A6BAC21CC
:10674000525A1A80D0E03B6B96229B5E14217A1835
:106750000020125E9A4213DD3B6B98229B5E7A18F2
:106760000021525E9A420BDA1923FB181B78012B89
:1067700006D13C23FB183A6BB021525A1A80B3E081
:1067800014203B1800229A5E3B6B96215B5E5B42B5
:106790009A4214DA3B1800229A5E3B6B98215B5EAA
:1067A0005B429A420BDD1923FB181B78002B06D1A4
:1067B0003C23FB183A6BAE21525A1A8094E03B6B93
:1067C0009A229B5E14217A180020125E9A4213DDF1
:1067D0003B6B9C229B5E7A180021525E9A420BDA38
:1067E0001923FB181B78002B06D13C23FB183A6BAE
:1067F000B221525A1A8077E014203B1800229A5E88
:106800003B6B9A215B5E5B429A4214DA3B18002292
:106810009A5E3B6B9C215B5E5B429A420BDD1923C7
:10682000FB181B78012B06D13C23FB183A6BB421D3
:10683000525A1A8058E03B6BA0229B5E14217A18B2
:106840000020125E9A420EDA3B6B9E229B5E7A1803
:106850000021525E9A4206DD3C23FB183A6BB621BA
:10686000525A1A8040E03B6BA2229B5E14217A1898
:106870000020125E9A4213DD3B6BA4229B5E7A18C5
:106880000021525E9A420BDA1923FB181B78012B68
:1068900006D13C23FB183A6BBC21525A1A8023E0E4
:1068A00014203B1800229A5E3B6BA2215B5E5B4288
:1068B0009A4214DA3B1800229A5E3B6BA4215B5E7D
:1068C0005B429A420BDD1923FB181B78002B06D183
:1068D0003C23FB183A6BBA21525A1A8004E03F233A
:1068E000FB1800221A70D7E0D6E03B6BBE229B5EFD
:1068F00014217A180020125E9A4213DD3B6BC022ED
:106900009B5E7A180021525E9A420BDA1923FB181B
:106910001B78002B06D13C23FB183A6BD221525A2C
:106920001A80B3E014203B1800229A5E3B6BBE2114
:106930005B5E5B429A4214DA3B1800229A5E3B6B24
:10694000C0215B5E5B429A420BDD1923FB181B786A
:10695000012B06D13C23FB183A6BD421525A1A80E2
:1069600094E03B6BC2229B5E14217A180020125ED9
:106970009A4213DD3B6BC4229B5E7A180021525E63
:106980009A420BDA1923FB181B78012B06D13C2302
:10699000FB183A6BD821525A1A8077E014203B1822
:1069A00000229A5E3B6BC2215B5E5B429A4214DA24
:1069B0003B1800229A5E3B6BC4215B5E5B429A42AD
:1069C0000BDD1923FB181B78002B06D13C23FB1889
:1069D0003A6BD621525A1A8058E03B6BC8229B5E14
:1069E00014217A180020125E9A420EDA3B6BC622FE
:1069F0009B5E7A180021525E9A4206DD3C23FB180A
:106A00003A6BDA21525A1A8040E03B6BCA229B5EF5
:106A100014217A180020125E9A4213DD3B6BCC22BF
:106A20009B5E7A180021525E9A420BDA1923FB18FA
:106A30001B78012B06D13C23FB183A6BE021525AFC
:106A40001A8023E014203B1800229A5E3B6BCA2177
:106A50005B5E5B429A4214DA3B1800229A5E3B6B03
:106A6000CC215B5E5B429A420BDD1923FB181B783D
:106A7000002B06D13C23FB183A6BDE21525A1A80B8
:106A800004E03F23FB1800221A7005E004E03F23D6
:106A9000FB1800221A70C0463F23FB181B78002BFE
:106AA00027D0BB6D14229B5E9AB23C217B181B88B9
:106AB000D3189BB21AB2BB6D9A82BB6D04229B5E47
:106AC0009AB27B181B88D3189BB21AB2BB6D9A80FE
:106AD000BB6D02229B5E9AB27B181B88D3189BB2B7
:106AE0001AB2BB6D5A80BB6D01221A76BB6D0022B3
:106AF000DA757B1C1A787B6B11498C466244520014
:106B0000162179180988D1527B1C1B78BA6DD07D6B
:106B10007A6B0C49D3185B18021C1A707B1C1B780B
:106B2000BA6D107E7A6B0849D3185B18021C1A7074
:106B30003B23FB181B785BB21800BD4610B0B0BDFC
:106B40004C100000A0200000A4200000F0B591B07F
:106B500004AFF860B9607A60FB687B622D23FB1894
:106B600000221A702C23FB1800221A702A23FB180B
:106B700000221A80BB689A7C7B689A71BB689A78FD
:106B80007B685A71BA68CB235B00D15C7B68782242
:106B90009954BB680821595EBB680E229B5E222275
:106BA000BA181C1C0B1C18B221B2884200DD231C31
:106BB00013807B682222BA187C2112885A527B6883
:106BC00000221A60BB68DA787B681A71FB686B4A2E
:106BD000995C7B687E22995421217B18BA68927C4B
:106BE0001A707B181B78002B04D12E23FB1801226E
:106BF0001A7005E02E23FB182122BA1812781A7099
:106C00002F23FB1800221A7051E02F217B181A78CD
:106C10001300DB009B1A9B0008337A68D318FB61D2
:106C20007B181B784C2253431033BA68D3180433B3
:106C30007B612D22BB181B785BB2002B15D17B68C2
:106C40001D79BB681B7CBC187A1816782122BA18EB
:106C50001178F868FA6902927A6901920093330018
:106C60002A00FFF719FB030023707B69D98A7B6830
:106C70007A229952FB69DB7D002B12D1FB69142229
:106C80009B5E2A217A180020125E9A4209DA7B184C
:106C9000FA69928A1A802C23FB182F22BA181278CC
:106CA0001A702F217B181A787B1801321A702F2046
:106CB0003A182E243B1912781B789A42A5D37B6A86
:106CC0002F4A995C7B6A2F4A99543B183A191278DB
:106CD0001A701EE02F203B181A787B6A2A498C46CE
:106CE000624452000021D1523B181B787A6A27492E
:106CF000D3185B18FF221A703B181B787A6A244954
:106D0000D3185B1800221A703B181A783B1801320E
:106D10001A702F23FB181B78032BDBD92D23FB18AC
:106D20001B785BB2002B21D12123FB181B78002B91
:106D30001CD02C23FB181A781300DB009B1A9B0035
:106D400008337A68D318FB611B217B1804221A7060
:106D50007B181B78BA685B00D318043300229A5E54
:106D60007B687E33F969F868FFF7FCF82D23FB1880
:106D70001B785BB21800BD460DB0F0BDD6240000F4
:106D800047040000A82000004C100000A0200000D4
:106D9000A4200000B0B586B000AF78603960172439
:106DA0003B1900221A707B683B613B691E4A94467E
:106DB0006344FB603B688022FF21180014F07EFFD3
:106DC00025003C19FA687B680221180002F0C0FE19
:106DD000030023707B191B785BB2002B1BD1FB686F
:106DE0005B78072B02D0082B04D007E03B68012218
:106DF000DA7106E03B680222DA7102E03B680022A9
:106E0000DA711723FC183A68F9687B681800FFF7F5
:106E10009DFE030023701723FB181B785BB218003C
:106E2000BD4606B0B0BDC0460814000090B585B0A0
:106E300000AF78600A00FB1C1A700F23FB180022B9
:106E40001A700E23FB1800221A700D23FB18002263
:106E50001A700C23FB1800221A70FB1C1B78032BE2
:106E600053D06BDC022B37D068DC002B02D0012B17
:106E700019D063E00E23FC187B68180005F06AFC4B
:106E8000030023700D23FC187B68180005F092FCAA
:106E9000030023700C23FC187B68180005F0BAFC73
:106EA000030023704FE00E23FC187B68180005F0E8
:106EB00039FC030023700D23FC187B68180005F0D3
:106EC00061FC030023700C23FC187B68180005F09C
:106ED000A1FC0300237036E00E23FC187B68180029
:106EE00005F020FC030023700D23FC187B681800BC
:106EF00005F048FC030023700C23FC187B68180085
:106F000005F070FC030023701DE00E23FC187B6865
:106F1000180005F007FC030023700D23FC187B68A4
:106F2000180005F047FC030023700C23FC187B6855
:106F3000180005F06FFC0300237004E00F23FB181A
:106F4000FC221A70C0460F217B181B785BB2002B05
:106F500019D17B180E22BA1812781A707B181B7878
:106F60005BB2002B04D17B180D22BA1812781A706C
:106F70000F22BB181B785BB2002B04D1BB180C226C
:106F8000BA1812781A700F23FB181B785BB218001E
:106F9000BD4605B090BD000080B584B000AF7860FC
:106FA00039600F23FB1800221A707B685B78212B55
:106FB00005D02BDC1B2B1CD01E2B0DD026E00C2368
:106FC000FB187A682749525A1A800A23FB187A68F4
:106FD0002549525A1A8021E00C23FB187A6823496C
:106FE000525A1A800A23FB187A682149525A1A8089
:106FF00014E00C23FB187A681E49525A1A800A239F
:10700000FB187A681C49525A1A8007E00F23FB18B4
:10701000FC221A703B6800221A80C04609203B18E7
:107020007A682E21525C1A700F23FB181B785BB212
:10703000002B0FD13B181B780122134004D00C23E6
:10704000FB1800229B5E03E00A23FB1800229B5ED4
:107050003A6813800F23FB181B785BB21800BD46FB
:1070600004B080BD081C00000A1C00000C1C0000BD
:107070000E1C0000101C0000121C0000B0B58AB0ED
:1070800000AFF860B9601900FB1D1A70BB1D0A1C27
:107090001A7026217B1800221A8000233B620023ED
:1070A000FB6100233B620023FB61FB1D1B789AB24E
:1070B0007B1892001A8029E03823FB181978FB1DF1
:1070C0001B7826257A191488F8681A005200D218FD
:1070D000D3001A000B005B005B181B01D3181B19AF
:1070E000404A944663449B001B583A6AD3183B625B
:1070F0007B191A88BB6806329200D358FA69D318F4
:10710000FB617B191A887B1901321A80BB1D1B7821
:107110009BB226217A1812889A42CDD33B6A002B63
:107120005BD0FB69002B58D0FB1D1B789AB27B18F3
:1071300092001A8049E03823FB181978FB1D1B7850
:1071400026257A191488F8681A005200D218D3003C
:107150001A000B005B005B181B01D3181B19214A96
:10716000944663449B001B58BB61BA6913005B01E2
:107170009B1A9B009B18DB00396A1800D9F774F83A
:107180000300BB617B191A88BB6806329200D25893
:1071900013005B019B1A9B009B18DB00F969180028
:1071A000D9F762F803007B61FB6B1A68B9697B69E8
:1071B000CB1AB8697969411A4B43D218FB6B1A6034
:1071C0007B191A887B1901321A80BB1D1B789BB270
:1071D0002622BA1812889A42ADD3C046BD460AB0DC
:1071E000B0BDC04606070000F0B58DB002AF7860B4
:1071F00039607B68FB612623FB1800221A80252357
:10720000FB1800221A7000237B612423FB18002244
:107210001A701B243B1900221A7000233B610023C3
:10722000FB601A257B1918221A701423FA18B64924
:107230007B68180003F09AFE1023FA18B3497B68A4
:10724000180003F093FEFB69B14A9B5C002B00D051
:1072500044E13B687B229B5C1A00012313405A42A5
:107260005341DAB23B191A700023FB603B191B78BB
:107270009B00DAB21923FB18791909788A1A1A7057
:10728000FB69A44A9B5C002B07D0FB69A14A9A5C6E
:107290002323FB18013A1A7005E07B69DAB2232335
:1072A000FB18013A1A7023257B1919781B26BB1984
:1072B0001B78F869984C1A005200D21853011A0032
:1072C0000B005B005B189B01D318C3181B191B68CC
:1072D000002B0FDD1923FB181C78BB191A783968AD
:1072E000F8690C23FB1801937B191B78009323008A
:1072F000FFF7C4FEFA683B699A4220DBFB69874AC4
:10730000944663449022D2000021180014F0D6FC69
:10731000FB69804A002199542423FB1801221A702A
:107320001B23FB181B78002B04D1FB69784A06212C
:1073300099543CE0FB69764A0721995437E01823B9
:10734000FB18FA697349525C1A702523FB18002256
:107350001A7024E02526BB1918781823FB18197811
:107360001B23FB181B78BA1915783A680630800081
:107370008458F8691A005200D218D3001A000B0082
:107380005B005B181B01D3185B19654A9446634484
:107390009B001C50BB191A78BB1901321A702523A7
:1073A000FA181A23FB1812781B789A42D2D3FB6979
:1073B000584A9B5C1A007B69013B9A4209D11B2306
:1073C000FB181B78012B04D1FB69524A0021995408
:1073D0000CE01B23FB181B78012B07D1FB694D4ADE
:1073E0009B5C0133D9B2FB694A4A99542423FB18A8
:1073F0001B78012B05D11B23FB181B78002B00D118
:107400007DE0FB69424A9B5C002B00D077E026239D
:10741000FB1800221A800CE026203B181A883B68D3
:10742000063292000021D1503B181A883B180132D5
:107430001A801A23FB181B789BB226217A1812880F
:107440009A42E9D37B1800221A803DE02523FB18DD
:1074500000221A702CE02626BB191A883B680632D7
:107460009200D05825217B1819781B23FB181B7814
:10747000BA191588FC691A005200D218D3001A00F4
:107480000B005B005B181B01D3185B19244A944660
:1074900063449B001B59BA191288C1183B68063215
:1074A0009200D15025217B181A787B1801321A706E
:1074B0002523FB181A787B699A42CCDB26217B189E
:1074C0001A887B1801321A801A23FB181B789BB28A
:1074D0002622BA1812889A42B8D310E0FB690C4AE7
:1074E0009B5C013BD9B2FB69094A9954FB69084A84
:1074F0009B5CFF2B03D1FB69054A00219954C046D0
:10750000BD460BB0F0BDC0468F8000008E800000ED
:10751000151C0000141C0000281C0000181C000092
:107520000607000090B5C7B000AF78601821FF31A2
:107530007B1800221A70002386225200BA181360AA
:107540007B181B785BB2002B08D17C187B6800226B
:1075500085211800FDF716F9030023701823FF3367
:10756000FB181B785BB2002B03D17B68180008F076
:1075700030FC862464003A197C497B68180003F0CB
:10758000F5FC3B191B68032B1AD01FDC022B11D012
:107590001CDC002B02D0012B06D017E00023882230
:1075A0005200BA18136016E0102388225200BA184D
:1075B000136010E0202388225200BA1813600AE0FA
:1075C000402388225200BA18136004E00023882266
:1075D0005200BA1813601820FF303B181B785BB2BA
:1075E000002B2DD1624B8C2149005B18DB1929221D
:1075F0001A705F4B5B18DB19C9225A705C4B5B1821
:10760000DB190E229A705A4B5B18DB194022DA7094
:10761000574B5B18DB1928221A7188235B00FB1873
:107620001B68DAB2524B5B18DB195A713C180C23F9
:10763000FA18504978680623FDF71AF803002370FA
:107640001820FF303B181B785BB2002B29D1484B28
:107650008C2149005B18DB1903221A70444B5B181C
:10766000DB196D225A70424B5B18DB1903229A70AA
:107670003F4B5B18DB196F22DA703D4B5B18DB194F
:1076800007221A713A4B5B18DB1929225A713C18F0
:107690000C23FA18384978680623FCF7E9FF030041
:1076A00023701821FF317B181B785BB2002B15D19A
:1076B0002F4B8C2040001B18DB1900221A702C4B1A
:1076C0001B18DB1907225A707C180C23FA182B4957
:1076D00078680223FCF7CCFF030023701821FF31E8
:1076E0007B181B785BB2002B15D1214B8C204000FE
:1076F0001B18DB1900221A701D4B1B18DB190722FF
:107700005A707C180C23FA181D4978680223FCF77C
:10771000AFFF030023701822FF32BB181B785BB247
:10772000002B09D1BC188E23D9007B6801221800D8
:10773000FDF728F8030023701822FF32BB181B78CE
:107740005BB2002B08D1BC187B6801228521180090
:10775000FDF718F8030023701823FF33FB181B787C
:107760005BB21800BD4647B090BDC0468C8000009B
:10777000F4FEFFFF7604000096040000720400008F
:107780007404000090B585B000AF78600F217B18BD
:1077900000221A700A00BB181B785BB2002B08D1BC
:1077A000BC187B68002285211800FCF7EBFF030062
:1077B00023700F23FB181B785BB2002B03D17B686F
:1077C000180008F01DFB0F22BB181B785BB2002BC2
:1077D00009D1BC188E23D9007B6800221800FCF761
:1077E000D1FF030023700F22BB181B785BB2002B64
:1077F00008D1BC187B68012285211800FCF7C2FF64
:10780000030023700F23FB181B785BB21800BD46E2
:1078100005B090BDF0B58BB004AF78600A00FB1CDA
:107820001A701723FB1800221A707B683B617B6873
:107830002D4A94466344FB6016243B1900221A70BB
:107840007B686221180007F05FFAFB6804225A7413
:10785000FB6800229A74FA68EA235B000521D15480
:10786000FA68D623FF330021D1543B1900221A7045
:107870001FE016203B181A7813001B019B189B0071
:10788000D133FF33FA68D3180833BB60BB680022DA
:107890009A63BB680022DA63BB68402200219952D8
:1078A000BB684222002199543B181A783B180132D8
:1078B0001A7016203B181B78042BDAD9FA68CB23F0
:1078C0009B000521D154FB68084A00219954FB68AC
:1078D000074A05219954FA68E4239B000021D154FA
:1078E0003B1800221A704CE0B02000002D0300006D
:1078F0008F03000016243B191A78F868E5239900D5
:107900001300DB009B1A9B00C3185B1800221A604F
:107910003B191A78F868E62399001300DB009B1ADC
:107920009B00C3185B1800221A603B191A78F8688C
:10793000E72399001300DB009B1A9B00C3185B1818
:1079400000221A603B191A78F868EA23990013009C
:10795000DB009B1A9B00C3185B1800221A603B19BE
:107960001A78F868EB2399001300DB009B1A9B0040
:10797000C3185B1800221A603B191A783B190132B0
:107980001A701623FB181B78042BB3D93B6900220D
:107990001A703B6901225A703B6900229A703B6958
:1079A0000022DA703B6901221A713B6901225A7187
:1079B0003B6901229A713B69FA2292009A603B6905
:1079C000FA22D200DA603B69994A1A613B69642263
:1079D0005A613B69A02212011A833B6921220021CE
:1079E00099543B69934A032199543B69924A002177
:1079F00099543B69B822914999523B69BA229049FE
:107A000099527B68180007F065F93B698D4A9446E6
:107A100063449022D2000021180014F04FF93B6912
:107A2000894A002199543B69884A00219954FB1CDA
:107A30001B78002B0CD01722BB181B785BB2002BD5
:107A400006D1BC187B68180000F004F9030023700D
:107A50001722BB181B785BB2002B0AD13B6980212F
:107A600089008C466344BC18180004F0EBFE030048
:107A700023701722BB181B785BB2002B0AD13B691D
:107A8000842189008C466344BC18180004F000FF70
:107A90000300237017217B181B785BB2002B0ED1DB
:107AA0003B6948331A003B69A52080008446634443
:107AB0007C181900100004F00FFF03002370172238
:107AC000BB181B785BB2002B0AD13B699E21890051
:107AD0008C466344BC18180004F07AFF030023703E
:107AE0001722BB181B785BB2002B0AD13B69AE2171
:107AF00089008C466344BC18180004F09DFF030005
:107B000023701722BB181B785BB2002B0AD13B698C
:107B1000B32189008C466344BC18180004F0B6FFFA
:107B20000300237017217B181B785BB2002B0FD149
:107B30003A69A9239B00D25C3B6987208000844678
:107B400063447C181900100004F0C6FF0300237082
:107B50001722BB181B785BB2002B0AD13B69972117
:107B600089008C466344BC18180005F0EBF903004B
:107B700023701722BB181B785BB2002B07D13B691F
:107B8000F833BC18180005F01DF803002370172007
:107B90003B181B785BB2002B18D13B695D783B69C1
:107BA0001E8B3B699B689C463B69DA683B69196997
:107BB0003B695B693C1878680293019100926346C7
:107BC0003200290000F098FD030023703B69F32286
:107BD0009200944663441A00182100200CF001F82A
:107BE0003B698F22D200944663441A00182100207A
:107BF0000BF0F7FF3B69164A944663441A000C21C8
:107C0000002007F0B1FE7B6818000BF059F97B6883
:107C100018000BF063F87B6818000BF07FF917234E
:107C2000FB181B785BB21800BD4607B0F0BDC0461C
:107C3000C8320000EA120000EB120000DB0700006F
:107C4000C3070000181C0000141C0000151C0000D5
:107C500024050000F0B591B004AF78602F217B18A7
:107C600000221A707B68BB62BB6A8722920094462E
:107C700063447B62BB6A48333B62BB6A9C33FB61F3
:107C80007B181B785BB2002B0BD1BB6AB822920029
:107C90009A187C187B681100180010F051F9030045
:107CA00023702F217B181B785BB2002B0AD1BB6A93
:107CB00048331A007C187B681100180010F096FAFF
:107CC000030023702F257B191B785BB2002B18D182
:107CD000BB6A874E9A197C197B681100180011F055
:107CE000BEF9030023707B191B785BB2002B08D10F
:107CF000BB6A9A19BB6AE133FF331900100007F021
:107D00004FFB2F23FB181B785BB2002B0ED13B6A75
:107D10005B891A007B6ADA623B6A0C229A5E7B6A94
:107D20001A863B6A0E229A5E7B6A5A862F217B183E
:107D30001B785BB2002B0AD1BB6AC0331A007C18D7
:107D40007B68110018000FF08BFF030023702F21B8
:107D50007B181B785BB2002B0AD1BB6A60331A0018
:107D60007C187B68110018000FF0A3FF030023703C
:107D70002F217B181B785BB2002B2FD1BB6A9C3361
:107D80001A007C187B68110018000FF0BBFF03007D
:107D90002370FB699B88002B20D1FB69DB88002BBB
:107DA0001CD1FB6980229A80FB69C0225200DA80D4
:107DB000BB6A504A985CBB6A4F4A9C5CBB6AE13321
:107DC000FF33FA69F9690231039102923822019274
:107DD0000093FF23C722210009F049FD2F26BB197C
:107DE0001B785BB2002B33D1BC190C257A19D62332
:107DF00059007B6818000FF0AEFF03002370BB1919
:107E00001B785BB2002B23D17B191988BB6AA42293
:107E100099527B199988BB6AA62299527B19998934
:107E2000BB6AA8229952BB6A62229B5A002B06D0D9
:107E3000BB6A6222995ABB6AAA22995203E0BB6AC2
:107E4000AA2214219952BB6AAC228021490099527E
:107E50002F217B181B785BB2002B0AD1BB6A274A03
:107E60009A187C187B68DE211800FCF747FD030098
:107E70002370BB6A224A9A5A80235B019A4203D23A
:107E8000BB6A1F4A1F4999522F217B181B785BB28E
:107E9000002B0AD1BB6ABC331A007C187B68110026
:107EA000180000F041FA03002370BB6AC0229B5CFB
:107EB000002B14D1BB6AC1229B5C002B0FD1BB6A83
:107EC000BC229B5C1B01D9B2BB6AC0229954BB6A1D
:107ED000BD229B5C1B01D9B2BB6AC12299542F23DE
:107EE000FB181B785BB21800BD460DB0F0BDC04654
:107EF0009A030000CA030000CB0300006C130000CB
:107F0000E6020000CCBCFFFF80B584B000AF786013
:107F100039600F217B1800221A707B68BB60BB6838
:107F2000114A9B5A002B02D17B18F1221A700F23A1
:107F3000FB181B785BB2002B0DD1BB683A685A6105
:107F4000BB68094A9B5A1A003B6853431900BA6838
:107F5000D3239B00D1500F23FB181B785BB2180072
:107F6000BD4604B080BDC0466C13000080B584B02F
:107F700000AF786039600F217B1800221A707B688F
:107F8000BB60BB68114A9B5A002B02D17B18F122BF
:107F90001A700F23FB181B785BB2002B0ED1BA6846
:107FA000D3239B00D258BB6808495B5A19001000C4
:107FB000D8F7D0F803001A003B681A600F23FB18AB
:107FC0001B785BB21800BD4604B080BD6C13000086
:107FD000F0B589B002AFF860B9607A603B601721F4
:107FE0007B1800221A70FB683B613B691A4A9B5A56
:107FF000002B02D17B18F1221A7017217B181B78F5
:108000005BB2002B1FD13B69BA689A603B697A6802
:10801000DA603B693A681A613B690F4A9E5A3B69CC
:108020000E4A9A183B69CF208000844663447C182E
:108030003D687968B8680193009233002A0008F01F
:10804000AAF8030023701723FB181B785BB21800F3
:10805000BD4607B0F0BDC046E602000026030000A2
:1080600090B589B000AFF860B9607A603B601F21BD
:108070007B1800221A70FB68BB6100237B6112230E
:10808000FB1800221A80BB69384A9B5A002B02D188
:108090007B18F1221A701F23FB181B785BB2002B90
:1080A0005BD1BB69314A9A5ABB6931495B5C1900A3
:1080B000100007F0BCFE03007B61BB692D4A9B5C8E
:1080C0001A007B691900100007F09AFF0200BB68D4
:1080D0001A60BA69CF239B00D25C12243B191A8024
:1080E0003B191B881B029AB2BB6923495B5C1900D0
:1080F0003B1952181A807A693B191B881100180025
:1081000007F0DCFF02007B681A60BA69D0239B008D
:10811000D25C20003B181A803B181B881B029AB2C5
:10812000BB6916495B5C19003B1852181A807A69C2
:108130003B181B881100180007F0C0FF02003B68C5
:108140001A60BB681A68BB699A607B681A68BB6969
:10815000DA603B681A68BB691A611F23FB181B7839
:108160005BB21800BD4609B090BDC046E6020000F3
:10817000420300002D0300003D0300004103000006
:10818000B0B586B000AF786008001100FB1C021C7F
:108190001A70BB1C0A1C1A701723FB1800221A70D5
:1081A0007B683B610F203B1801221A7016257B1952
:1081B0003A181278D2431A7015243B19BA1C391890
:1081C000127809780A401A70FB1C1B78072B26D8F6
:1081D000FB1C1B78002B11D0FB1C1B7801229A4042
:1081E0003B181A703B191A78FB1C1B789A403B19F4
:1081F0001A707B193A181278D2431A703B690E4AEA
:108200009B5C1622BA1812781340DAB21523FB18B9
:108210001B781343D9B23B69074A995403E01723EB
:10822000FB18FC221A701723FB181B785BB218008E
:10823000BD4606B0B0BDC0466503000080B586B03F
:1082400000AFF8607A600B203B180A1C1A701723E5
:10825000FB1800221A70FB683B6116217B18012273
:108260001A703B181B78072B23D83B181B78002B60
:1082700005D03B181B7801229A407B181A703B6985
:10828000124A9B5C1622BA1812781340DAB27B6845
:108290001A700B217B181B78002B0ED07B681B7883
:1082A0001A007B181B781A411300DAB27B681A7027
:1082B00003E01723FB18FC221A701723FB181B7806
:1082C0005BB21800BD4606B080BDC0466503000025
:1082D00090B585B000AF786039600F243B1900225B
:1082E0001A707B68BB603B6858783B681978BB683C
:1082F0000C4A944663441A0009F0C7F83B68987822
:108300003B68D978BB68D9229200944663441A002E
:1083100009F001F93B191B785BB21800BD4605B0A6
:1083200090BDC04663030000F0B587B000AF786031
:1083300039601723FB1800221A707B683B610E21FD
:108340007B1800221A700D203B1800221A700F248F
:108350003B1900221A703B69154A9B5C0D007A1884
:108360000600391818000BF004FD7B191A783B68D9
:108370001A70BB191A783B685A703B193A690D4953
:10838000525C1A703B191B781B09DAB23B68DA7031
:108390003B191B780F221340DAB23B689A701723FF
:1083A000FB181B785BB21800BD4607B0F0BDC04695
:1083B000CA030000CB03000090B585B000AF786021
:1083C00039600F243B1900221A707B68BB60BB68C0
:1083D000DE3318003B681C331422190013F08DFDA6
:1083E0003B681978BB68C22299543B685978BB68CE
:1083F000C3229954BB68C2333C19180011F08CFF9A
:10840000030023703B685B78002B04D1BB680E4AE5
:10841000002199540FE03B685B78042B07D83B6838
:108420005B780133D9B2BB68074A995403E0BB6853
:10843000054A062199540F23FB181B785BB21800DC
:10844000BD4605B090BDC0462703000090B585B07D
:1084500000AF786039600F243B1900221A707B68E6
:10846000BB60BB68C23319003B683622180013F0AA
:1084700044FD3B191B785BB21800BD4605B090BDAA
:1084800080B586B000AFF8607A603B600B203B1887
:108490000A1C1A701723FB1800221A70FB683B6134
:1084A0003B181B78272B00D917E19A00914BD31862
:1084B0001B689F463A6992235B00D25A7B681A80F8
:1084C0003A6998235B00D2583B681A603A69A8233E
:1084D0005B00D2583B6A1A603A69B2235B00D258FB
:1084E0007B6A1A60FEE03A6995235B00D25A7B688A
:1084F0001A803A69A6235B00D2583B681A603A6931
:10850000AE235B00D2583B6A1A603A69B8235B001D
:10851000D2587B6A1A60E5E03A6995235B00D25A2B
:108520007B681A803A69A6235B00D2583B681A60C0
:108530003A69B0235B00D2583B6A1A603A69BA23A1
:108540005B00D2587B6A1A60CCE03A6993235B00E7
:10855000D25A7B681A803A699A235B00D2583B68EA
:108560001A603A69AA235B00D2583B6A1A603A69DA
:10857000B4235B00D2587B6A1A60B3E03A69942353
:108580005B00D25A7B681A803A69A2235B00D258FA
:108590003B681A603A69AC235B00D2583B6A1A60A8
:1085A0003A69B6235B00D2587B6A1A609AE03A694E
:1085B00094235B00D25A7B681A803A69A4235B003B
:1085C000D2583B681A603A69AC235B00D2583B6AC8
:1085D0001A603A69B6235B00D2587B6A1A6081E060
:1085E0003A6994235B00D25A7B681A803A69A023C7
:1085F0005B00D2583B681A603A69AC235B00D258E2
:108600003B6A1A603A69B6235B00D2587B6A1A60EB
:1086100068E03A6993235B00D25A7B681A803A6912
:108620009E235B00D2583B681A603A69AA235B001C
:10863000D2583B6A1A603A69B4235B00D2587B6A0D
:108640001A604FE03A6993235B00D25A7B681A8024
:108650003A699C235B00D2583B681A603A69AA23A6
:108660005B00D2583B6A1A603A69B4235B00D25867
:108670007B6A1A6036E03A6993235B00D25A7B68C2
:108680001A803A699E235B00D2583B681A603A69A7
:10869000AA235B00D2583B6A1A603A69B4235B0094
:1086A000D2587B6A1A601DE03A6996235B00D25A61
:1086B0007B681A803A699E235B00D2583B681A6037
:1086C0003A69AA235B00D2583B6A1A603A69B4231C
:1086D0005B00D2587B6A1A6004E01723FB18FC2267
:1086E0001A70C0461723FB181B785BB21800BD46F2
:1086F00006B080BD88390408B0B598B006AFF86000
:10870000080011007B600B243B19021C1A7008231F
:10871000FB180A1C1A804723FB1800221A70FB68FA
:108720003B64FB68F24A94466344FB633B6C8722DC
:10873000920094466344BB633B6CEE4A94466344A8
:108740007B633B6CBB229200944663443B633B6C6F
:10875000E94A94466344FB623B6CCF229200944604
:108760006344BB623B6CD5229200944663447B62B7
:108770003B6CDA229200944663443B623B6CC2330A
:10878000FB613B6CF833BB613B6CDC4A9446634451
:108790007B613B6C3A1912785A703B6CBA6DDA60A7
:1087A0003B6CFA6D1A613B6C3A6E5A61FB680321AF
:1087B000180006F0A9FA3B191B78272B00D929E3EA
:1087C0009A00CF4BD3181B689F464723FC18BD6AFD
:1087D000FA6A396B786BFB690393BB6902933B6A56
:1087E00001937B6A00932B0004F0E4FB03002370E9
:1087F00015E34723FC18BD6AFA6A396B786BFB698D
:108800000393BB6902933B6A01937B6A00932B003D
:1088100004F04CFD0300237001E34723FC18BD6AFC
:10882000FA6A396B786BFB690393BB6902933B6A05
:1088300001937B6A00932B0004F084FD03002370F6
:10884000EDE24723FC18BD6AFA6A396B786BFB6965
:108850000393BB6902933B6A01937B6A00932B00ED
:1088600004F0BCFD03002370D9E24723FC18BD6A65
:10887000FA6A396B786BFB690393BB6902933B6AB5
:1088800001937B6A00932B0004F0D8FD0300237052
:10889000C5E24723FC18BD6AFA6A396B786BFB693D
:1088A0000393BB6902933B6A01937B6A00932B009D
:1088B00004F0F4FD03002370B1E24723FC18BD6A05
:1088C000FA6A396B786BFB690393BB6902933B6A65
:1088D00001937B6A00932B0004F025FE03002370B4
:1088E0009DE24723FC18BD6AFA6A396B786BFB6915
:1088F0000393BB6902933B6A01937B6A00932B004D
:1089000004F056FE0300237089E24723FC18FD6A39
:108910003A6B796BB86BFB690493BB6903933B6A51
:1089200002937B6A0193BB6A00932B0004F05FFF04
:108930000300237073E24723FC18FD6A3A6B796BDE
:10894000B86BFB690493BB6903933B6A02937B6A30
:108950000193BB6A00932B0004F0E6FF0300237031
:108960005DE24723FC18FD6A3A6B796BB86BFB69D3
:108970000493BB6903933B6A02937B6A0193BB6ACE
:1089800000932B0005F03CF80300237047E24723D7
:10899000FC18FD6A3A6B796BB86BFB690493BB6991
:1089A00003933B6A02937B6A0193BB6A00932B009B
:1089B00005F055F80300237031E24723FC18FD6AE7
:1089C0003A6B796BB86BFB690493BB6903933B6AA1
:1089D00002937B6A0193BB6A00932B0005F0ABF80E
:1089E000030023701BE24723FC18FD6A3A6B796B86
:1089F000B86BFB690493BB6903933B6A02937B6A80
:108A00000193BB6A00932B0005F01CFF0300237049
:108A100005E24723FC18FD6A3A6B796BB86BFB697A
:108A20000493BB6903933B6A02937B6A0193BB6A1D
:108A300000932B0005F064FF03002370EFE1472350
:108A4000FC18FD6A3A6B796BB86BFB690493BB69E0
:108A500003933B6A02937B6A0193BB6A00932B00EA
:108A600005F0ACFF03002370D9E14723FC18FD6A31
:108A70003A6B796BB86BFB690493BB6903933B6AF0
:108A800002937B6A0193BB6A00932B0006F0EAF81D
:108A900003002370C3E14723FC18FD6A3A6B796B2E
:108AA000B86BFB690493BB6903933B6A02937B6ACF
:108AB0000193BB6A00932B0005F06CF80300237050
:108AC000ADE14723FC18FD6A3A6B796BB86BFB6923
:108AD0000493BB6903933B6A02937B6A0193BB6A6D
:108AE00000932B0005F0EAF80300237097E1C046DD
:108AF000B02000000603000026030000F813000069
:108B0000283A04084723FC18FD6A3A6B796BB86B66
:108B1000FB690493BB6903933B6A02937B6A0193ED
:108B2000BB6A00932B0005F06FF90300237076E118
:108B30004723FC18FD6A3A6B796BB86BFB690493A9
:108B4000BB6903933B6A02937B6A0193BB6A009300
:108B50002B0005F0C2F90300237060E14723FC18E5
:108B6000FD6A3A6B796BB86BFB690493BB6903933D
:108B70003B6A02937B6A0193BB6A00932B0005F06A
:108B8000DBF9030023704AE14723FC18FD6A3A6BC6
:108B9000796BB86BFB690493BB6903933B6A0293DF
:108BA0007B6A0193BB6A00932B0005F06BFA03000C
:108BB000237034E14723FC18FD6A3A6B796BB86B7C
:108BC000FB690493BB6903933B6A02937B6A01933D
:108BD000BB6A00932B0005F0BEFA030023701EE170
:108BE0004723FC18FD6A3A6B796BB86BFB690493F9
:108BF000BB6903933B6A02937B6A0193BB6A009350
:108C00002B0005F0D7FA0300237008E14723FC1876
:108C1000FD6A3A6B796BB86BFB690493BB6903938C
:108C20003B6A02937B6A0193BB6A00932B0005F0B9
:108C3000EFFB03002370F2E04723FC18FD6A3A6B58
:108C4000796BB86BFB690493BB6903933B6A02932E
:108C50007B6A0193BB6A00932B0005F042FC030082
:108C60002370DCE04723FC18FD6A3A6B796BB86B24
:108C7000FB690493BB6903933B6A02937B6A01938C
:108C8000BB6A00932B0005F05BFC03002370C6E079
:108C90004723FC18FD6A3A6B796BB86BFB69049348
:108CA000BB6903933B6A02937B6A0193BB6A00939F
:108CB0002B0005F07DFC03002370B0E04723FC1877
:108CC000FD6A3A6B796BB86BFB690493BB690393DC
:108CD0003B6A02937B6A0193BB6A00932B0005F009
:108CE000ECFC030023709AE04723FC18FD6A3A6B02
:108CF000796BB86BFB690493BB6903933B6A02937E
:108D00007B6A0193BB6A00932B0005F072FD0300A0
:108D1000237084E04723FC18BD6AFA6A396B786BCC
:108D2000FB690393BB6902933B6A01937B6A0093DF
:108D30002B0005F0A1FE0300237070E04723FC1810
:108D4000BD6AFA6A396B786BFB690393BB6902935E
:108D50003B6A01937B6A00932B0004F007FD03003C
:108D600023705CE04723FC18BD6AFA6A396B786BA4
:108D70007B690493FB690393BB6902933B6A01938C
:108D80007B6A00932B0004F08BFC0300237046E009
:108D90004723FC18BD6AFA6A396B786B7B690493C8
:108DA000FB690393BB6902933B6A01937B6A00935F
:108DB0002B0004F042FC0300237030E04723FC1832
:108DC000BD6AFA6A396B786B7B690493FB6903931C
:108DD000BB6902933B6A01937B6A00932B0004F00A
:108DE00092FC030023701AE04723FC18FD6A3A6BDB
:108DF000796BB86BFB690493BB6903933B6A02937D
:108E00007B6A0193BB6A00932B0005F079FA03009B
:108E1000237004E04723FB18FC221A70C046472346
:108E2000FB181B785BB2002B08D17B6B08217A18EA
:108E300012881A803B6C7A1812881A834722BB1852
:108E40001B785BB2002B08D1BC18FB6DBA6D79683A
:108E5000F868FFF7BDF8030023704722BB181B78A2
:108E60005BB2002B08D1BC183A6EFB6811001800E9
:108E7000FFF74AF8030023703B6CC3229B5C01336D
:108E8000DAB2FB6BD533FF331900100006F0A4FBF8
:108E90004723FB181B785BB21800BD4612B0B0BD6B
:108EA00090B58DB006AF78600A00FB1C1A701723CE
:108EB000FB1800221A707B683B613B69894A944623
:108EC0006344FB603B69C233BB603B69FA1C1278A8
:108ED0009A70FB1C1B780B2B00D9E1E09A00824BA7
:108EE000D3181B689F461723FC18BA68FB6811004B
:108EF000180011F0A7F903002370D1E01723FC1824
:108F0000BB6804930F2303930F2302930123019360
:108F100001230093082301220121082011F0E7F822
:108F200003002370BCE01723FC18BB6804930723DD
:108F300003930F2302930223019308230093042336
:108F400001220121082011F0D2F803002370A7E0CC
:108F50001723FC18BB6804930F2303930723029382
:108F600001230193012300930823022208210420F6
:108F700011F0BDF80300237092E01723FC18BB68C2
:108F800004930723039307230293022301930823E7
:108F90000093042302220821042011F0A8F8030002
:108FA00023707DE01723FC18BB680493042303930C
:108FB0000423029303230193052300930223032236
:108FC0000521022011F093F80300237068E01723B5
:108FD000FC18BB6804930323039303230293042325
:108FE000019304230093022304220421022011F0A0
:108FF0007EF80300237053E01723FC18BB6804932A
:109000000323039303230293052301930323009374
:10901000022305220321022011F069F803002370C6
:109020003EE01723FC18BB68049304230393042336
:1090300002930B2301930123009303230B220121AD
:10904000032011F054F80300237029E01723FC18C3
:10905000BB68049303230393032302930D2301931B
:109060000123009302230D220121022011F03FF879
:109070000300237014E01723FC18BB680493032338
:1090800003930323029301230193012300930823F5
:1090900001220121082011F02AF803002370C046A4
:1090A000BB685B78002B04D13B69104A00219954BE
:1090B0000FE0BB685B78042B07D8BB685B78013393
:1090C000D9B23B69094A995403E03B69074A062132
:1090D00099541723FB181B785BB21800BD4607B0E4
:1090E00090BDC04626030000C83A040827030000CC
:1090F00080B584B000AF786039600F217B18002202
:109100001A707B68BB60BB68054A9A5A3B681A8034
:109110007B181B785BB21800BD4604B080BDC0460A
:109120004603000080B584B000AF78600A00BB1C25
:109130001A800F203B1800221A707B68BB60BB6846
:10914000BA1C054912885A523B181B785BB21800AA
:10915000BD4604B080BDC0464603000080B584B063
:1091600000AF786039600F217B1800221A707B688D
:10917000BB60BA68D2239B00D25A3B681A807B1826
:109180001B785BB21800BD4604B080BD80B584B0CA
:1091900000AF78600A00BB1C1A800F203B18002229
:1091A0001A707B68BB60BA68B91CD2239B0009881F
:1091B000D1523B181B785BB21800BD4604B080BD8D
:1091C000F0B5D3B000AF786008001100DC4BA424E8
:1091D00064001B19DB19021C1A70DA4B20001B18E3
:1091E000DB190A1C1A704824FF343B1900221A703C
:1091F0007B689C2149007A1813607B68D24A9446A8
:1092000063449A225200BD182B607B181B68B82556
:10921000AD00AC46634498256D007D192B607B182A
:109220001B68483396256D007D192B607B181B68E1
:10923000C64DAC46634494256D007D192B607B18A8
:109240001B68C34DAC46634492256D007D192B60AD
:109250007B181B68CF25AD00AC46634490256D009C
:109260007D192B607B181B68D525AD00AC46634487
:109270008E256D007D192B607B181B68DA25AD00EB
:10928000AC4663448C256D007E1933607B181B68E7
:109290002C338A267600BE1933607B181B6848334E
:1092A00088267600BE1933600C23FB18A0267600B2
:1092B000BE1933609F235B00FB1800221A809E2397
:1092C0005B00FB1800221A8087235B00FB1800223A
:1092D0001A8086235B00FB1800221A807B181B680B
:1092E000974A1618F2191278DA707B191B681B79E5
:1092F0005BB20F2213405AB2914B1B18DB191B783B
:109300005BB213435BB2DAB27B191B681A717B182C
:109310001B6832229B5C36339B000D0079180A686B
:10932000D3189A1D26003C197B6811001800FEF71F
:10933000CFFF030023707B191B68C3229B5C002BAB
:1093400018D07B191B6832229B5C1A0013009B000B
:109350009B185B00A133FF339A225200BA1812689F
:10936000D3189A1CBC197B681100180001F042FD4B
:10937000030023709C2149007B181A68DB239B00A3
:10938000D35C1A000223134010D17B181A68A9235A
:109390009B00D35C012B09D108007B181A68AB2312
:1093A0009B00D15A3B181B686A4A99529C2149007C
:1093B0007B181B68684A9B5CFF2B04D17B181B68D9
:1093C000654A002199549C2040003B181B68634A61
:1093D0009B5C012B3BD13B181B685F4A9B5C002BBD
:1093E00035D13B181A68CA239B00D15C3B181B6817
:1093F0005B4A99543B181A68CA239B002021D15418
:109400003B181B68574A9B5C1A00602313400BD122
:10941000882149007B181B6816229B5E9B001AB2AC
:109420007B181B685A8205E088235B00FB181B68C9
:1094300000225A82434BA42252009B18DB191B784E
:10944000042B04D83F4B9B18DB1905221A709C2073
:1094500040003B181B68414A9B5C012B15D13B180F
:109460001B683D4A9B5C012B0FD13B181B683C4A93
:10947000995C3B181A68CA239B00D154314BA42233
:1094800052009B18DB1906221A704822FF32BB18C3
:109490001B785BB2002B06D1BC187B68180008F063
:1094A000BBFB03002370274BA42252009B18DB193F
:1094B0001B78062B28D89A002B4BD3181B689F4685
:1094C0009E235B00FB1801221A8023E09E235B0091
:1094D000FB180D221A801DE09E235B00FB1824223E
:1094E0001A8017E09E235B00FB1844221A8011E0CB
:1094F0009E235B00FB185A221A800BE09E235B0020
:10950000FB1871221A8005E09E235B00FB18832262
:109510001A80C04686235B00FB189E225200BA18B0
:10952000128888218A1A1A800C23FB18A022520064
:10953000BA1813609F235B00FB1800221A8025E0F5
:10954000BBFEFFFFBAFEFFFFB020000006030000D5
:10955000260300001E030000FA130000F9130000A8
:10956000FB13000065030000F83A0408A02149003D
:109570007B181B685A1C79180A6000221A709F21F8
:1095800049007B181A887B1801321A809F235B00E0
:10959000FA1886235B00FB1812881B889A42E5D3D1
:1095A000BE4BA42252009B18DB191B78052B20D937
:1095B0004820FF303B181B785BB2002B19D1872461
:1095C00064003B199E225200BA18128801218A1A9F
:1095D0001A803B191B880C22BA18D2183C18982301
:1095E0005B00FB181B680B2118000EF0E6FB030064
:1095F0002370AA4BA42252009B18DB191B78042B62
:1096000020D94820FF303B181B785BB2002B19D1C2
:10961000872464003B199E225200BA1812880D213B
:109620008A1A1A803B191B880C22BA18D2183C18C7
:1096300096235B00FB181B68172118000EF0B1FC85
:1096400003002370954BA42252009B18DB191B7852
:10965000032B20D94820FF303B181B785BB2002B2E
:1096600019D1872464003B199E225200BA1812882F
:1096700024218A1A1A803B191B880C22BA18D21886
:109680003C1894235B00FB181B68202118000EF087
:10969000DEFD03002370814BA42252009B18DB19CE
:1096A0001B78022B20D94820FF303B181B785BB277
:1096B000002B19D1872464003B199E225200BA184E
:1096C000128844218A1A1A803B191B880C22BA1866
:1096D000D2183C1892235B00FB181B681621180057
:1096E0000EF09FFE030023706C4BA42252009B18C7
:1096F000DB191B78012B20D94820FF303B181B7841
:109700005BB2002B19D1872464003B199E225200C2
:10971000BA1812885A218A1A1A803B191B880C22FF
:10972000BA18D2183C1890235B00FB181B6817214D
:1097300018000EF001FF03002370584BA4225200C2
:109740009B18DB191B78002B49D04823FF33FB18EB
:109750001B785BB2002B42D187235B00FB189E2253
:109760005200BA18128871218A1A1A808C235B0061
:10977000FB181B681B791A00202313401BD08A2179
:1097800049007B181B681B7901221343DAB28E2033
:1097900040003B181B681A707B181B681B7901225C
:1097A0001343DAB23B181B681A737B181B681A79CB
:1097B0003B181B689A7487235B00FB181B880C22DC
:1097C000BA18D2184823FF33FC188E235B00FB180D
:1097D0001B68122118000EF038FF03002370482088
:1097E000FF303B181B785BB2002B19D18724640033
:1097F0003B199E225200BA18128883218A1A1A80B5
:109800003B191B880C22BA18D2183C188C235B0019
:10981000FB181B68052118000EF0A3FF030023703E
:109820004822FF32BB181B785BB2002B10D1862375
:109830005B00FB181D88BC180C23FA189E235B00E4
:10984000FB18198878682B00FAF712FF03002370C1
:109850004822FF32BB181B785BB2002B06D1BC1824
:109860007B68180005F080FA030023704822FF325D
:10987000BB181B785BB2002B06D1BC187B681800A4
:1098800005F044FC030023704823FF33FB181B78CA
:109890005BB21800BD4653B0F0BDC046BAFEFFFF34
:1098A00090B587B000AF786017203B1800221A707F
:1098B0007B683B617B68294A94466344FB603A6954
:1098C000DB239B00D35C5BB20F2213405BB2802290
:1098D000524213435BB2D9B23A69DB239B00D154A5
:1098E0003B69DA2292009A183C187B681100180034
:1098F0000EF077FF030023703A69DB239B00D35CF3
:109900000F221340D9B23A69DB239B00D1547B6804
:109910000321180005F0F8F93B69C3229B5C013371
:10992000DAB2FB68D533FF331900100005F054FE9E
:109930007B68180005F08EFE3B69094A9B5C012B91
:1099400003D17B68180009F02FFB1723FB181B7845
:109950005BB21800BD4607B090BDC046B020000005
:10996000F9130000B0B5C8B000AF78600A00754BBD
:10997000902149005B18DB191A702023FF33FB1874
:1099800000221A707B688C225200B8180360BB1842
:109990001B686D48844663448A2040003818036081
:1099A000BB181B689A20400184466344882040000D
:1099B00038180360BB181B68644A944663448622C7
:1099C0005200BA181360852040003B1888221A8084
:1099D00084235B00FB1800221A808E2464003B194C
:1099E00000221A80574B5B18DB191B78012B09D01A
:1099F000022B12D13B193A181288872149008A1A82
:109A00001A8010E08E235B00FB1885225200BA18E2
:109A10001288D5218A1A1A8005E08E235B00FB1874
:109A20002C221A80C0462022FF32BB181B785BB262
:109A3000002B10D18E235B00FB181D88BC18082357
:109A4000FA1885235B00FB18198878682B00FAF751
:109A500053FE030023703B4B902252009B18DB19EE
:109A60001B78012B20D92020FF303B181B785BB2DC
:109A7000002B19D1842464003B1985225200BA18A6
:109A80001288D6218A1A1A803B191B880822BA1814
:109A9000D3183C1886225200BA18126819003820D0
:109AA0000FF036F803002370264B902252009B18CB
:109AB000DB191B78002B20D02020FF303B181B78AF
:109AC0005BB2002B19D1842464003B19852252001B
:109AD000BA181288B4218A1A1A803B191B880822E6
:109AE000BA18D3183C1888225200BA181268190004
:109AF00021200EF0A4FF030023702021FF317B18EA
:109B00001B785BB2002B14D1842040003B1800224C
:109B10001A803B181B880822BA18D3187C188A228E
:109B20005200BA18126819002C200EF08BFE0300A8
:109B300023702023FF33FB181B785BB21800BD464F
:109B400048B0B0BDE3FEFFFF6E03000064130000E9
:109B5000F0B5CE46474680B5A1B006AFF8607A6052
:109B60000B23FB180A1C1A706723FB1800221A70BB
:109B7000FB683B66FB68B54A94466344FB65FB6D36
:109B8000BB65FB6DD933FF337B653B6E2C333B6587
:109B90003B6EC233FB64FB6DCC229200944663445F
:109BA000BB641423FB187B643B6E872292009446AF
:109BB00063443B643B6EA522920094466344FB637E
:109BC0003B6EA34A94466344BB633B6EF322920010
:109BD000944663447B633B6E48333B63FB6DCB220F
:109BE000920094466344FB623B6E9A4A94466344F7
:109BF000BB623A6EBE235B00D35C012B06D1FB68CF
:109C0000954A9B5C012B01D1012200E00022272311
:109C1000FB181A703A6EDB239B00D35C1A000223F8
:109C2000134000D140E33B6EF32292009A1867255F
:109C30007C19FB681100180000F0A6FC03002370DB
:109C400028003B181B785BB2002B1BD17B6BDB7AA7
:109C5000002B17D126243B193A6E3921525C1A7019
:109C60003B191B781B01FA6AD3181A1D3B6EF321AE
:109C700089008C4663443C181900100006F031FB43
:109C8000030023706723FB181B785BB2002B00D006
:109C900091E213243A19FB681100180009F0E4FA64
:109CA0002200BB181B78002B02D1BB1801221A70AE
:109CB0001323FB181A7825217B18013A1A702723E1
:109CC000FB181B78002B07D07B181A78BB6A02326E
:109CD0009200D258FB6B1A603B6EBA229A5A3B6CC8
:109CE000DA83FB6B1A68FB6B12215B5E19001000B4
:109CF00006F0BCF902003B6CDA62FB6B04229A5E50
:109D00003B6C1A86FB6B06229A5E3B6C5A863B6C58
:109D100099793B6E514A99543B6CD9683A6E9823B5
:109D20009B00D1503B6C59693A6E99239B00D150EE
:109D30003B6E4B4A995A3A6E9D239B00D1523B6E23
:109D4000484A995C3B6E484A9954FB6B1C229A5EC8
:109D50003B6CDA86FB6B1A229A5E3B6C9A86FB6B35
:109D6000DA8B3B6C1A87FB6B1A8C3B6C5A873B6E09
:109D70003E4A9A183B6EE133FF331900100005F09C
:109D80000FFB3B6E5B79032B4ED000DD74E0012BA3
:109D900002D0022B32D06FE024243B193A6E3149B5
:109DA000525C1A703B6B14269E5F3B6B16229B5EC7
:109DB0009C463B6E2E4A9B5C98463B6E2D4A9B5CB4
:109DC00099467B6BA8229B5C7A6BA921525C396E09
:109DD0009C31386EE130FF303C192478A4B23D6CE0
:109DE0001C350595049403900291019200934B4613
:109DF00042466146300007F036FA41E026203B1823
:109E00003A6E3921525C1A703B181A78F86DEB23C0
:109E100099001300DB009B1A9B00C3185B181B689A
:109E20001AB23B6C9A832BE03B6C1C331A003B6EDE
:109E300011001800FDF7B0F83B6C1C229B5E9BB232
:109E40009B009BB21AB23B6C9A8319E0B0200000D1
:109E5000F813000044120000D42400005D0200004A
:109E60000603000039030000760200009A03000098
:109E7000CA030000CB0300003B6C00229A83C0465B
:109E800067257B191B785BB2002B00D095E17B6BBB
:109E9000A822985C7B6BA922995C3B6EE133FF336F
:109EA0001A003B6EDE4C1B5D1C003B6EDD4EB44663
:109EB00063440093230007F00EFC3B6E99793B6EE0
:109EC00039229A5C7C197B6CF86800F0D7FF03009C
:109ED00023702C007B191B785BB2002B00D06EE145
:109EE0003B6E97229200904698443B6E87229200E8
:109EF000914699443B6EF3229200944663443A6E35
:109F0000C9498C466244396EC84884466144386EFB
:109F1000C74DAC4660443C197D6CAC46FE68BD6DD7
:109F2000059513257D1904950390029101920093E4
:109F30004B46424661463000FAF732FE030023707A
:109F40002723FB181B78002B75D013257B191B7852
:109F5000012B70D96623FB1800221A7066E0662573
:109F60007B191B784C2253431033BA6DD31804333A
:109F70003B623B6A5A6A13243B191B781900100094
:109F8000D6F7E8F803001A003B6A5A623B6A9A6AFD
:109F90003B191B7819001000D6F7DCF803001A00F3
:109FA0003B6A9A623B6ADA6A3B191B781900100017
:109FB000D6F75AF903001A003B6ADA623B6A1B8E35
:109FC0001A003B191B7819001000D6F74DF9030051
:109FD0009AB23B6A1A863B6A5B8E1A003B191B7861
:109FE00019001000D6F740F903009AB23B6A5A866E
:109FF0003B6A9B8E1A003B191B7819001000D6F79C
:10A0000033F903009AB23B6A9A863B6A9A6B3B1912
:10A010001B7819001000D6F79DF803001A003B6A60
:10A020009A637B191A787B1901321A706623FB1820
:10A030001B78032B93D96722BB181B785BB2002BCC
:10A0400000D0BEE03B6E8721890058183B6EF3219B
:10A0500089005918BB6D0E331500BC181A0007F0A3
:10A06000C6F80300237028003B181B785BB2002B56
:10A0700000D0A8E026257B193A6E3921525C1A706F
:10A080007B191B781B01FA6AD318191D7B191A78E2
:10A0900013001B019B189B00D133FF33FA6DD318BB
:10A0A00008331A0006003C18BB6DF86806F06EFB1A
:10A0B0000300237030003B181B785BB2002B00D0EC
:10A0C00083E07B193A6E3921525C1A707B191B7838
:10A0D0001B01FA6AD318191D7B191A7813001B018A
:10A0E0009B189B00D133FF33FA6DD31808331A0045
:10A0F000BB6D4533FF3306003C18F86807F011F8D4
:10A1000003002370BB191B785BB2002B5FD17B1956
:10A110003A6E3921525C1A70FB6A05221A703B6E46
:10A12000C3229B5C0133DAB2FB6A5A707B6B7A19EB
:10A1300012789A70FA6DEA235B00D35C7A19127870
:10A140009A4222D27B191B781B01FA6AD318043376
:10A15000BB647B6B5A78BB6C1A707B6BDA7ABB6C16
:10A160005A707B6B7C229A5ABB6C5A807B6B842220
:10A170009A5CBB6C1A717B6B88229A58BB6C9A6094
:10A180007B6BA0229A58BB6CDA606723FB181B78A4
:10A190005BB2002B1DD13B6EF322920098183B6EF0
:10A1A000244A9A183B6E9A2149018C466344B96D42
:10A1B00007F08BFC0EE0C0460CE0C0460AE0C0464B
:10A1C00008E0C04606E0C04604E0C04602E0C046E3
:10A1D00000E0C046FB6C5B78002B4ED03B6DDB791A
:10A1E000062B0ED06722BB181B785BB2002B08D160
:10A1F000BC18BA6DFB681100180007F04BFD030096
:10A2000023706623FB1800221A7024E03B6E2E2276
:10A210009B5C1A00012313400ED003200DE0C046C2
:10A220003903000072020000240500000814000039
:10A23000081A00006E030000012066243B191B78F9
:10A24000FA6C3021D3185B18021C1A703B191A786B
:10A250003B1901321A706623FB181B78042BD5D9E1
:10A260006722BB181B785BB2002B06D1BC18FB68B9
:10A27000180007F0A7FD030023706722BB181B78A6
:10A280005BB2002B06D1BC18FB68180008F002FA7C
:10A29000030023702723FB181B78002B60D0BB6AB8
:10A2A0009A68FB6B1A605BE06722BB181B785BB295
:10A2B000002B0AD1BC180B23FB181A78FB6811007D
:10A2C0001800FFF74FFB030023706723FB181B7870
:10A2D0005BB2002B0DD13B6EB8229B5A18003B6E2F
:10A2E000964A99183B6E9A2252019A18BB6D00F05B
:10A2F000F3FBBB6B5B78012B32D16722BB181B7859
:10A300005BB2002B0ED1BB6B9B78002B0AD1BC1823
:10A31000FB68180008F0B6FE03002370BB6B012237
:10A320009A700CE06723FB181B785BB2002B06D1F8
:10A33000BB6B9B78012B02D1BB6B02229A70BB6B6B
:10A340009B78FF2B0CD06722BB181B785BB2002BCD
:10A3500006D1BC18FB68180008F0EEFE030023705D
:10A360003B6E2C229A5CBB6D1A703B6E33229A5C5A
:10A37000BB6D5A703B6E39229A5CBB6D9A70672335
:10A38000FB181B785BB2002B00D0B8E0FA6DEA2313
:10A390005B000521D1543B6EC3229B5C0133D9B2D3
:10A3A000FA6DD623FF33D15426203B183A6E39215B
:10A3B000525C1A70FA6DEA235B00D35C3A1812788B
:10A3C0009A4200D39BE03B181A7813001B019B189C
:10A3D0009B00D133FF33FA6DD31808337B65BB6D17
:10A3E0001A787B6D1A70BB6D5A787B6D5A70BB6D95
:10A3F0009A787B6D9A70BB6DDA787B6DDA70BA6D86
:10A40000B4235B00D2587B6D9A63BA6DB6235B00B0
:10A41000D2587B6DDA63BA6DC2235B00D15A7B6D73
:10A4200040229952BA6DC7235B00D15C7B6D4222FA
:10A430009954BB6D5A7C7B6D1A71BB6D9A7C7B6D98
:10A440005A716623FB1800221A7051E066257B19A9
:10A450001B787A191278B96D4C204343CB183833E6
:10A460001968786D13005B009B189B00C3180833B4
:10A4700019607B191B787A191278B96D4C20434307
:10A48000CB183C331968786D13005B009B189B0058
:10A49000C3180C3319607B191B787A191278B96DBF
:10A4A00054204C246343CB181B181888796D130073
:10A4B0005B009B189B00CB181033021C1A807B1981
:10A4C0001B787A191278B96D5E204C246343CB183F
:10A4D0001B181878796D13005B009B189B00CB1834
:10A4E0001233021C1A707B191A787B1901321A7008
:10A4F000BB6D9B7C6622BA1812789A42A6D3D023F1
:10A500005A00B96D7B68180011F0F7FC6722BB1880
:10A510001B785BB2002B06D1BC18FB68180004F056
:10A5200013FD030023706723FB181B785BB2180030
:10A53000BD461BB0C0BCB946B046F0BD6E030000BE
:10A5400090B585B000AF78600A00FB1C1A700F212F
:10A550007B1800221A700A00BB181B785BB2002B14
:10A5600009D1BC18FB1C19787B6803221800FEF780
:10A5700027FE030023700F23FB181B785BB2180023
:10A58000BD4605B090BD0000F0B5D3B000AF786017
:10A5900039604821FF317B1800221A707B689A22AB
:10A5A0005200B81803607B68E248844663449820F0
:10A5B00040003C182360BB181B68B824A400A446C4
:10A5C0006344962464003C192360BB181B68DA4C72
:10A5D000A4466344942464003C192360BB181B68A0
:10A5E000D64CA4466344922464003C192360BB18F3
:10A5F0001B68CF2292009446634490225200BA18FE
:10A6000013603B181B688E225200BA1813600C238B
:10A61000FB18A02040003A1813601C23FF33FB18DE
:10A6200000221A709F235B00FB1800221A808C23E3
:10A630005B00FB1800221A809E235B00FB1800229F
:10A640001A8000238A225200BA181360002388223D
:10A650005200BA1813603C23FF33FB1800221A7013
:10A660000023BB607B181B785BB2002B09D17C18E0
:10A670003B181A68786853238821FAF73DF80300DD
:10A680002370A0256D007B191B6819783B68782220
:10A6900099547B191B6859783B68792299547B1926
:10A6A0001B6899783B687A2299547B191B68D97882
:10A6B0003B687B2299547B191B68043319000220E4
:10A6C00005F0F5F9030019003B687C2299528C24AF
:10A6D00064003B194E221A803B191B880C22BA18C1
:10A6E000D31879190B607B191B681900022005F03B
:10A6F000DEF9030019003B687E22995220003B18C6
:10A7000050221A803B181B888D4AA424640011191A
:10A71000CA19D15C3B68802299543B687E22995AC1
:10A720009A267600BB191B68864A99523B6880229C
:10A73000995CBB191B68844A99543B1851221A80B2
:10A740003B181B887E4A1119CA19D25C1C26FF3699
:10A75000BB1992001A703B1852221A803B181B88B2
:10A76000774A1119CA19D15CBB19BA1912788A181B
:10A770001A703B184D221A803B181B88704A111919
:10A78000CA19B9190978D1543B1806221A803B1806
:10A790001B880C22BA18D3187A1913609F235B0008
:10A7A000FB1800221A801AE0A02464003B191B68E1
:10A7B0001900032005F04BFA01009F2040003B18D0
:10A7C0001A883B6806329200D1503B191B6803334C
:10A7D0003A1913603B181A883B1801321A809F23DC
:10A7E0005B00FB181B88172BDED90823FA18574982
:10A7F0007B68180000F0BAFB3B687B229B5C002B57
:10A8000016D19A2464003B191B68514A944663444C
:10A810009022D2000021180011F050FA3B191B6859
:10A820004C4A002199543B191B684B4A002199540A
:10A83000BB68012B05D13A687B6811001800FCF752
:10A84000D3FC9A2464003B191B6839229A5C3B684C
:10A850009A703B6800221A723B6818225A723B6851
:10A8600018229A72922040003B181B68D9783B68E6
:10A87000812299543B181B689B791B0199B23B6854
:10A88000822299523B6882229B5A94225200BA1823
:10A890001268127C9B1899B23B68822299529623C7
:10A8A0005B00FB181B68D9883B68862299523A687E
:10A8B0007B681100180005F0DBFD3B191B6838228E
:10A8C0009B5C002B16D1902040003B181B681B7925
:10A8D0001B029AB23B181B685B7919009E235B0030
:10A8E000FB1852181A803B181B6899793B68842220
:10A8F000995415E0902040003B181B68DB791B023F
:10A900009AB23B181B681B7A19009E235B00FB1848
:10A9100052181A803B181B68597A3B688422995454
:10A920003B680022DA723C23FF33FB1800221A70C6
:10A930002DE0C046B0200000060300002603000002
:10A94000C4FEFFFF64130000661300008D8000004A
:10A95000181C0000141C0000151C00003C23FF33D1
:10A96000FB181B783A68D3181B7B1A000723134087
:10A97000072B05D13B68DB7A0433DAB23B68DA7225
:10A980003C21FF317B181A787B1801321A703C2366
:10A99000FF33FB181B78052BE0D99E235B00FB18C7
:10A9A0001B88180005F0DFFB02003B6888215A5025
:10A9B0003B6886229B5A180008F0ACFC03008A20F2
:10A9C00040003A1813603B6888229B580133882462
:10A9D00064003A1913603B6882229B5A19003B19A4
:10A9E0001B68802212013818006808F0ADFC0200D4
:10A9F0003B688C215A503B689022002199503B685B
:10AA0000180008F0B2FD3B68180009F039FA9A21E5
:10AA100049007B181B682C229A5C3B681A707B18D3
:10AA20001B6833229A5C3B685A703B689B781A001B
:10AA300013009B009B185B00A133FF339822520048
:10AA4000BA181268D3180233862040003A181360EF
:10AA50003B181B68197A3B68A82299543B181B685D
:10AA6000597A3B68A92299548E2149007B181B68AA
:10AA700000221A743B6879229B5C1A001F23134042
:10AA800011229A4292415242D2B2002A18D1114A5E
:10AA9000DA401300012213405A1E9341DBB2002B0F
:10AAA0000ED03B6879229B5C1F221340DAB27B18E0
:10AAB0001B681A744823FF33FB18FA221A70C04629
:10AAC0004823FF33FB181B785BB21800BD4653B018
:10AAD000F0BDC0460E20020080B58AB000AFF8601D
:10AAE000B9607A603B6027217B1800221A7000232E
:10AAF000BB610023FB613B6800229A70BB68DA7877
:10AB00003B68DA703B680022DA813B6804225A74A1
:10AB10003B6801229A741623FB18BA68128A1A80BD
:10AB20001423FB18BA68928A1A801223FB18BA6899
:10AB3000528A1A807B1800221A700DE027217B1898
:10AB40001B783A685B00D318043300221A807B1804
:10AB50001A787B1801321A702722BB181B78042B35
:10AB6000ECD93B6814333B62BB1800221A700CE12D
:10AB70003B6A2722BA1812781A703B6A00225A6080
:10AB8000BB68DB78002B0BD1BB685B781A001F23F6
:10AB90001340092B04D13B6A4A221321995407E040
:10ABA000BB685B781F221340D9B23B6A4A22995492
:10ABB0003B6A00221A723B6A00225A723B6A0022E8
:10ABC0009A723B6A0022DA723B6A00221A733B6A6D
:10ABD00000225A732723FB181B78002B02D0012B6D
:10ABE00064D0B2E0BB689B78072B05D13B6A122288
:10ABF000BA181288DA820DE0BB689B78082B05D161
:10AC00003B6A1422BA181288DA8203E0BB689A8879
:10AC10003B6ADA823B6A1622BA1812881A86BB6827
:10AC2000DA8A3B6A5A86BB681A893B6A9A86BB688D
:10AC30005B895B01FB61FA6980235B029A4201D365
:10AC4000694BFB61FB699AB23B6A9A87BB68998939
:10AC50003B6A40229952BB68DB89BB61BB69FA68D9
:10AC60005343BB61BB698022D20094466344BB61FD
:10AC7000BB69002B02DA5D4A94466344DB12BB6178
:10AC8000BB6919B23B6A462299527B685A683B6A93
:10AC90009A627B689A683B6ADA627B68DA683B6A28
:10ACA0009A617B681A683B6A5A624EE0BB681A8BED
:10ACB0003B6ADA82BB685A8B3B6A1A863B6A01227E
:10ACC00052425A86BB689A8B3B6A9A86BB68DB8B7A
:10ACD0005B01FB61FA6980235B029A4201D3424B1C
:10ACE000FB61FB699AB23B6A9A87BB68198C3B6A25
:10ACF00040229952BB685B8CBB61BB69FA685343C5
:10AD0000BB61BB698022D20094466344BB61BB69CE
:10AD1000002B02DA354A94466344DB12BB61BB69FF
:10AD200019B23B6A462299527B685A693B6A9A6219
:10AD30007B689A693B6ADA627B68DA693B6A9A6186
:10AD40007B681A693B6A5A62C0463B6A40229A5A3B
:10AD50003B6ADA873B6A4022995A3B6A42229952FF
:10AD60003B6A4622995E3B6A442299523B6A4622DC
:10AD7000995E3B6A482299523B6A4C333B622721D9
:10AD80007B181A787B1801321A702723FB181B785E
:10AD9000012B00D8ECE63B6800221A74BB685B7894
:10ADA0001A001F23134011229A4292415242D2B2FA
:10ADB000002A15D10E4ADA401300012213405A1E10
:10ADC0009341DBB2002B0BD0BB685B781F22134092
:10ADD000DAB23B681A743B685E2200219954C0467F
:10ADE000C046BD460AB080BDFFFF0000FF0700005F
:10ADF0000E20020080B586B000AF7860396017235E
:10AE0000FB1800221A707B683B613B692C33FB60A6
:10AE1000FB681B78052B0AD13A69CC239B000221E1
:10AE2000D1543B6899883B69074A995204E03A69D2
:10AE3000CC239B000121D1541723FB181B785BB254
:10AE40001800BD4606B080BD3603000080B584B052
:10AE500000AF78600A00FB1C1A700F217B180022DB
:10AE60001A707B68BB60BB68FA1C12789A717B18F9
:10AE70001B785BB21800BD4604B080BD90B589B0A8
:10AE800000AFF860080011007B600B243B19021C26
:10AE90001A700A23FB180A1C1A701F23FB180022C1
:10AEA0001A70FB68BB61FB682E4A944663447B6161
:10AEB0003B191B78032B05D046DC012B3BD0022B22
:10AEC00030D041E00A243B191A787869E6239900CA
:10AED0001300DB009B1A9B00C3185B181B689AB217
:10AEE0007B681A803B191A787869E7239900130068
:10AEF000DB009B1A9B00C3185B181B689AB27B6827
:10AF00005A807B69184A9B5E9AB27B689A807A69FC
:10AF1000E2239B00D25A7B68DA807B688022520051
:10AF20001A8116E0BB69AE3319007B680A2218004B
:10AF300010F0E3FF0DE0BB69A43319007B680A221F
:10AF4000180010F0DAFF04E01F23FB18FC221A702F
:10AF5000C0461F23FB181B785BB21800BD4609B022
:10AF600090BDC046B02000008603000080B588B0C8
:10AF700000AFF8607A600A203B180A1C1A801F2371
:10AF8000FB1800221A70FB68BB61BB698722920024
:10AF9000944663447B61BB699E229200944663445D
:10AFA0003B613B181B88EE4A94466344BD2B01D994
:10AFB00000F034FE9A00EB4BD3181B689F46BB6928
:10AFC000F8229B5A1A007B681A6000F02FFEBB69BA
:10AFD000FA229B5A1A007B681A6000F027FEBB69B0
:10AFE000FC229B5A1A007B681A6000F01FFE7B69E6
:10AFF0001B781A007B681A6000F018FE7B695B788A
:10B000001A007B681A6000F011FE7B699B781A00B9
:10B010007B681A6000F00AFE7B69DB781A007B68A7
:10B020001A6000F003FE7B691B791A007B681A60C6
:10B0300000F0FCFD7B695B791A007B681A6000F008
:10B04000F5FD7B699B791A007B681A6000F0EEFDC4
:10B050007B69DA687B681A6000F0E8FD7B691B8910
:10B060001A007B681A6000F0E1FD7B691B8A1A00F8
:10B070007B681A6000F0DAFD7B695A697B681A60A8
:10B0800000F0D4FD7B691B7E1A007B681A6000F01B
:10B09000CDFD7B695B8B1A007B681A6000F0C6FDF2
:10B0A000BB69BA229B5A1A007B681A6000F0BEFD89
:10B0B0007B6922229B5C1A007B681A6000F0B6FD57
:10B0C0007B69DB8C1A007B681A6000F0AFFD7B693E
:10B0D00023229B5C1A007B681A6000F0A7FD7B6945
:10B0E0009B8C1A007B681A6000F0A0FDBA6982236D
:10B0F0005B00D35C1A007B681A6000F097FDBA69A8
:10B100000623FF33D35C1A007B681A6000F08EFDC3
:10B11000BA6983235B00D35C1A007B681A6000F075
:10B1200085FDBA690823FF33D35C1A007B681A6077
:10B1300000F07CFDBA6984235B00D35C1A007B6855
:10B140001A6000F073FDBA690A23FF33D35C1A005A
:10B150007B681A6000F06AFDBB69834A9B5E1A0037
:10B160007B681A6000F062FDBA69AC239B00D35E75
:10B170001A007B681A6000F059FDBA69AD239B0084
:10B18000D35A1A007B681A6000F050FD7B69DB8F90
:10B190001A007B681A6000F049FDBB69734A9B5A2C
:10B1A0001A007B681A6000F041FD7B693C229B5CC1
:10B1B0001A007B681A6000F039FDBB696C4A9B5E1F
:10B1C0001A007B681A6000F031FDBA6985235B00C4
:10B1D000D35C1A007B681A6000F028FDBA690C2362
:10B1E000FF33D35C1A007B681A6000F01FFDBA6958
:10B1F00086235B00D35A1A007B681A6000F016FDA4
:10B20000BB69B8229B5A1A007B681A6000F00EFDD9
:10B21000BA6987235B00D35C1A007B681A6000F070
:10B2200005FDBA6988235B00D35A1A007B681A604F
:10B2300000F0FCFCBA6989235B00D35A1A007B68D2
:10B240001A6000F0F3FCBA698A235B00D35A1A0033
:10B250007B681A6000F0EAFCBA698B235B00D35A62
:10B260001A007B681A6000F0E1FCBA698C235B006D
:10B27000D35A1A007B681A6000F0D8FCBA698D2393
:10B280005B00D35A1A007B681A6000F0CFFCBA69E1
:10B290008E235B00D35C1A007B681A6000F0C6FC4A
:10B2A000BA691E23FF33D35C1A007B681A6000F072
:10B2B000BDFCBA698F235B00D35C1A007B681A60FF
:10B2C00000F0B4FCBB692B4A9B5C1A007B681A60D7
:10B2D00000F0ACFCBA692023FF33D35C1A007B6812
:10B2E0001A6000F0A3FCBA692223FF33D35C1A0072
:10B2F0007B681A6000F09AFCBA6991235B00D35C0A
:10B300001A007B681A6000F091FCBA69AA239B00BE
:10B31000D35E1A007B681A6000F088FCBB69FE22CD
:10B320009B5C1A007B681A6000F080FCBB69FF22FE
:10B330009B5C1A007B681A6000F078FCBA69802375
:10B340005B00D35C1A007B681A6000F06FFCBA697E
:10B350000223FF33D35C1A007B681A6000F066FC9E
:10B360000080FFFF143B0408AE020000B2020000A0
:10B37000A6020000AA020000BA6981235B00D35C28
:10B380001A007B681A6000F051FCBA690423FF338D
:10B39000D35C1A007B681A6000F048FCBA699023FD
:10B3A0005B00D35C1A007B681A6000F03FFCBA694E
:10B3B00097239B00D35C1A007B681A6000F036FC70
:10B3C000BA699A239B00D35A1A007B681A6000F06E
:10B3D0002DFCBB69E34A9B5A1A007B681A6000F097
:10B3E00025FCBA699B239B00D35A1A007B681A601C
:10B3F00000F01CFCBB69DC4A9B5A1A007B681A608F
:10B4000000F014FCBA699C239B00D35A1A007B6895
:10B410001A6000F00BFCBA69BA239B00D35C1A00D7
:10B420007B681A6000F002FCBA6980239B00D35C41
:10B430001A007B681A6000F0F9FBBB69CB4A9B5C81
:10B440001A007B681A6000F0F1FBBA6981239B0047
:10B45000D3581A007B681A6000F0E8FBBA698223AF
:10B460009B00D35A1A007B681A6000F0DFFBBB69AF
:10B47000BF4A9B5A1A007B681A6000F0D7FBBA6972
:10B4800083239B00D35A1A007B681A6000F0CEFB1E
:10B490003B691B7C1A007B681A6000F0C7FB3B69A4
:10B4A00012229B5E1A007B681A6000F0BFFB3B69AA
:10B4B00014229B5E1A007B681A6000F0B7FB3B69A0
:10B4C0001B881A007B681A6000F0B0FB3B695B6860
:10B4D0001A007B681A6000F0A9FB3B69DB8A1A003E
:10B4E0007B681A6000F0A2FB3B691B8B1A007B682B
:10B4F0001A6000F09BFB3B699B681A007B681A602E
:10B5000000F094FB3B69DB681A007B681A6000F06E
:10B510008DFBBA69AE239B00D35A1A007B681A6070
:10B5200000F084FBBA69AF239B00D3581A007B68F4
:10B530001A6000F07BFBBA69B1239B00D3581A0054
:10B540007B681A6000F072FBBA69B0239B00D35885
:10B550001A007B681A6000F069FBBA69B2239B008D
:10B56000D35C1A007B681A6000F060FBBB69814AFB
:10B570009B5C1A007B681A6058E3BB697E4A9B5C3F
:10B580001A007B681A6051E3BA69B3239B00D35A4F
:10B590001A007B681A6049E3BA69B4239B00D35848
:10B5A0001A007B681A6041E3BA69B5239B00D3583F
:10B5B0001A007B681A6039E3BA69B7239B00D35A33
:10B5C0001A007B681A6031E3BA69B6239B00D3582E
:10B5D0001A007B681A6029E3BB69684A9B5A1A0003
:10B5E0007B681A6022E3BB69654A9B5C1A007B6832
:10B5F0001A601BE3BB69634A9B5C1A007B681A6094
:10B6000014E3BA6986239B00D35A1A007B681A6038
:10B610000CE3BA6992235B00D35A1A007B681A6064
:10B6200004E3BA6993235B00D35A1A007B681A605B
:10B63000FCE2BA6994235B00D35A1A007B681A6053
:10B64000F4E2BA6995235B00D35A1A007B681A604A
:10B65000ECE2BA6998235B00D3581A007B681A6041
:10B66000E4E2BA699A235B00D3581A007B681A6037
:10B67000DCE2BA699C235B00D3581A007B681A602D
:10B68000D4E2BA699E235B00D3581A007B681A6023
:10B69000CCE2BA69A0235B00D3581A007B681A6019
:10B6A000C4E2BA69A2235B00D3581A007B681A600F
:10B6B000BCE2BA69A4235B00D3581A007B681A6005
:10B6C000B4E2BA69A6235B00D3581A007B681A60FB
:10B6D000ACE2BA69A8235B00D3581A007B681A60F1
:10B6E000A4E2BA69AA235B00D3581A007B681A60E7
:10B6F0009CE2BA69AC235B00D3581A007B681A60DD
:10B7000094E2BA69AE235B00D3581A007B681A60D2
:10B710008CE2BA69B2235B00D3581A007B681A60C6
:10B7200084E2BA69B4235B00D3581A007B681A60BC
:10B730007CE2BA69B6235B00D3581A007B681A60B2
:10B7400074E2BA69B8235B00D3581A007B681A60A8
:10B750006CE2BA699D235B01D35A1A007B681A60B8
:10B7600064E2C0466A0200006E02000001020000AE
:10B770000A020000C9020000CA020000DE02000046
:10B780001102000012020000BB69D24A9B581A0045
:10B790007B681A604AE2BB69CF4A9B581A007B68F3
:10B7A0001A6043E2BB69CD4A9B5C1A007B681A6051
:10B7B0003CE2BB69CA4A9B581A007B681A6035E2B2
:10B7C000BB69C84A9B581A007B681A602EE2BB69A5
:10B7D000C54A9B581A007B681A6027E2BB69C34AB6
:10B7E0009B581A007B681A6020E2BB69C04A9B5CC8
:10B7F0001A007B681A6019E2BB69BE4A9B5E1A0098
:10B800007B681A6012E2BB69BB4A9B5E1A007B68C8
:10B810001A600BE2BB69B94A9B5C1A007B681A602C
:10B8200004E2BB69B64A9B5C1A007B681A60FDE1C2
:10B83000BA699E235B01D3581A007B681A60F5E150
:10B84000BB69B04A9B581A007B681A60EEE1BB697D
:10B85000AD4A9B581A007B681A60E7E1BB69AB4AA6
:10B860009B581A007B681A60E0E1BB69A84A9B5AA2
:10B870001A007B681A60D9E1BB69A64A9B5C1A0072
:10B880007B681A60D2E1BA69B0235B00D3581A0012
:10B890007B681A60CAE1BA69BA235B00D3581A0000
:10B8A0007B681A60C2E1BA6996235B00D35A1A001A
:10B8B0007B681A60BAE1BA69BC235B00D3581A00EE
:10B8C0007B681A60B2E1BA69BE235B00D35C1A00E0
:10B8D0007B681A60AAE1BA69C0235B00D3581A00DA
:10B8E0007B681A60A2E1BA69C2235B00D35C1A00CC
:10B8F0007B681A609AE1BB69874A9B581A007B688B
:10B900001A6093E1BA698623FF33D35C1A007B681F
:10B910001A608BE1BA69C3235B00D35E1A007B68AF
:10B920001A6083E1BA69C4235B00D35E1A007B68A6
:10B930001A607BE1BA69C5235B00D35E1A007B689D
:10B940001A6073E1BA69C6235B00D35E1A007B6894
:10B950001A606BE1BA69C7235B00D35E1A007B688B
:10B960001A6063E1BA69C8235B00D35E1A007B6882
:10B970001A605BE1BA69C9235B00D35E1A007B6879
:10B980001A6053E1BA69CA235B00D35E1A007B6870
:10B990001A604BE1BA69CB235B00D35E1A007B6867
:10B9A0001A6043E1BA69CC235B00D35E1A007B685E
:10B9B0001A603BE1BA69CD235B00D35E1A007B6855
:10B9C0001A6033E1BA69CE235B00D35E1A007B684C
:10B9D0001A602BE1BA69CF235B00D35E1A007B6843
:10B9E0001A6023E1BA69D0235B00D35E1A007B683A
:10B9F0001A601BE1BA69D1235B00D35E1A007B6831
:10BA00001A6013E1BA69D2235B00D35E1A007B6827
:10BA10001A600BE1BA69D3235B00D35E1A007B681E
:10BA20001A6003E1BA69D4235B00D35E1A007B6815
:10BA30001A60FBE0BA69D5235B00D35E1A007B680D
:10BA40001A60F3E0BA69D6235B00D35E1A007B6804
:10BA50001A60EBE0BA69D7235B00D35E1A007B68FB
:10BA60001A60E3E0BA69D8235B00D35E1A007B68F2
:10BA70001A60DBE0BA69D9235B00D35E1A007B68E9
:10BA80001A60D3E0BA69DA235B00D35E1A007B68E0
:10BA90001A60CBE0BA69DB235B00D35E1A007B68D7
:10BAA0001A60C3E0BA69DC235B00D35E1A007B68CE
:10BAB0001A60BBE0BA69DD235B00D35E1A007B68C5
:10BAC0001A60B3E0BA69DE235B00D35E1A007B68BC
:10BAD0001A60ABE0A4130000A8130000AC13000030
:10BAE000B0130000B4130000B8130000BC13000032
:10BAF000C4130000C6130000C8130000CA130000DE
:10BB00009E130000CC130000D0130000D4130000DB
:10BB1000D8130000F8130000DC130000BA69DF231B
:10BB20005B00D35E1A007B681A607FE0BA69E0238D
:10BB30005B00D35E1A007B681A6077E0BA69E12384
:10BB40005B00D35E1A007B681A606FE0BA69E2237B
:10BB50005B00D35E1A007B681A6067E0BA69E32372
:10BB60005B00D35E1A007B681A605FE0BA69E42369
:10BB70005B00D35E1A007B681A6057E0BA69E52360
:10BB80005B00D35E1A007B681A604FE0BA69E62357
:10BB90005B00D35E1A007B681A6047E0BA69E7234E
:10BBA0005B00D35E1A007B681A603FE0BA69E82345
:10BBB0005B00D35E1A007B681A6037E0BA69E9233C
:10BBC0005B00D35E1A007B681A602FE0BA69EA2333
:10BBD0005B00D35E1A007B681A6027E0BA69EB232A
:10BBE0005B00D35E1A007B681A601FE0BA69EC2321
:10BBF0005B00D35E1A007B681A6017E0BA69ED2318
:10BC00005B00D35E1A007B681A600FE0BA69EE230E
:10BC10005B00D35E1A007B681A6007E07B68074A06
:10BC20001A601F23FB18FC221A70C0461F23FB1842
:10BC30001B785BB21800BD4608B080BDFFFFFF7FD8
:10BC400080B588B000AFF8607A600A203B180A1C03
:10BC50001A801F23FB1800221A70FB68BB61BB69A6
:10BC600087229200944663447B61BB699E229200C6
:10BC7000944663443B613B181B88FB4A94466344EB
:10BC8000BD2B01D900F03EFD9A00F84BD3181B687C
:10BC90009F467B6899B2BB69F822995200F038FD43
:10BCA0007B6899B2BB69FA2299527B689BB20E2BD2
:10BCB00001D100F02CFD1F23FB18E5221A7000F0C3
:10BCC00026FD7B6899B2BB69FC22995200F020FDE9
:10BCD0007B68DAB27B691A7000F01AFD7B68DAB211
:10BCE0007B695A7000F014FD7B68DAB27B699A7048
:10BCF00000F00EFD7B68DAB27B69DA7000F008FDB7
:10BD00007B68DAB27B691A7100F002FD7B68DAB2F7
:10BD10007B695A7100F0FCFC7B68DAB27B699A712E
:10BD200000F0F6FC7B697A68DA6000F0F1FC7B6871
:10BD30009AB27B691A8100F0EBFC7B689AB27B694E
:10BD40001A8200F0E5FC7B697A685A6100F0E0FC39
:10BD50007B68DAB27B691A7600F0DAFC7B689AB20B
:10BD60007B695A8300F0D4FC7B6899B2BB69BA2224
:10BD7000995200F0CDFC7B68D9B27B69222299549C
:10BD800000F0C6FC7B689AB27B69DA8400F0C0FCE4
:10BD90007B68D9B27B692322995400F0B9FC7B6897
:10BDA0009AB27B699A8400F0B3FC7B68D9B2BA6915
:10BDB00082235B00D15400F0ABFC7B68D9B2BA6936
:10BDC0000623FF33D15400F0A3FC7B68D9B2BA69D3
:10BDD00083235B00D15400F09BFC7B68D9B2BA6925
:10BDE0000823FF33D15400F093FC7B68D9B2BA69C1
:10BDF00084235B00D15400F08BFC7B68D9B2BA6914
:10BE00000A23FF33D15400F083FC7B6819B2BB696D
:10BE1000974A995200F07CFC7B6819B2BA69AC234E
:10BE20009B00D15200F074FC7B6899B2BA69AD23D3
:10BE30009B00D15200F06CFC7B689AB27B69DA8778
:10BE400000F066FC7B6899B2BB698A4A995200F09F
:10BE50005FFC7B68D9B27B693C22995400F058FCA6
:10BE60007B6819B2BB69844A995200F051FC7B6827
:10BE7000D9B2BA6985235B00D15400F049FC7B68D4
:10BE8000D9B2BA690C23FF33D15400F041FC7B686E
:10BE900099B2BA6986235B00D15200F039FC7B6805
:10BEA00099B2BB69B822995200F032FC7B68D9B2D2
:10BEB000BA6987235B00D15400F02AFC7B6899B2F1
:10BEC000BA6988235B00D15200F022FC7B6899B2EA
:10BED000BA6989235B00D15200F01AFC7B6899B2E1
:10BEE000BA698A235B00D15200F012FC7B6899B2D8
:10BEF000BA698B235B00D15200F00AFC7B6899B2CF
:10BF0000BA698C235B00D15200F002FC7B6899B2C5
:10BF1000BA698D235B00D15200F0FAFB7B68D9B27D
:10BF2000BA698E235B00D15400F0F2FB7B68D9B272
:10BF3000BA691E23FF33D15400F0EAFB7B68D9B203
:10BF4000BA698F235B00D15400F0E2FB7B68D9B261
:10BF5000BB694A4A995400F0DBFB7B68D9B2BA69E5
:10BF60002023FF33D15400F0D3FB7B68D9B2BA69E8
:10BF70002223FF33D15400F0CBFB7B68D9B2BA69DE
:10BF800091235B00D15400F0C3FB7B6819B2BA69FE
:10BF9000AA239B00D15200F0BBFB7B68D9B2BB69DE
:10BFA000FE22995400F0B4FB7B68D9B2BB69FF2232
:10BFB000995400F0ADFB7B68D9B2BA6980235B006D
:10BFC000D15400F0A5FB7B68D9B2BA690223FF33D4
:10BFD000D15400F09DFB7B68D9B2BA6981235B0024
:10BFE000D15400F095FB7B68D9B2BA690423FF33C2
:10BFF000D15400F08DFB7B68D9B2BA6990235B0005
:10C00000D15400F085FB7B68D9B2BA6997239B00B5
:10C01000D15400F07DFB7B6899B2BA699A239B00EA
:10C02000D15275E37B6899B2BB69154A99526FE3A7
:10C030007B6899B2BA699B239B00D15268E37B6805
:10C0400099B2BB690F4A995262E37B6899B2BA69A7
:10C050009C239B00D1525BE37B68D9B2BA69BA23B7
:10C060009B00D15454E3C0460080FFFF0C3E0408FF
:10C07000AE020000B2020000A6020000AA02000008
:10C080006A0200006E0200007B68D9B2BA698023A0
:10C090009B00D1543CE37B68D9B2BB69D64A995422
:10C0A00036E37968BA6981239B00D15030E37B681D
:10C0B00099B2BA6982239B00D15229E37B6899B275
:10C0C000BB69CE4A995223E37B6899B2BA6983234C
:10C0D0009B00D1521CE37B68DAB23B691A7417E308
:10C0E0007B681AB23B695A8212E37B681AB23B69D9
:10C0F0009A820DE37B689AB23B691A8008E37A68FA
:10C100003B695A6004E37B689AB23B69DA82FFE2DA
:10C110007B689AB23B691A83FAE27A683B699A6053
:10C12000F6E27A683B69DA60F2E27B6899B2BA6952
:10C13000AE239B00D152EBE27968BA69AF239B0032
:10C14000D150E5E27968BA69B1239B00D150DFE2B2
:10C150007968BA69B0239B00D150D9E27B68D9B223
:10C16000BA69B2239B00D154D2E27B68D9B2BB69D1
:10C17000A34A9954CCE27B68D9B2BB69A14A9954CD
:10C18000C6E27B6899B2BA69B3239B00D152BFE281
:10C190007968BA69B4239B00D150B9E27968BA6969
:10C1A000B5239B00D150B3E27B6899B2BA69B7233B
:10C1B0009B00D152ACE27968BA69B6239B00D1509A
:10C1C000A6E27B6899B2BB698F4A9952A0E27B686C
:10C1D000D9B2BB698D4A99549AE27B68D9B2BB69DE
:10C1E0008B4A995494E27B6899B2BA6986239B0082
:10C1F000D1528DE27B6899B2BA6992235B00D15229
:10C2000086E27B6899B2BA6993235B00D1527FE2E0
:10C210007B6899B2BA6994235B00D15278E27B685B
:10C2200099B2BA6995235B00D15271E27968BA6913
:10C2300098235B00D1506BE27968BA699A235B005E
:10C24000D15065E27968BA699C235B00D1505FE206
:10C250007968BA699E235B00D15059E27968BA695E
:10C26000A0235B00D15053E27968BA69A2235B0036
:10C27000D1504DE27968BA69A4235B00D15047E2FE
:10C280007968BA69A6235B00D15041E27968BA693E
:10C29000A8235B00D1503BE27968BA69AA235B000E
:10C2A000D15035E27968BA69AC235B00D1502FE2F6
:10C2B0007968BA69AE235B00D15029E27968BA691E
:10C2C000B2235B00D15023E27968BA69B4235B00E2
:10C2D000D1501DE27968BA69B6235B00D15017E2EC
:10C2E0007968BA69B8235B00D15011E27B6899B2D2
:10C2F000BA699D235B01D1520AE27A68BB6945495C
:10C300005A5005E27A68BB6943495A5000E27B689B
:10C31000D9B2BB69414A9954FAE17A68BB6940498C
:10C320005A50F5E17A68BB693E495A50F0E17A68A3
:10C33000BB693D495A50EBE17A68BB693B495A50A9
:10C34000E6E17B68D9B2BB69394A9954E0E17B6880
:10C3500019B2BB69374A9952DAE17B6819B2BB69F5
:10C36000354A9952D4E17B68D9B2BB69334A9954B2
:10C37000CEE17B68D9B2BB69314A9954C8E179688A
:10C38000BA699E235B01D150C2E17A68BB692D492D
:10C390005A50BDE17A68BB692B495A50B8E17A68B6
:10C3A000BB692A495A50B3E17B6899B2BB69284AF4
:10C3B0009952ADE17B68D9B2BB69264A9954A7E18D
:10C3C0007968BA69B0235B00D150A1E17968BA6994
:10C3D000BA235B00D1509BE17B6899B2BA6996237E
:10C3E0005B00D15294E17B689BB21900BA69BC230F
:10C3F0005B00D1508CE1C046010200000A0200003F
:10C40000C9020000CA020000DE02000011020000A2
:10C4100012020000A4130000A8130000AC130000D7
:10C42000B0130000B4130000B8130000BC130000E8
:10C43000C4130000C6130000C8130000CA13000094
:10C440009E130000CC130000D0130000D413000092
:10C45000D8130000F81300007B68D9B2BA69BE2374
:10C460005B00D15454E17B689BB21900BA69C023C8
:10C470005B00D1504CE17B68D9B2BA69C2235B0042
:10C48000D15445E17A68BB69A5495A5040E17B68BF
:10C49000D9B2BA698623FF33D15439E17B6819B226
:10C4A000BA69C3235B00D15232E17B6819B2BA6921
:10C4B000C4235B00D1522BE17B6819B2BA69C52352
:10C4C0005B00D15224E17B6819B2BA69C6235B00D4
:10C4D000D1521DE17B6819B2BA69C7235B00D15202
:10C4E00016E17B6819B2BA69C8235B00D1520FE12B
:10C4F0007B6819B2BA69C9235B00D15208E17B6835
:10C5000019B2BA69CA235B00D15201E17B6819B242
:10C51000BA69CB235B00D152FAE07B6819B2BA69E1
:10C52000CC235B00D152F3E07B6819B2BA69CD230A
:10C530005B00D152ECE07B6819B2BA69CE235B0094
:10C54000D152E5E07B6819B2BA69CF235B00D152C2
:10C55000DEE07B6819B2BA69D0235B00D152D7E024
:10C560007B6819B2BA69D1235B00D152D0E07B68F5
:10C5700019B2BA69D2235B00D152C9E07B6819B203
:10C58000BA69D3235B00D152C2E07B6819B2BA69A1
:10C59000D4235B00D152BBE07B6819B2BA69D523C2
:10C5A0005B00D152B4E07B6819B2BA69D6235B0054
:10C5B000D152ADE07B6819B2BA69D7235B00D15282
:10C5C000A6E07B6819B2BA69D8235B00D1529FE01C
:10C5D0007B6819B2BA69D9235B00D15298E07B68B5
:10C5E00019B2BA69DA235B00D15291E07B6819B2C3
:10C5F000BA69DB235B00D1528AE07B6819B2BA6961
:10C60000DC235B00D15283E07B6819B2BA69DD2379
:10C610005B00D1527CE07B6819B2BA69DE235B0013
:10C62000D15275E07B6819B2BA69DF235B00D15241
:10C630006EE07B6819B2BA69E0235B00D15267E013
:10C640007B6819B2BA69E1235B00D15260E07B6874
:10C6500019B2BA69E2235B00D15259E07B6819B282
:10C66000BA69E3235B00D15252E07B6819B2BA6920
:10C67000E4235B00D1524BE07B6819B2BA69E52331
:10C680005B00D15244E07B6819B2BA69E6235B00D3
:10C69000D1523DE07B6819B2BA69E7235B00D15201
:10C6A00036E07B6819B2BA69E8235B00D1522FE00B
:10C6B0007B6819B2BA69E9235B00D15228E07B6834
:10C6C00019B2BA69EA235B00D15221E07B6819B242
:10C6D000BA69EB235B00D1521AE07B6819B2BA69E0
:10C6E000EC235B00D15213E07B6819B2BA69ED23E9
:10C6F0005B00D1520CE07B6819B2BA69EE235B0093
:10C70000D15205E01F23FB18FC221A7000E0C0463E
:10C710001F23FB181B785BB21800BD4608B080BD14
:10C72000DC13000080B584B000AF78600F203B18A8
:10C7300000221A707B68BB60BB68054A01219954CE
:10C740003B181B785BB21800BD4604B080BDC046E4
:10C750009C13000080B584B000AF78600F203B18B8
:10C7600000221A707B68BB60BB68054A002199549F
:10C770003B181B785BB21800BD4604B080BDC046B4
:10C780009C13000080B584B000AF78600F203B1888
:10C7900000221A707B68BB60BB68054A012199546E
:10C7A0003B181B785BB21800BD4604B080BDC04684
:10C7B0009D13000080B584B000AF78600F203B1857
:10C7C00000221A707B68BB60BB68054A002199543F
:10C7D0003B181B785BB21800BD4604B080BDC04654
:10C7E0009D13000080B584B000AF78600F203B1827
:10C7F00000221A707B68BB60BB68054A012199540E
:10C800003B181B785BB21800BD4604B080BDC04623
:10C810009E13000080B584B000AF78600F203B18F5
:10C8200000221A707B68BB60BB68054A00219954DE
:10C830003B181B785BB21800BD4604B080BDC046F3
:10C840009E13000080B584B000AF78600F217B1884
:10C8500000221A707B6808221A707B680B225A70BB
:10C860007B68FA2292005A607B68A02212011A812A
:10C870007B68A022D2005A817B68A02252019A8153
:10C880007B181B785BB21800BD4604B080BD000069
:10C8900080B584B000AF78600F217B1800221A7039
:10C8A0007B6800221A707B6812225A707B680F2204
:10C8B0009A707B680222DA707B68064A5A607B684D
:10C8C0000C221A817B181B785BB21800BD4604B09D
:10C8D00080BDC046A08C000080B584B000AF7860F9
:10C8E00039600F23FB1800221A707B685B891A00DD
:10C8F0003B681A607B680C229A5E3B689A807B6872
:10C900000E229A5E3B68DA807B685B891A003B687E
:10C910009A607B680C229A5E3B689A817B680E2243
:10C920009A5E3B68DA813B68802292005A823B68BB
:10C9300000229A823B6840229A753B681B68002B54
:10C940000DD13B6804229B5E002B08D13B68062278
:10C950009B5E002B03D13B6800221A7402E03B6807
:10C9600001221A740F23FB181B785BB2002B14D121
:10C970003B681B7C012B10D13B6818683B68042185
:10C98000595E3B6806229A5E3B689B7D03F085FA00
:10C9900003001A003B681A8302E03B6800221A83F6
:10C9A0003B68322252425A833B6832229A833B6868
:10C9B000064ADA833B688C221A840F23FB181B7803
:10C9C0005BB21800BD4604B080BDC04600FAFFFF50
:10C9D00080B584B000AF78600F217B1800221A70F8
:10C9E0007B68A02252011A807B68FA22D2009A60EA
:10C9F0007B6807221A747B680C4A5A607B680C4A71
:10CA0000DA607B68462252425A827B6846229A82CA
:10CA10007B68084ADA827B688C221A837B181B7831
:10CA20005BB21800BD4604B080BDC046983A000015
:10CA30001027000000FAFFFF80B584B000AF7860D7
:10CA40000F217B1800221A707B68A02212011A8025
:10CA50007B680C4A5A607B680B4A9A607B680A4A7A
:10CA6000DA607B6808221A747B6828225A747B6813
:10CA700009229A747B181B785BB21800BD4604B07B
:10CA800080BDC046983A0000C832000080B584B02E
:10CA900000AF78600F217B1800221A707B68A022FB
:10CAA00052011A807B680B4A5A607B68FA22920016
:10CAB000DA607B68FA22D2009A607B6810221A82C0
:10CAC0007B6808225A827B181B785BB21800BD462F
:10CAD00004B080BD983A000080B584B000AF020079
:10CAE0003960FB1D1A700F203B1800221A703B683A
:10CAF00004221A703B6801225A703B6801229A7026
:10CB00003B680222DA703B6801221A713B685022AE
:10CB10005A713B6870229A713B68274A1A813B68B8
:10CB20001022DA603B6832221A823B6864225A6122
:10CB30003B6801221A763B68A0225A833B68002298
:10CB40009A833B681D4ADA833B6820220821995466
:10CB50003B682122882199543B682222082199545C
:10CB60003B682322002199543B68802212019A8459
:10CB70003B68FA22DA843B68FA1D282112785A545D
:10CB80003B68322252429A863B683222DA863B6800
:10CB90000B4A1A873B688C225A873B683C225021FB
:10CBA00099543B683222DA873B181B785BB2180035
:10CBB000BD4604B080BDC0463D100000C307000064
:10CBC00000FAFFFF80B584B000AF78600F203B18FB
:10CBD00000221A707B681F221A807B680E225A80FE
:10CBE0007B68C14A9A807B680E229A717B680A2210
:10CBF000DA717B6806221A727B680E225A727B6891
:10CC00000A229A727B680622DA727B6809221A73FA
:10CC10007B6805225A737B6803229A737B6806221D
:10CC2000DA737B6806221A747B6806225A747B6862
:10CC300002229A747B682122DA747B6800229A822D
:10CC40007B6800229A757B683C221A837B683C22B1
:10CC50005A837B683C229A837B688022DA837B68D4
:10CC600080221A847B6880225A847B6824220821CF
:10CC700099547B682522102199547B682622012132
:10CC800099547B682722022199547B68282201212C
:10CC900099547B682922022199547B682A22002119
:10CCA00099547B68A02212019A857B68A0225201C8
:10CCB000DA857B68A02252011A867B68A0221201C5
:10CCC0005A867B68FA2292009A637B68874ADA6305
:10CCD0007B68874A1A647B68864A5A647B68834A01
:10CCE0009A647B68824ADA647B68824A1A657B6848
:10CCF000FA2292005A657B68FA22D2009A657B6814
:10CD0000FA22D200DA657B68FA22D2001A667B68C2
:10CD1000FA22D2005A667B68774ADA667B68774ADD
:10CD20001A677B68754A5A677B68754A9A677B6899
:10CD300001229A667B68FA225201DA677B68A02298
:10CD400092019A867B688022002199507B68842218
:10CD5000012199547B6888226A4999507B688C220A
:10CD6000062199547B688D22012199547B688E227B
:10CD7000FA21C90099527B689022634999527B68D5
:10CD80009222FA2199527B689422FA2189009952C1
:10CD90007B6896225D4999527B6898225C4999523A
:10CDA0007B689A22594999527B689C22584999522A
:10CDB0007B689E22C821494299527B68A022C821E3
:10CDC00099527B68A222FA2199527B68A4224F498A
:10CDD00099527B68A6224F4999527B68A82200216C
:10CDE00099527B68AA224B4999527B68AC224A49E6
:10CDF00099527B68AE229121490199527B68B022F9
:10CE0000454999527B68B2229121490199527B6828
:10CE1000B422424999527B68B622002199527B681C
:10CE2000B822002199527B68BA223D4999527B6809
:10CE3000BC223A4999527B68BE22FA2199527B68FA
:10CE4000C022324999527B68C222364999527B6886
:10CE5000C422354999527B68C622C8214942995259
:10CE60007B68C822C82199527B68CA222F499952EF
:10CE70007B68CC222E4999527B68CE2200219952A0
:10CE80007B68D022002199527B68D222294999528D
:10CE90007B68D422284999527B68D6222749995227
:10CEA0007B68D822002199527B68DA2200219952AE
:10CEB0007B68DC22002199527B68DE22204999524E
:10CEC0007B68E0229121490199527B68E22200218E
:10CED00099527B68E422002199523B181B785BB27F
:10CEE0001800BD4604B080BD942F0000983A0000A1
:10CEF000282300007017000018F60000C409000085
:10CF0000C832000010270000BE0A0000E204000042
:10CF1000D6060000060900001C0C00002E180000B8
:10CF2000301B0000B20C000094110000220B000026
:10CF3000E40C00001E0F00002A1200000A0F00007F
:10CF4000141E000080B584B000AF78600F217B18FC
:10CF500000221A707B68A02252011A837B68382253
:10CF60009A767B6820221A707B6870225A707B68E0
:10CF700010225A607B6864229A607B6801225242C8
:10CF8000DA827B680F229A817B683422DA817B689F
:10CF9000C8221A827B68B62252005A827B68C82255
:10CFA00052009A827B181B785BB21800BD4604B011
:10CFB00080BD000080B586B000AFF860B9607A60CF
:10CFC0003B6017217B1800221A70FB68A022120117
:10CFD0001A80FB6800229A70FB680022DA70FB68F6
:10CFE00000221A71FB6800225A71FB6800229A71B4
:10CFF000FB680022DA71FB6800221A72FB680022CB
:10D000005A72FB6800229A72FB680022DA72FB688F
:10D0100011221A73FB6802225A73FB6800229A736A
:10D02000FB680222DA73FB6808221A74FB6800228C
:10D030005A74BB6A24229A5CFB689A74BB6A2522E4
:10D040009A5CFB68DA74BB6A26229A5CFB681A75E4
:10D05000FB6801225A75FB6800229A75FB68002262
:10D06000DA75FB6800221A83FB68FF229A76BB6A96
:10D070009A7DFB68DA76BB6A9A7CFB681A77FB6854
:10D0800000225A77FB6800229A77FB680022DA7741
:10D090007B6800221A707B6800225A707B6820220D
:10D0A0009A707B680B22DA70BB6A9A8A7B689A80D6
:10D0B0007B6802229A717B680D22DA71BB6ADA7C86
:10D0C0007B681A727B6800225A727B6801229A720E
:10D0D0007B6800229A817B680022DA817B68724A31
:10D0E0001A827B6800229A747B683822DA747B6823
:10D0F000FF221A757B6801225A753B6800221A705C
:10D100003B681A225A703B6800229A703B682022C2
:10D11000DA703B6801221A713B68CC225A713B6875
:10D120000B229A713B680122DA713B68F5221A7270
:10D130003B6809225A72BB6A5A8B3B685A81BB6AA8
:10D140001A8C3B689A813B6808229A733B68782264
:10D15000DA733B6800221A613B6800221A75BB68CB
:10D1600007225A70BB6821229A70BB684322DA708A
:10D17000BB6810221A71BB6832225A71BB685422F4
:10D180009A71BB680722DA71BB6821221A72BB68E8
:10D1900043225A72BB6810229A72BB680222DA726A
:10D1A000BB6843221A73BB6805225A73BB6800220E
:10D1B0009A73BB680722DA73BB6821221A74BB68B2
:10D1C00043225A74BB6810229A74BB683222DA7404
:10D1D000BB6854221A75BB6801225242DA82BB68CE
:10D1E000012252421A83BB6800221A70FB6A052290
:10D1F0001A70FB6A00225A70FB6A0F22DA77FB6A08
:10D200000F229A77FB6A08221A77FB6A08225A775C
:10D210003B6A01221A703B6A00225A803B6A002254
:10D220009A803B6A00229A71BB6A27229A5C3B6A09
:10D23000DA713B6A0B221A723B6A09225A72BB6A84
:10D24000DA793B6A9A72BB6A9A7A3B6ADA723B6A0B
:10D2500001221A73BB6A2A229A5C3B6A5A73BB6A20
:10D2600029229A5C3B6A9A733B6AC722DA733B6A4B
:10D27000FF221A743B6ADB225A743B6A02229A74B8
:10D280007B6A00225A707B6A01229A707B6A0122B3
:10D29000DA707B6A21221A717B181B785BB2180046
:10D2A000BD4606B080BDC046008CFFFFF0B58BB018
:10D2B00004AFF860B9607A603B601726BB190022A2
:10D2C0001A70BC193D687A68B968F868FB6B0393FB
:10D2D000BB6B02937B6B01933B6B00932B00FFF7BF
:10D2E00069FE03002370BB191B785BB2002B21D1B0
:10D2F0003B6807229A713B6805225A72BB6B9A8B76
:10D300003B685A81BB6B5A8C3B689A813B68082208
:10D310009A733B683822DA733B6B07221A723B6BB5
:10D3200005225A72BB6B1A7A3B6B9A72BB6BDA7A24
:10D330003B6BDA721723FB181B785BB21800BD46F3
:10D3400007B0F0BDF0B58BB004AFF860B9607A609B
:10D350003B601726BB1900221A70BC193D687A6819
:10D36000B968F868FB6B0393BB6B02937B6B01930B
:10D370003B6B00932B00FFF71DFE03002370BB19CE
:10D380001B785BB2002B21D13B680F229A713B685E
:10D390000D225A72BB6B1A8B3B685A81BB6BDA8BBE
:10D3A0003B689A813B6808229A733B68B822DA731B
:10D3B0003B6B0F221A723B6B0D225A72BB6B9A7930
:10D3C0003B6B9A72BB6B5A7A3B6BDA721723FB1872
:10D3D0001B785BB21800BD4607B0F0BDF0B58BB04E
:10D3E00004AFF860B9607A603B601726BB19002271
:10D3F0001A70BC193D687A68B968F868FB6B0393CA
:10D40000BB6B02937B6B01933B6B00932B00FFF78D
:10D41000D1FD03002370BB191B785BB2002B05D133
:10D420007B6802229A723B6B3B225A741723FB18CB
:10D430001B785BB21800BD4607B0F0BDF0B58BB0ED
:10D4400004AFF860B9607A603B601726BB19002210
:10D450001A70BC193D687A68B968F868FB6B039369
:10D46000BB6B02937B6B01933B6B00932B00FFF72D
:10D47000A1FD03002370BB191B785BB2002B05D103
:10D480007B6802229A723B6B5B225A741723FB184B
:10D490001B785BB21800BD4607B0F0BDF0B58BB08D
:10D4A00004AFF860B9607A603B601726BB190022B0
:10D4B0001A70BC193D687A68B968F868FB6B039309
:10D4C000BB6B02937B6B01933B6B00932B00FFF7CD
:10D4D00071FD03002370BB191B785BB2002B1AD1BE
:10D4E0003B6B00229A743B6800221A713B68B122A0
:10D4F0005A713B680022DA713B68D4221A723B6889
:10D50000C022D2001A61BB6B28229A5C3B6BDA7195
:10D510007B6B40221A711723FB181B785BB2180033
:10D52000BD4607B0F0BDF0B58BB004AFF860B96090
:10D530007A603B601726BB1900221A70BC193D683F
:10D540007A68B968F868FB6B0393BB6B02937B6BDB
:10D5500001933B6B00932B00FFF7A8FE03002370A1
:10D56000BB191B785BB2002B1AD13B6B00229A745B
:10D570003B6801221A713B6884225A713B68012280
:10D58000DA713B68B1221A723B68C022D2001A617C
:10D59000BB6B28229A5C3B6BDA717B6B40221A7161
:10D5A0001723FB181B785BB21800BD4607B0F0BD0F
:10D5B000F0B58BB004AFF860B9607A603B601726B5
:10D5C000BB1900221A70BC193D687A68B968F868FE
:10D5D000FB6B0393BB6B02937B6B01933B6B0093E1
:10D5E0002B00FFF7AFFE03002370BB191B785BB263
:10D5F000002B1AD13B6B00229A743B6800221A71EF
:10D600003B6897225A713B680022DA713B68B1226D
:10D610001A723B68C022D2001A61BB6B28229A5C46
:10D620003B6BDA717B6B40221A711723FB181B7856
:10D630005BB21800BD4607B0F0BDF0B58BB004AFCB
:10D64000F860B9607A603B601726BB1900221A7037
:10D65000BC193D687A68B968F868FB6B0393BB6BCB
:10D6600002937B6B01933B6B00932B00FFF716FF3C
:10D6700003002370BB191B785BB2002B08D1BC19C7
:10D680003A6C396B7B68180005F0DAFC03002370F4
:10D690001723FB181B785BB21800BD4607B0F0BD1E
:10D6A000F0B58BB004AFF860B9607A603B601726C4
:10D6B000BB1900221A70BC193D687A68B968F8680D
:10D6C000FB6B0393BB6B02937B6B01933B6B0093F0
:10D6D0002B00FFF728FF03002370BB191B785BB2F8
:10D6E000002B08D1BC193A6C396B7B68180005F027
:10D6F000A7FC030023701723FB181B785BB21800EC
:10D70000BD4607B0F0BDF0B58BB004AFF860B960AE
:10D710007A603B601726BB1900221A70BC193D685D
:10D720007A68B968F868FB6B0393BB6B02937B6BF9
:10D7300001933B6B00932B00FFF73AFF030023702C
:10D74000BB191B785BB2002B08D1BC193A6C396B42
:10D750007B68180005F074FC030023701723FB1886
:10D760001B785BB21800BD4607B0F0BDF0B58BB0BA
:10D7700004AFF860B9607A603B601726BB190022DD
:10D780001A70BC193D687A68B968F868FB6B039336
:10D79000BB6B02937B6B01933B6B00932B00FFF7FA
:10D7A00009FC03002370BB191B785BB2002B16D158
:10D7B0003B6B00229A743B6800221A713B68B122CD
:10D7C0005A713B680022DA713B68D4221A72BB6B33
:10D7D00028229A5C3B6BDA717B6B10221A7117233B
:10D7E000FB181B785BB21800BD4607B0F0BDF0B562
:10D7F00091B00AAFF860B9607A603B601726BB1938
:10D8000000221A70BC193D6B3A687968B8683B6CA5
:10D810000393FB6B0293BB6B01937B6B00932B0019
:10D82000FFF7C8FB03002370BB191B785BB2002B0A
:10D8300072D1BB68A02252011A807B68089305232D
:10D8400007930423069303230593022304930123E0
:10D8500003930023029304230193032300930223E1
:10D8600001220021072001F039FF3B6C02330893AD
:10D8700005230793042306930323059302230493AC
:10D8800001230393002302930423019303230093B2
:10D89000022301220021072001F0C3FF3B6B092274
:10D8A0009A713B6B0B225A727B6B09221A727B6B4B
:10D8B0000B225A723B6B00221A703B6B20225A706B
:10D8C0003B6B00229A703B6B1A22DA703B6B002292
:10D8D0001A713B6B28225A713B6B0022DA713B6B49
:10D8E00021221A723B68F522DA71FB682022082196
:10D8F0009954FB682122882199543C6B3A68B96895
:10D9000078687B6B0093230001F0E3F87B6B9B222C
:10D910005A74BB6B26221A711723FB181B785BB253
:10D920001800BD4607B0F0BDF0B591B00AAFF86081
:10D93000B9607A603B601726BB1900221A70BC19C7
:10D940003D687A68B968F8683B6C0493FB6B039395
:10D95000BB6B02937B6B01933B6B00932B00FFF738
:10D9600046FF03002370BB191B785BB2002B3FD12D
:10D970007B680893052307930423069303230593E9
:10D980000A23049309230393082302930423019396
:10D9900003230093022301220021072001F09EFEB1
:10D9A0003B6C023308930523079304230693032358
:10D9B00005930A2304930923039308230293042362
:10D9C000019303230093022301220021072001F089
:10D9D00028FF3C6B3A68B96878687B6B009323003A
:10D9E00001F077F87B6BBB225A74BB6B26221A714D
:10D9F0001723FB181B785BB21800BD4607B0F0BDBB
:10DA0000F0B58DB006AFF860B9607A603B6017265C
:10DA1000BB1900221A70BC193D687A68B968F868A9
:10DA20003B6C0493FB6B0393BB6B02937B6B019387
:10DA30003B6B00932B00FFF777FF03002370BB19AC
:10DA40001B785BB2002B02D17B6BDB225A7417234D
:10DA5000FB181B785BB21800BD4607B0F0BDF0B5EF
:10DA600091B00AAFF860B9607A603B601726BB19C5
:10DA700000221A70BC193D687A68B968F8683B6C76
:10DA80000493FB6B0393BB6B02937B6B01933B6B28
:10DA900000932B00FFF7ABFE03002370BB191B782C
:10DAA0005BB2002B3FD17B6808930D2307930C23B7
:10DAB00006930B2305930A23049309230393082356
:10DAC00002930C2301930B2300930A2309220821BC
:10DAD000072001F003FE3B6C023308930D230793EC
:10DAE0000C2306930B2305930A2304930923039322
:10DAF000082302930C2301930B2300930A2309228A
:10DB00000821072001F08DFE3C6B3A68B9687868FF
:10DB10007B6B0093230000F0DCFF3B6802229A72CB
:10DB20007B6BBB225A741723FB181B785BB218005F
:10DB3000BD4607B0F0BDF0B58DB006AFF860B96076
:10DB40007A603B601726BB1900221A70BC193D6829
:10DB50007A68B968F8683B6C0493FB6B0393BB6B02
:10DB600002937B6B01933B6B00932B00FFF777FFD6
:10DB700003002370BB191B785BB2002B02D17B6BB7
:10DB8000DB225A741723FB181B785BB21800BD46C2
:10DB900007B0F0BDF0B591B00AAFF860B9607A6037
:10DBA0003B601726BB1900221A70BC193D687A68C1
:10DBB000B968F8683B6C0493FB6B0393BB6B0293EF
:10DBC0007B6B01933B6B00932B00FFF710FE030070
:10DBD0002370BB191B785BB2002B67D1BB68A022F6
:10DBE00052011A807B68089304230793032306934A
:10DBF0000223059301230493002303930723029335
:10DC00000423019303230093022301220021072010
:10DC100001F064FD3B6C0233089304230793032354
:10DC20000693022305930123049300230393072300
:10DC30000293042301930323009302230122002172
:10DC4000072001F0EEFD3C6B3A68B96878687B6BA1
:10DC50000093230000F03DFF3B6B04229A713B6B65
:10DC600003225A723B6B00221A703B6B42225A709D
:10DC70003B6B00229A703B6B4222DA703B6B0022B6
:10DC80001A713B6B52225A713B6B0022DA713B6B6B
:10DC900066221A723B680422DA703B68A422DA71A9
:10DCA0007B6B9B225A74BB6B26221A711723FB18BD
:10DCB0001B785BB21800BD4607B0F0BDF0B591B05F
:10DCC0000AAFF860B9607A603B601726BB19002282
:10DCD0001A70BC193D687A68B968F8683B6C04939F
:10DCE000FB6B0393BB6B02937B6B01933B6B0093CA
:10DCF0002B00FFF77CFD03002370BB191B785BB280
:10DD0000002B79D17B68089305230793042306939E
:10DD10000323059302230493012303930023029317
:10DD200004230193032300930223012200210720EF
:10DD300001F0D4FC3B6C02330893052307930423C2
:10DD400006930323059302230493012303930023E3
:10DD50000293042301930323009302230122002151
:10DD6000072001F05EFD3C6B3A68B96878687B6B10
:10DD70000093230000F0ADFE3B6B09229A713B6BD0
:10DD80000B225A723B6B00221A703B6B21225A7095
:10DD90003B6B00229A703B6B1B22DA703B6B0022BC
:10DDA0001A713B6B29225A713B6B0022DA713B6B73
:10DDB00022221A723B680922DA703B68F522DA7176
:10DDC0007B6B09221A727B6B0B225A72FB6B1A7BDC
:10DDD0007B6B9A72FB6BDA7B7B6BDA72FB682022BF
:10DDE00008219954FB682122882199547B6B9B223E
:10DDF0005A74BB6B26221A711723FB181B785BB26F
:10DE00001800BD4607B0F0BDF0B591B00AAFF8609C
:10DE1000B9607A603B601726BB1900221A70BC19E2
:10DE20003D687A68B968F8683B6C0493FB6B0393B0
:10DE3000BB6B02937B6B01933B6B00932B00FFF753
:10DE40003DFF03002370BB191B785BB2002B3CD154
:10DE50007B68089305230793042306930323059304
:10DE60000A230493092303930823029304230193B1
:10DE700003230093022301220021072001F02EFC3E
:10DE80003B6C023308930523079304230693032373
:10DE900005930A230493092303930823029304237D
:10DEA000019303230093022301220021072001F0A4
:10DEB000B8FC3C6B3A68B96878687B6B00932300C8
:10DEC00000F007FE7B6BBB225A741723FB181B78EC
:10DED0005BB21800BD4607B0F0BDF0B58DB006AF1F
:10DEE000F860B9607A603B601726BB1900221A708F
:10DEF000BC193D687A68B968F8683B6C0493FB6BA1
:10DF00000393BB6B02937B6B01933B6B00932B00E2
:10DF1000FFF77AFF03002370BB191B785BB2002B5D
:10DF200002D17B6BDB225A741723FB181B785BB280
:10DF30001800BD4607B0F0BDF0B591B00AAFF8606B
:10DF4000B9607A603B601726BB1900221A70BC19B1
:10DF50003D687A68B968F8683B6C0493FB6B03937F
:10DF6000BB6B02937B6B01933B6B00932B00FFF722
:10DF70003EFC03002370BB191B785BB2002B79D1E8
:10DF80007B680893032307930223069301230593D9
:10DF9000022304930123039300230293022301939A
:10DFA00002230093012301220021072001F096FBA8
:10DFB0003B6C023308930323079302230693012348
:10DFC0000593022304930123039300230293022366
:10DFD000019302230093012301220021072001F075
:10DFE00020FC3C6B3A68B96878687B6B009323002F
:10DFF00000F06FFD3B6B05229A713B6B07225A7252
:10E000003B6B00221A703B6B36225A703B6B00222E
:10E010009A703B6B2822DA703B6B00221A713B6BC3
:10E0200044225A713B6B0022DA713B6B33221A7225
:10E030003B680522DA703B68F522DA717B6B0522BA
:10E040001A727B6B07225A72FB6B5A7B7B6B9A723C
:10E05000FB6B1A7C7B6BDA72FB68202208219954D7
:10E06000FB682122482199547B6B9B225A74BB6B1D
:10E0700026221A711723FB181B785BB21800BD46C5
:10E0800007B0F0BDF0B591B00AAFF860B9607A6042
:10E090003B601726BB1900221A70BC193D687A68CC
:10E0A000B968F8683B6C0493FB6B0393BB6B0293FA
:10E0B0007B6B01933B6B00932B00FFF73DFF03004D
:10E0C0002370BB191B785BB2002B3CD17B68089393
:10E0D0000323079302230693012305930A23049342
:10E0E000092303930823029302230193022300933D
:10E0F000012301220021072001F0F0FA3B6C0233DA
:10E1000008930323079302230693012305930A230D
:10E110000493092303930823029302230193022308
:10E120000093012301220021072001F07AFB3C6BC0
:10E130003A68B96878687B6B0093230000F0C9FCEB
:10E140007B6BBB225A741723FB181B785BB2180039
:10E15000BD4607B0F0BDF0B58DB006AFF860B96050
:10E160007A603B601726BB1900221A70BC193D6803
:10E170007A68B968F8683B6C0493FB6B0393BB6BDC
:10E1800002937B6B01933B6B00932B00FFF77AFFAD
:10E1900003002370BB191B785BB2002B02D17B6B91
:10E1A000DB225A741723FB181B785BB21800BD469C
:10E1B00007B0F0BDF0B591B00AAFF860B9607A6011
:10E1C0003B601726BB1900221A70BC193D687A689B
:10E1D000B968F8683B6C0493FB6B0393BB6B0293C9
:10E1E0007B6B01933B6B00932B00FFF700FB03005D
:10E1F0002370BB191B785BB2002B79D17B68089325
:10E20000022307930223069301230593012304931A
:10E21000012303930023029301230193012300931D
:10E22000012300220721072001F058FA3B6C02333A
:10E2300008930223079302230693012305930123E6
:10E2400004930123039300230293012301930123E9
:10E250000093012300220721072001F0E2FA3C6B22
:10E260003A68B96878687B6B0093230000F031FC52
:10E270003B6B03229A713B6B05225A723B6B002267
:10E280001A703B6B52225A703B6B00229A703B6BA8
:10E290003722DA703B6B00221A713B6B66225A718F
:10E2A0003B6B0022DA713B6B44221A723B680322FB
:10E2B000DA703B68F522DA717B6B03221A727B6B92
:10E2C00005225A72FB6B9A7B7B6B9A72FB6B5A7CB2
:10E2D0007B6BDA72FB68202208219954FB682122AB
:10E2E000282199547B6BBB225A74BB6B26221A716E
:10E2F0001723FB181B785BB21800BD4607B0F0BDB2
:10E30000F0B591B00AAFF860B9607A603B6017264B
:10E31000BB1900221A70BC193D687A68B968F868A0
:10E320003B6C0493FB6B0393BB6B02937B6B01937E
:10E330003B6B00932B00FFF73DFF03002370BB19DD
:10E340001B785BB2002B5BD17B680893012307939A
:10E3500001230693012305930023049300230393D1
:10E360000023029301230193012300930023002241
:10E370000721072001F0B2F93B6C02330893012317
:10E38000079301230693012305930023049300239D
:10E39000039300230293012301930123009300239D
:10E3A00000220721072001F03CFA3C6B3A68B9686B
:10E3B00078687B6B0093230000F08BFB3B6B0222A1
:10E3C0009A713B6B03225A723B680022DA703B68F9
:10E3D00031221A727B6B02221A727B6B03225A72F1
:10E3E000FB6B9A7B7B6B9A72FB6B5A7C7B6BDA7252
:10E3F000FB68202210219954FB682122182199548E
:10E400001723FB181B785BB21800BD4607B0F0BDA0
:10E41000F0B591B00AAFF860B9607A603B6017263A
:10E42000BB1900221A70BC193D687A68B968F8688F
:10E430003B6C0493FB6B0393BB6B02937B6B01936D
:10E440003B6B00932B00FFF7B5FE03002370BB1955
:10E450001B785BB2002B3CD17B68089302230793A7
:10E4600002230693012305930123049309230393B5
:10E470000823029301230193012300930123002227
:10E480000721072001F02AF93B6C0233089302238D
:10E490000793022306930123059301230493092381
:10E4A0000393082302930123019301230093012383
:10E4B00000220721072001F0B4F93C6B3A68B968E3
:10E4C00078687B6B0093230000F003FB7B6BBB221F
:10E4D0005A741723FB181B785BB21800BD4607B0AF
:10E4E000F0BDF0B58DB006AFF860B9607A603B6002
:10E4F0001726BB1900221A70BC193D687A68B968E2
:10E50000F8683B6C0493FB6B0393BB6B02937B6BD0
:10E5100001933B6B00932B00FFF77AFF03002370FE
:10E52000BB191B785BB2002B02D17B6BDB225A74C8
:10E530001723FB181B785BB21800BD4607B0F0BD6F
:10E54000F0B58DB006AFF860B9607A603B60172611
:10E55000BB1900221A70BC193D687A68B968F8685E
:10E560003B6C0493FB6B0393BB6B02937B6B01933C
:10E570003B6B00932B00FFF73AF903002370BB19A4
:10E580001B785BB2002B0BD1BB6801229A70BB6B6E
:10E5900001221A707B6B83225A74BB6B2E221A7174
:10E5A0001723FB181B785BB21800BD4607B0F0BDFF
:10E5B000F0B591B00AAFF860B9607A603B60172699
:10E5C000BB1900221A70BC193D687A68B968F868EE
:10E5D0003B6C0493FB6B0393BB6B02937B6B0193CC
:10E5E0003B6B00932B0000F0E9F90300237035002A
:10E5F0007B191B785BB2002B57D17C193A6C3B68B6
:10E60000110018000BF01EFE030023703B6B092263
:10E610009A713B6B09225A727B6808930423079313
:10E6200003230693022305930123049300230393FA
:10E63000072302930423019303230093022301225F
:10E640000021072001F04AF83B6C023308930423B1
:10E6500007930323069302230593012304930023C6
:10E6600003930723029304230193032300930223BC
:10E6700001220021072001F0D4F87B191B785BB23E
:10E68000002B09D13B6C9A1C7C1979683B6C1800F3
:10E6900003F0A6FC030023703C6B3A68B968786805
:10E6A0007B6B0093230000F014FA1723FB181B78F0
:10E6B0005BB21800BD4607B0F0BDF0B591B00AAF2F
:10E6C000F860B9607A603B601726BB1900221A70A7
:10E6D000BC193D687A68B968F8683B6C0493FB6BB9
:10E6E0000393BB6B02937B6B01933B6B00932B00FB
:10E6F000FFF77DF803002370BB191B785BB2002B7A
:10E700006FD17B6808930C2307930B2306930A238E
:10E71000059309230493082303930F2302930C23E7
:10E7200001930B2300930A23092208210F2000F0F4
:10E73000D5FF3B6C023308930C2307930B230693FE
:10E740000A23059309230493082303930F230293B9
:10E750000C2301930B2300930A23092208210F2085
:10E7600001F05FF83C6B3A68B96878687B6B00939E
:10E77000230000F0AEF93B6B09229A713B6B092232
:10E780005A723B6B00221A703B6B21225A703B6B12
:10E7900000229A703B6B2122DA703B6B00221A71C7
:10E7A0003B6B29225A713B6B0022DA713B6B2922A9
:10E7B0001A723B680922DA703B68F522DA717B6BCA
:10E7C00009221A727B6B09225A727B6B09229A7298
:10E7D0007B6B0622DA727B6BBB225A74BB6B2622E0
:10E7E0001A711723FB181B785BB21800BD4607B0DF
:10E7F000F0BDF0B58DB006AFF860B9607A603B60EF
:10E800001726BB1900221A70BC193D687A68B968CE
:10E81000F8683B6C0493FB6B0393BB6B02937B6BBD
:10E8200001933B6B00932B00FFF747FF030023701E
:10E830007B6BDB225A74BB191B785BB21800BD4698
:10E8400007B0F0BDF0B58DB006AFF860B9607A6082
:10E850003B601726BB1900221A70BC193D687A6804
:10E86000B968F8683B6C0493FB6B0393BB6B029332
:10E870007B6B01933B6B00932B00FFF75DFB030069
:10E88000237035007B191B785BB2002B30D17C19CB
:10E890003B6C049307230393072302930223019302
:10E8A0000823009304230222082104200BF01FFCFC
:10E8B000030023703B6C5B780133DAB23B685A701B
:10E8C0007B191B785BB2002B09D13B6C9A1C7C191D
:10E8D00079683B6C180003F083FB030023703C6BEA
:10E8E0003A68B96878687B6B0093230000F0F1F810
:10E8F0001723FB181B785BB21800BD4607B0F0BDAC
:10E90000F0B58DB006AFF860B9607A603B6017264D
:10E91000BB1900221A70BC193D687A68B968F8689A
:10E920003B6C0493FB6B0393BB6B02937B6B019378
:10E930003B6B00932B00FFF73DFC03002370350079
:10E940007B191B785BB2002B30D17C193B6C049394
:10E9500007230393072302930223019308230093C1
:10E9600004230222082104200BF0C1FB03002370C2
:10E970003B6C5B780133DAB23B685A707B191B78C9
:10E980005BB2002B09D13B6C9A1C7C1979683B6CFB
:10E99000180003F025FB030023703C6B3A68B9684C
:10E9A00078687B6B0093230000F093F81723FB1823
:10E9B0001B785BB21800BD4607B0F0BDF0B58DB056
:10E9C00006AFF860B9607A603B601726BB19002279
:10E9D0001A70BC193D687A68B968F8683B6C049392
:10E9E000FB6B0393BB6B02937B6B01933B6B0093BD
:10E9F0002B00FFF763F90300237035007B191B78A8
:10EA00005BB2002B30D17C193B6C0493072303933A
:10EA10000723029302230193082300930423022275
:10EA2000082104200BF063FB030023703B6C5B7830
:10EA30000133DAB23B685A707B191B785BB2002B4A
:10EA400009D13B6C9A1C7C1979683B6C180003F067
:10EA5000C7FA030023703C6B3A68B96878687B6B2F
:10EA60000093230000F035F81723FB181B785BB2E6
:10EA70001800BD4607B0F0BDF0B58BB004AFF8602C
:10EA8000B9607A603B601726BB1900221A70BC1966
:10EA90003D687A68B968F868FB6B0393BB6B0293B7
:10EAA0007B6B01933B6B00932B00FEF783FA030013
:10EAB0002370BB191B785BB2002B02D17B6B012248
:10EAC0005A701723FB181B785BB21800BD4607B0BD
:10EAD000F0BD80B584B000AFF860B9607A603B608B
:10EAE000FB68DA7BBB689A74FB681A7CBB68DA74D3
:10EAF000FB685A7CBB681A75FB689A7CBB685A75C0
:10EB0000FB68DA7CBB689A75FB681A7DBB68DA75AE
:10EB1000FB68DB791B029BB2FA68127A9B189AB2E7
:10EB2000BB681A83FB685A7ABB689A76FB689A7A44
:10EB3000BB68DA76FB68DA7ABB681A77FB681A7BFF
:10EB4000BB685A77FB685A7BBB689A77FB689A7BED
:10EB5000BB68DA77FB685B781B029BB2FA68927835
:10EB60009B189AB23B685A81FB68DB781B029BB208
:10EB7000FA6812799B189AB23B689A81FB685A79B5
:10EB80003B689A73FB689A793B68DA73FB68DA8AA8
:10EB9000BB695A80FB681A8BBB699A80FB681A783C
:10EBA000BB699A71C046BD4604B080BD80B584B0D3
:10EBB00000AFF860B9607A60FB68DA7BBB689A7472
:10EBC000FB681A7CBB68DA74FB685A7CBB681A75F0
:10EBD000FB689A7CBB685A75FB68DA7CBB689A75DF
:10EBE000FB681A7DBB68DA75FB68DB791B029BB298
:10EBF000FA68127A9B189AB2BB681A83FB685A7A31
:10EC0000BB689A76FB689A7ABB68DA76FB68DA7A30
:10EC1000BB681A77FB681A7BBB685A77FB685A7B1C
:10EC2000BB689A77FB685B781B029BB2FA689278A4
:10EC30009B189AB27B685A81FB68DB781B029BB2F7
:10EC4000FA6812799B189AB27B689A81FB685A79A4
:10EC50007B689A73FB689A797B68DA73C046BD4615
:10EC600004B080BDF0B58DB006AFF860B9607A60D1
:10EC70003B601726BB1900221A70BC193D687A68E0
:10EC8000B968F8683B6C0493FB6B0393BB6B02930E
:10EC90007B6B01933B6B00932B00FEF7A8FD0300F9
:10ECA0002370BB191B785BB2002B0BD17B68012250
:10ECB0001A703C6B3A68B96878687B6B00932300E4
:10ECC000FFF707FF1723FB181B785BB21800BD4640
:10ECD00007B0F0BD80B584B000AF78607B68FB60A2
:10ECE000FB68282201219954FB68292201219954AB
:10ECF000FB682A2230219954FB68BF2292015A6294
:10ED0000C046BD4604B080BD80B584B000AF786019
:10ED10000A00FB1C1A707B68FB60FB682C33BB602D
:10ED2000BB68FA1C12781A70BB6800225A70BB6864
:10ED300002221A71BB6800225A71BB6800229A71C4
:10ED4000BB68FA1C1278DA71BB6800221A72BB68C1
:10ED50000222DA72BB6800221A73BB6800225A735F
:10ED6000C046BD4604B080BD90B587B000AF7860A6
:10ED70001723FB1800221A707B683B613B692C3318
:10ED8000FB603A69DB239B00D35C1A00F02313403D
:10ED900015D1FB680322DA71FB6800221A72FB6846
:10EDA00000225A72FB6800229A72FB680222DA7211
:10EDB000FB6800221A73FB6800225A73BAE0FB68F2
:10EDC0001B7AFF2B03D1FB6880221A7205E0FB68D7
:10EDD0001B7A0133DAB2FB681A72FB68197AFB6896
:10EDE00009331A00FB680A3317203C18786803F0CF
:10EDF000ADF803002370FB68DB7A02225340DAB2DD
:10EE0000FB68DA72FB68DB79082B64D000DD7BE0FD
:10EE1000072B4BD000DD77E0032B02D0062B2AD046
:10EE200072E03B69474A9B5C1A0002231340002BA7
:10EE300003DDFB680622DA710DE0FB685A7B3B6953
:10EE4000C3215B5C9A4203D3FB680822DA7102E0BB
:10EE5000FB680722DA71FB6800221A72FB68002245
:10EE60005A72FB6800229A72FB6800221A73FB68D0
:10EE700000225A735EE0FB6800221A72FB680022CF
:10EE80005A72FB6800229A72FB6800225A73FB6870
:10EE90005A7B3B69C3215B5C9A4203D3FB6808221F
:10EEA000DA7147E0FB680722DA7143E0FB685B7BBD
:10EEB0000133DAB2FB685A73FB685A7B3B69C321A2
:10EEC0005B5C9A4203D3FB680822DA7132E0FB688C
:10EED0000722DA712EE0FB6800225A73FB681B7B65
:10EEE00001225340DAB2FB681A73FB685A7B3B6914
:10EEF000C3215B5C9A4203D3FB680822DA7119E0F4
:10EF0000FB680722DA7115E0FB680322DA71FB68FF
:10EF100000221A72FB6800225A72FB6800229A7261
:10EF2000FB680222DA72FB6800221A73FB68002277
:10EF30005A73C0461723FB181B785BB21800BD46F6
:10EF400007B090BD66030000B0B58CB000AF78602C
:10EF50002F23FB1800221A707B68BB627B68694A0A
:10EF6000944663447B62BB6A2C333B62BB6A664A4D
:10EF700094466344FB61BB6AF32292009446634467
:10EF8000BB617B6AA133FF337B6113217B180022B5
:10EF90001A7012257B1900221A702E203B180022AD
:10EFA0001A7011243B1900221A701023FB1800223A
:10EFB0001A700F23FB1800221A70FB695A787B180D
:10EFC0001F210A401A707B19FA69D2781A70BA6A3E
:10EFD000DB239B00D35C1A00022313405A1E93418B
:10EFE000DAB23B191A70FB691B781B11DAB23B18B5
:10EFF00002210A401A703B191B78002B08D0BB690C
:10F0000078229B5C1B11DAB23B1802210A401A706D
:10F01000BA6ADB239B00D35C1A002023134065D01F
:10F020003B6ADB79062B0ED11123FB181B78002BD2
:10F030005FD11323FB181B78122B5AD02F23FB18F8
:10F04000EF221A7055E03B6A1B7A1222BA18127826
:10F050009A4203D02F23FB18EE221A703B6ADB7A08
:10F060002E22BA1812789A4203D02F23FB18ED22D1
:10F070001A703B6A5B7B180010243A197969030007
:10F080009B001B185B00CB1802331B7813703B6A84
:10F090005B7B18000F23FA18796903009B001B188B
:10F0A0005B00CB1803331B7813703A1912217B18BD
:10F0B00012781B789A420CD0BB6AC3229B5C002B4F
:10F0C00003D17B181B78FF2B03D02F23FB18EC22D6
:10F0D0001A700F23FA182E23FB1812781B789A4205
:10F0E00006D02F23FB18EB221A7002E0C04600E086
:10F0F000C0462F23FB181B785BB21800BD460CB02E
:10F10000B0BDC046B02000006E03000090B589B0CD
:10F1100000AF78601F23FB1800221A707B68BB6168
:10F120007B689D4A944663447B61BB692C333B6199
:10F130007B69A133FF33FB60BA69DB239B00D35C9F
:10F140001A00F023134021D13B6903221A703B6956
:10F1500000225A703B6900229A703B690022DA70E3
:10F160003B6902221A713B6900225A713B690022F5
:10F170009A711E23FB1800221A701D23FB1800220F
:10F180001A701C23FB1800221A70B8E01D23FB180C
:10F190003A6912791A701E23FB183A6992791A702B
:10F1A0001C23FB183A6952781A703B695B78FF2B75
:10F1B00003D13B6980225A7005E03B695B780133DB
:10F1C000DAB23B695A703B6959783B699A1C3B69D2
:10F1D00003331F203C18786802F0B8FE0300237048
:10F1E0003B691B7902225340DAB23B691A713B69D1
:10F1F0001B78052B52D069DC032B02D0042B2DD0B9
:10F2000064E03B6901229A713B699A79BB69C32129
:10F210005B5C9A4209D93B6900229A713B695B7930
:10F2200001225340DAB23B695A713B6901225A709C
:10F23000BB695A4A9B5C002B06D13B6901229A703C
:10F240003B690022DA7005E03B6900229A703B6955
:10F250000122DA703B6904221A7050E03B699B7905
:10F260000133DAB23B699A713B699A79BB69C32170
:10F270005B5C9A4240D93B6900229A713B695B7999
:10F2800001225340DAB23B695A71BB69C3229B5CCD
:10F29000002B31D03B6905221A702DE03B699B7928
:10F2A0000133DAB23B699A713B699A79BB69C32130
:10F2B0005B5C9A4222D93B6900229A713B695B7977
:10F2C00001225340DAB23B695A7117E03B690322CD
:10F2D0001A703B6900225A703B6900229A703B69A0
:10F2E0000022DA703B6902221A713B6900225A71CE
:10F2F0003B6900229A7102E0C04600E0C046BB694B
:10F30000C3229B5C002B23D11E23FB181A781C23DD
:10F31000FB181B78013BD8B2F96813009B009B18BF
:10F320005B00CB180233021C1A703B695B7B19002F
:10F330001D23FB181B7802225340D8B2FA680B0039
:10F340009B005B185B00D3180333021C1A701AE091
:10F350001E203B181A78F96813009B009B185B006D
:10F36000CB1802331C22BA1812781A703B181A787C
:10F37000F96813009B009B185B00CB1803331D2218
:10F38000BA1812781A701F23FB181B785BB218008A
:10F39000BD4609B090BDC046B02000002703000064
:10F3A00080B582B000AF786039607B681A7C3B68BA
:10F3B0001A703B6801337A68527C1A703B680233DA
:10F3C0007A68927C1A703B6803337A68D27C1A7030
:10F3D0003B6804337A68127D1A703B6805337A689B
:10F3E000527D1A703B6806337A68927D1A703B68CA
:10F3F00007337A68D27D1A703B6808337A68127EC8
:10F400001A703B6809337A68527E1A703B680A3377
:10F410007A68927E1A703B680B337A68D27E1A70D3
:10F420003B680C337A68127F1A703B680D337A6838
:10F43000527F1A703B680E337A68927F1A703B686D
:10F440000F337A68D27F1A703B6810337A682021B4
:10F45000525C1A703B6811337A682121525C1A7031
:10F460003B6812337A682221525C1A703B6813336E
:10F470007A682321525C1A703B6814337A6824211D
:10F48000525C1A703B6815337A682521525C1A70F9
:10F490003B6816337A682621525C1A703B68173332
:10F4A0007A682721525C1A703B6818337A682821E1
:10F4B000525C1A703B6819337A682921525C1A70C1
:10F4C0003B681A337A682A21525C1A703B681B33F6
:10F4D0007A682B21525C1A703B681C337A682C21A5
:10F4E000525C1A703B681D337A682D21525C1A7089
:10F4F0003B681E337A682E21525C1A703B681F33BA
:10F500007A682F21525C1A70C046BD4602B080BD99
:10F5100080B582B000AF78607B68FF221A707B688C
:10F52000FF225A707B68FF229A707B68FF22DA7094
:10F530007B68012252429A807B6801225242DA8023
:10F540007B68012252421A817B68012252425A8111
:10F550007B68012252429A817B6801225242DA8101
:10F560007B68012252421A827B68012252425A82EF
:10F570007B68012252429A827B6801225242DA82DF
:10F580007B68012252421A837B68012252425A83CD
:10F590007B68012252429A837B6801225242DA83BD
:10F5A0007B68012252421A847B68012252425A84AB
:10F5B0007B68012252429A847B6801225242DA849B
:10F5C0007B68012252421A857B682A22FF219954C6
:10F5D000C046BD4602B080BD80B584B000AF020019
:10F5E0003960FB1D1A700F217B1800221A703B68CE
:10F5F00005221A703B68FA1D12785A707B18002297
:10F600001A701BE00F217B181A7813001B019B183E
:10F610009B003A68D3180433BB60BB6803221A709E
:10F62000BB6803225A70BB6804221A71BB680022AF
:10F630005A717B181A787B1801321A703B681B7854
:10F640000F22BA1812789A42DCD3C046C046BD4693
:10F6500004B080BD80B586B000AF78607B681E4A7C
:10F66000944663443B6117217B1800221A700F23D4
:10F67000FB1805221A703B69A133FF33BB607B186E
:10F6800000221A701BE017203B181A78B968130083
:10F690009B009B185B00CB18043301221A703B18A7
:10F6A0001A78B96813009B009B185B00CB180633CF
:10F6B00000221A803B181A783B1801321A7017235F
:10F6C000FA180F23FB1812781B789A42DBD3C04636
:10F6D000C046BD4606B080BDB0200000B0B582B0C7
:10F6E00000AF05000C0010001900FB1D2A1C1A7049
:10F6F000BB1D221C1A707B1D021C1A703B1D0A1CAC
:10F700001A70BB1D1B781B01DAB2FB1D1B78D318C6
:10F71000DAB2BB6B5A703B1D1B781B01DAB27B1D42
:10F720001B78D318DAB2BB6B9A701C23FB181B78BA
:10F730001B01DAB21823FB181B78D318DAB2BB6BA3
:10F74000DA702423FB181B781B01DAB22023FB1884
:10F750001B78D318DAB2BB6B1A712C217B181B787B
:10F760001B01DAB228203B181B78D318DAB2BB6B26
:10F770005A7134243B191B781B01DAB230257B19EE
:10F780001B78D318DAB2BB6B9A71BB6B5A78BB6B20
:10F79000DA71BB6B9A78BB6B1A72BB6BDA78BB6B96
:10F7A0005A72BB6B1A79BB6B9A72BB6B3A181278A0
:10F7B000DA727B191B781B01DAB27B181B78D3181D
:10F7C000DAB2BB6B1A73BB6B3A1912785A73BB6B04
:10F7D00000229A73BB6B5A78BB6BDA73BB6B9A7857
:10F7E000BB6B1A74BB6BDA78BB6B5A74BB6B1A7940
:10F7F000BB6B9A74BB6B5A79BB6BDA74BB6B9A792F
:10F80000BB6B1A75BB6B01225242DA82BB6B0122C1
:10F8100052421A83BB6B00221A70C046BD4602B02A
:10F82000B0BDB0B582B000AF05000C0010001900EB
:10F83000FB1D2A1C1A70BB1D221C1A707B1D021C8A
:10F840001A703B1D0A1C1A70BB1D1B781B01DAB213
:10F85000FB1D1B78D318DAB2BB6B5A703B1D1B78AB
:10F860001B01DAB27B1D1B78D318DAB2BB6B9A701E
:10F870001C23FB181B781B01DAB21823FB181B781A
:10F88000D318DAB2BB6BDA70BB6B5A78BB6B1A71E8
:10F89000BB6B9A78BB6B5A71BB6BDA78BB6B9A7196
:10F8A000BB6B5A78BB6BDA71BB6B9A78BB6B1A7205
:10F8B000BB6BDA78BB6B5A72BB6B1A79BB6B9A72F3
:10F8C000BB6B28217A181278DA7230203B181B782B
:10F8D0001B01DAB22C243B191B78D318DAB2BB6BAC
:10F8E0001A73BB6B34257A1912785A73BB6B0022DA
:10F8F0009A732423FB181B781B01DAB22023FB1810
:10F900001B78D318DAB2BB6BDA733B191B781B0177
:10F91000DAB27B181B78D318DAB2BB6B1A747B1976
:10F920001B781B01DAB23B181B78D318DAB2BB6B19
:10F930005A74BB6BDA7BBB6B9A74BB6B1A7CBB6B68
:10F94000DA74BB6B5A7CBB6B1A75BB6B01225242DB
:10F95000DA82BB6B012252421A83BB6B00221A70FF
:10F96000C046BD4602B0B0BD90B587B000AFF860EC
:10F970007A600A203B180A1C1A8016243B190022C0
:10F980001A807B6800221A707B6800225A607B68AC
:10F9900000221A727B680C225A723B181B88DAB25A
:10F9A0007B689A727B6800229A877B683E220021DE
:10F9B00099547B683F22002199547B6840220021A2
:10F9C00099527B684222002199527B68442200218F
:10F9D00099523B1900221A8021E016217A180A2335
:10F9E000FB1812881B889A4209D27B181B887A68F8
:10F9F00002339B00D3180433FA681A6009E0162317
:10FA0000FB181B887A6802339B00D318043300224A
:10FA10001A6016217B181A887B1801321A80162367
:10FA2000FB181B880B2BD8D9C046C046BD4607B073
:10FA300090BD80B584B000AF3A60BB1D021C1A8037
:10FA40003B1D0A1C1A800E217B1800221A800C20F4
:10FA50003B1800221A803B18BA1D12881A807B18A6
:10FA600000221A8017E03B1D1A880E217B181B8884
:10FA7000D31A013B3A68D3180C203A181288D2B234
:10FA80001A703B183A181288120A1A807B181A88C2
:10FA90007B1801321A800E23FA183B1D12881B882E
:10FAA0009A42E0D3C046C046BD4604B080BD80B592
:10FAB00084B000AF02003960BB1D1A800E23FB1812
:10FAC00000221A800EE00E203B1800229B5E1B02D3
:10FAD0001AB23B68591C39601B781BB213431AB227
:10FAE0003B181A80BB1D1B88BA1D591E1180002BA4
:10FAF000E9D10E23FB181B881800BD4604B080BD59
:10FB000080B584B000AF3A60BB1D021C1A803B1D5B
:10FB10000A1C1A800E217B1800221A800C203B1828
:10FB200000221A803B18BA1D12881A807B18002206
:10FB30001A8018E03B1D1A880E217B181B88D31AE7
:10FB4000013B3A68D3180C203A181288D2B21A70C6
:10FB50003B183A180020125E12121A807B181A887D
:10FB60007B1801321A800E23FA183B1D12881B885D
:10FB70009A42DFD3C046C046BD4604B080BD80B5C2
:10FB800084B000AF02003960BB1D1A800E217B18C3
:10FB900000221A803B681B785BB2002B11DA7B18BD
:10FBA000012252421A800CE00E203B181B881B02D7
:10FBB00019B23B685A1C3A601B781AB23B180A43C8
:10FBC0001A80BB1D1B88BA1D591E1180002BEBD15A
:10FBD0000E23FB1800229B5E1800BD4604B080BDBA
:10FBE00080B586B000AFF8607A600A23FB180A1C63
:10FBF0001A8016217B1800221A8000233B61FB68C3
:10FC00003B617B1800221A8014E00A23FB181A8833
:10FC100016217B181B88D31A013B7A68D3183A69DE
:10FC2000D2B21A703B691B0A3B617B181A887B1899
:10FC300001321A801623FA180A23FB1812881B882F
:10FC40009A42E2D3C046C046BD4606B080BD80B5EC
:10FC500084B000AF02003960BB1D1A800023FB6036
:10FC600007E0FB681A023B68591C39601B78134394
:10FC7000FB60BB1D1B88BA1D591E1180002BF0D1E3
:10FC8000FB681800BD4604B080BD80B584B000AFED
:10FC900002003960BB1D1A800023FB603B681B78A3
:10FCA0005BB2002B0BDA01235B42FB6007E0FB68D1
:10FCB0001A023B68591C39601B781343FB60BB1D5B
:10FCC0001B88BA1D591E1180002BF0D1FB6818004B
:10FCD000BD4604B080BD0000B0B584B000AF786010
:10FCE0000A00FB1C1A700F203B1800221A707B6858
:10FCF000BB60BB68FA1C0B4912785A54BB68094AAE
:10FD00009A5C05003C187B6885211800F4F73AFDE1
:10FD1000030023707B191B785BB21800BD4604B04A
:10FD2000B0BDC0466A030000B0B584B000AF7860D3
:10FD30000F257B1900221A707C197B68012118009D
:10FD4000FFF7CAFF030023707B191B785BB2180012
:10FD5000BD4604B0B0BDB0B584B000AF78600F252B
:10FD60007B1900221A707C197B6800211800FFF7AC
:10FD7000B3FF030023707B191B785BB21800BD46EC
:10FD800004B0B0BDB0B584B000AF78600A00FB1C11
:10FD90001A700F203B1800221A707B68BB60BA688B
:10FDA000F91CDA239B000978D154BA68DA239B0046
:10FDB000D25C05003C187B6883211800F4F7E2FC54
:10FDC000030023707B191B785BB21800BD4604B09A
:10FDD000B0BDB0B584B000AF78600F257B190022AC
:10FDE0001A707C197B6801211800FFF7CBFF030014
:10FDF00023707B191B785BB21800BD4604B0B0BD00
:10FE0000B0B584B000AF78600F257B1900221A705E
:10FE10007C197B6800211800FFF7B4FF03002370F2
:10FE20007B191B785BB21800BD4604B0B0BDB0B5FD
:10FE300086B000AF0200BB1D1A807B1D0A1C1A7021
:10FE400000237B6113257B1900221A700023FB60BD
:10FE5000BB1D1B88180003F05DFA03007B617C1951
:10FE60007B1D1B78180003F069FE030023707A697C
:10FE70001300DB009B181B02FB60FB689B09FB6007
:10FE80007B191A78FB685343FB60FB689B09FB6096
:10FE9000FB681800BD4606B0B0BDB0B588B000AF75
:10FEA000F8600C00100019000A257B19221C1A802A
:10FEB0000823FB18021C1A80FB1D0A1C1A70002361
:10FEC0007B611E23FB1800221A8000233B611C2447
:10FED0003B1900221A801A23FB1800221A80FB68A3
:10FEE0001B01FA2291001800D0F7BEF903003B6114
:10FEF0007B1900229B5E002B05DA7B191B885B4275
:10FF00009AB23B191A800822BB1800215B5E002BB5
:10FF100006DABB181B885B429AB21A23FB181A80B8
:10FF20001C23FB1800229A5E1A23FB1800215B5E3B
:10FF3000D3185B017B617B69FA2291001800D0F72E
:10FF400093F903007B617A693B69D3187B61FB1DE0
:10FF50001A787B6953437B617B691033002B00DA8D
:10FF60001F335B117B617A6980235B029A4205DB58
:10FF70001E23FB18012252421A8003E01E23FB18A5
:10FF80007A691A801E23FB181B881800BD4608B02A
:10FF9000B0BD80B584B000AF786039600023FB60ED
:10FFA0007B681A033B685B08D31839681800D0F7E0
:10FFB000D1F80300FB60FB681800BD4604B080BDAB
:10FFC000B0B584B000AF786039600023FB600A25CB
:10FFD0007B1900221A803A687B6811001800FFF72D
:10FFE000D8FF0300FB607C19FB68180000F085F85F
:10FFF000030023807B191B881800BD4604B0B0BDE8
:020000040803EF
:10000000B0B58AB000AF7861396100237B6200220D
:100010000023BA61FB617B69BB600023FB603B6925
:100020003B6000237B603A687B68B868F968D0F76A
:10003000C3FA02000B00BA61FB61BA69FB69802058
:100040000001002112184B41BA61FB61FB691B05DD
:10005000BA69140B1C43FB691D0BBC61FD61BB69D4
:100060007B627B6A1800BD460AB0B0BD80B584B023
:1000700000AF78600A00BB1C1A800023BB6000231D
:10008000FB60BB1C00229A5E7B68D318FB60FB6898
:10009000002B02DA0023FB6006E0FA688023DB0213
:1000A0009A4201DB044BFB60FB68BB60BB68180035
:1000B000BD4604B080BDC046FFFF030080B584B0DC
:1000C00000AF02003960BB1D1A800023FB600023D3
:1000D000BB60BB1D1B88180000F045F80300FB60E7
:1000E0003A68FB6811001800FFF78AFF0300BB6045
:1000F000BB681800BD4604B080BD80B586B000AFB7
:1001000078601623FB1800221A8000233B610E231F
:10011000FB1800221A807B68002B1DD07B68013BF6
:100120003B6108E03B695B083B610E217B181A8844
:100130007B1801321A803B69FF2BF3D80E23FB1882
:100140001B881B0299B23B699BB2FF2213409AB2F3
:100150001623FB188A181A801623FB181B88180010
:10016000BD4606B080BD80B584B000AF0200BB1DA7
:100170001A800023FB60BB1D1B88FF221340BA1DA1
:100180001288120A92B293400133FB60FB68180098
:10019000BD4604B080BDB0B588B000AFF860B960AE
:1001A0007A601A00BB1C1A801F217B1800221A706B
:1001B00000237B610023BB611223FB1800221A80FD
:1001C000BB1C1B88002B03D17B18F1221A7080E026
:1001D0007B6B9A79BB1C1B8811001800FFF727FE68
:1001E00003007B617A69FB6811001800FFF7D1FEFC
:1001F0000300BB61BB69FF2B01D9FF23BB61BB6956
:10020000DAB23B6BDA7112257C197A69BB6811008E
:100210001800FFF7D5FE030023802C003B191B8834
:100220001B0A9BB2DAB27B6B1A703B191B88DAB2DD
:100230007B6B5A7025003C197A697B6811001800A5
:10024000FFF7BEFE030023802C003B191B881B0A0E
:100250009BB2DAB27B6B1A713B191B88DAB27B6BEB
:100260005A717B6B5A7ABB1C1B8811001800FFF770
:10027000DEFD03007B6125003C197A69BB68110033
:100280001800FFF79DFE030023802C003B191B88FC
:100290001B0A9BB2DAB27B6B9A703B191B88DAB2ED
:1002A0007B6BDA7025003C197A697B6811001800B5
:1002B000FFF786FE0300238029007B181B881B0A9A
:1002C0009BB2DAB27B6BDA717B181B88DAB27B6B7C
:1002D0001A721F23FB181B785BB21800BD4608B0CA
:1002E000B0BDB0B594B000AFF862B9622721282044
:1002F0000B18DA1900231370002200233A647B6480
:1003000000220023BA63FB63002200233A637B636D
:10031000FB6A5B88002B04D10B18DB19F1221A70E1
:100320009BE0FB6A5B78002B00D196E0BB6ADB7A2E
:10033000002B00D091E0BA6A8823D3583B62002397
:100340007B6201220023386A796A801859410200D1
:100350000B003A637B63BB6A7C229B5ABB61002320
:10036000FB61BA69FB69386B796BD0F725F902003C
:100370000B003A637B63FB6A9B683B6100237B61F4
:1003800001220023386979698018594102000B0065
:10039000BA63FB63FB6A5B88BB600023FB60BA68DF
:1003A000FB68B86BF96BD0F707F902000B00BA6372
:1003B000FB63FB6ADB683B60DB177B603A687B684A
:1003C000386B796BD0F7F8F802000B003A647B6465
:1003D000BA6BFB6B002B03DA0120002112184B4192
:1003E000D90754080C435D10200029003A6C7B6C3F
:1003F00012184B413A647B64BB6BFA6B134309D010
:10040000BA6BFB6B386C796CD0F792F802000B007A
:100410003A647B643A6CBB6AA0215A50BB6AA02242
:100420009A58BB6AA4215A50BB6AA4229B58FA6A04
:1004300052785208D2B29A18BB6AA4215A50BB6AA9
:10044000A4229A58FB6A5B7819001000CFF70CFFC2
:1004500003001900BB6AA4229950272328229B1865
:10046000DB191B785BB21800BD4614B0B0BD0000AC
:1004700080B586B000AF786039607B683B6100234F
:10048000FB600023BB601723FB1800221A703B6936
:10049000AF4A9B5A9B02FB603A69C1239B00D35A27
:1004A0009B02BB603B6934229B5C1A000123134012
:1004B00000D098E03B69A74A9B5C1B09DAB23B6815
:1004C0005A743B69A34A9B5C0F221340DAB23B6823
:1004D0001A743A69BD239B00D35C1B09DAB23B68EE
:1004E000DA733A69BD239B00D35C0F221340DAB262
:1004F0003B689A733B69984A9B5C1B09DAB23B687C
:100500005A733B69944A9B5C0F221340DAB23B68F2
:100510001A733B68A0229B58BA689A422EDA3B694C
:100520008E4A9B5C1B09DAB23B685A743B698B4A62
:100530009B5C0F221340DAB23B681A743A69BF23FE
:100540009B00D35C1B09DAB23B68DA733A69BF23BC
:100550009B00D35C0F221340DAB23B689A733B696D
:100560007F4A9B5C1B09DAB23B685A733B697C4A41
:100570009B5C0F221340DAB23B681A733B68A022DF
:100580009B58FA689A4200DCC7E03B69754A9B5C5D
:100590001B09DAB23B685A743B69724A9B5C0F22B2
:1005A0001340DAB23B681A743B696F4A9B5C1B09C3
:1005B000DAB23B68DA733B696B4A9B5C0F221340EB
:1005C000DAB23B689A733B69684A9B5C1B09DAB2F2
:1005D0003B685A733B69654A9B5C0F221340DAB251
:1005E0003B681A7399E03B69614A9B5C0F22134098
:1005F000DAB23B685A743A69BE239B00D35C0F227F
:100600001340DAB23B681A743A69BE239B00D35C8C
:100610001B09DAB23B68DA733B69564A9B5C0F22CE
:100620001340DAB23B689A733B69534A9B5C1B09DF
:10063000DAB23B685A733B694F4A9B5C0F22134006
:10064000DAB23B681A733B68A0229B58BA689A4298
:100650002EDA3A69C0239B00D35C1B09DAB23B68EF
:100660005A743A69C0239B00D35C0F221340DAB25C
:100670003B681A743B69414A9B5C1B09DAB23B68D0
:10068000DA733B693D4A9B5C0F221340DAB23B6848
:100690009A733B693A4A9B5C1B09DAB23B685A730E
:1006A0003B69374A9B5C0F221340DAB23B681A73EE
:1006B0003B68A0229B58FA689A422EDD3B69314A7A
:1006C0009B5C1B09DAB23B685A743B692D4A9B5C00
:1006D0000F221340DAB23B681A743B692A4A9B5CCA
:1006E0001B09DAB23B68DA733B69274A9B5C0F222D
:1006F0001340DAB23B689A733A69BC239B00D35C1F
:100700001B09DAB23B685A733A69BC239B00D35C7D
:100710000F221340DAB23B681A731723FB1800222A
:100720001A700BE017217B181B783A68D318012246
:100730009A747B181A787B1801321A701723FB18E9
:100740001B78052BEED9C046C046BD4606B080BD1D
:1007500002030000F5020000F3020000FD020000A9
:10076000FB020000EF020000EE020000ED020000BC
:10077000F9020000F7020000F6020000FF0200008C
:10078000FE020000F2020000F1020000F0B593B09A
:1007900004AFF860B9607A603B6037243B190022EF
:1007A0001A70FB68FB623623FB1800221A7035238F
:1007B000FB1800221A703223FB1800221A802A200C
:1007C0003B1800221A800023FB610023BB61172322
:1007D000FB1800221A702923FB18FA6AA249525CFE
:1007E0001A702623FB18F96A902292008A5A1A80FE
:1007F0002423FB18FA6A9D49525A1A8023257B1933
:10080000FA6A9B49525C1A703B187A1912781A805E
:100810003B183A18128812021A807B685B78072B03
:1008200007D07B685B78082B03D03B191B785BB241
:1008300016E12A23FB181B88002B04D13723FB1851
:100840001B785BB20CE13623FB1800221A70FBE028
:1008500036243B191B783A685E214C204343D31859
:100860005B181B78092B0BD03B191B783A685E216B
:100870004C204343D3185B181B78132B00D0DCE0CB
:100880007B685B79002B0BD13623FB181B783A6809
:100890005E214C204343D3185B1817221A700AE0DC
:1008A0003623FB181B783A685E214C204343D3184B
:1008B0005B1807221A703523FB1800221A70B3E068
:1008C00036243B191B783A6854214C204343D318F3
:1008D0005B18198835257B191A78786813005B0036
:1008E0009B189B00C31810331B88994217D93B19DA
:1008F0001B783A6854214C204343D3185B1819885D
:100900007B191A78786813005B009B189B00C3184A
:1009100010331A883223FB188A1A1A8018E03523FC
:10092000FB181A78796813005B009B189B00CB18A2
:10093000103319883623FB181B783A6854204C244E
:100940006343D3181B181A883223FB188A1A1A809B
:100950003223FA182A23FB1812881B889A425DD288
:1009600037217B181B785BB2002B2AD13523FB186B
:100970001A7813005B009B189B0008337A68D6181E
:100980003623FB181B784C22534310333A68D31894
:1009900004337C18BD682622BA1811882922BA1897
:1009A00010781722BA1803921C22BA180292182241
:1009B000BA180192009333002A0000F05BF803009C
:1009C000237037217B181B785BB2002B18D11725B9
:1009D0007B191B78092B13D12423FB180020185EE8
:1009E0003623FB181B784C22534310333A68D31834
:1009F00004337C187A19190000F042FB03002370BD
:100A00003623FB181B781722BA1814783A685E212F
:100A10004C204343D3185B18221C1A7035217B18D5
:100A20001A787B1801321A707B685B793522BA1804
:100A300012789A4200D243E700E0C04636217B1884
:100A40001A787B1801321A703B689B7C3622BA18E0
:100A500012789A4200D2FBE63723FB181B785BB270
:100A60001800BD460FB0F0BD3F020000420200007A
:100A70003E020000F0B5B5B000AFBA677B670F2645
:100A80007023F318DA19031C13700C2370229B18BF
:100A9000DA190B1C138057217023CB18DA190023A5
:100AA000137000220023B82038180260436000222F
:100AB0000023B02038180260436000220023C820C1
:100AC00038180260436000220023A8203818026012
:100AD000436000220023A0203818026043600022F7
:100AE00000239820381802604360002200239020E1
:100AF0003818026043600022002388203818026002
:100B0000436000238422BA18136000238022BA189D
:100B100013607023F318DB191B78002B0CD184238E
:100B200070229B18DB191B6809221A707023CB18DE
:100B3000DB191B785BB29EE2BB6F9B683B630023B3
:100B40007B6301220023386B796B801859410200C6
:100B50000B00B82179180A604B60BB6F5B88BB62E1
:100B60000023FB62BA6AFB6AB821791808684968F1
:100B7000CFF722FD02000B00B82179180A604B6004
:100B8000E823FB181B689B693B6200237B62012200
:100B90000023386A796A8018594102000B00B0219D
:100BA00079180A604B60E823FB181B68DB8ABB617D
:100BB0000023FB61BA69FB69B021791808684968AC
:100BC000CFF7FAFC02000B00B02179180A604B60E5
:100BD000B823FB181B681A0DBC23FB181B681D03E8
:100BE0001543B823FB181B681C03C823FB181C60A3
:100BF0005D60B023FB181A685B68100019000029BB
:100C000005DA0122002312184B4110001900CB070E
:100C10004208BA66BA6E1A43BA664B10FB66B86EE3
:100C2000F96EC823FB181A685B6812184B41C8217B
:100C300079180A604B60B023FB181A68B423FB18BC
:100C40001B681A430FD0B023FB181A685B68C821D1
:100C5000791808684968CFF76BFC02000B00C821BF
:100C600079180A604B60C823FB181A685B68C821B2
:100C7000791808684968CFF79FFC02000B00A8218B
:100C800079180A604B60A823FB18186859688022FD
:100C90001201002312184B41A82179180A604B60F9
:100CA000A823FB181A685B6810001900002905DAF0
:100CB000D34A002312184B41100019000B05020BF8
:100CC0003A663A6E1A433A660B137B663B6E7C6E4D
:100CD000A822BA1813605460E823FB181B689B6AAB
:100CE000A022BA1813600023A422BA181360E823C4
:100CF000FB181B685B6A3B6100237B61A023FB1828
:100D00001A685B6838697969121A8B41A0217918D1
:100D10000A604B60C823FB181A685B68A021791829
:100D200008684968CFF748FC02000B00A021791839
:100D30000A604B60A023FB181868596880221201D2
:100D4000002312184B41A02179180A604B60A023A0
:100D5000FB181A685B6810001900002905DAA84A18
:100D6000002312184B41100019000B05020BBA6545
:100D7000BA6D1A43BA650B13FB65BB6DFC6DA022FF
:100D8000BA1813605460A823FB181A685B6898218E
:100D900079180A604B60E823FB181B689B6ABB60EC
:100DA0000023FB60BA68FB689821791808684968D5
:100DB000CFF702FC02000B00982179180A604B6003
:100DC0009823FB181A685B68802000010021121824
:100DD0004B41982179180A604B609823FB181A68D8
:100DE0005B68002B03DA8648002112184B41190575
:100DF000100B3865386D084338651B137B653B6DF8
:100E00007C6D9822BA1813605460A823FB181A68E6
:100E10005B68902179180A604B60E823FB181B6817
:100E20005B6A3B6000237B603A687B68902179189D
:100E300008684968CFF7C0FB02000B0090217918C1
:100E40000A604B609023FB181A685B6880200001E1
:100E5000002112184B41902179180A604B609023B1
:100E6000FB181A685B68002B03DA6548002112182A
:100E70004B411905100BB864B86C0843B8641B13D8
:100E8000FB64BB6CFC6C9022BA1813605460902316
:100E9000FB181A685B680220002112184B41902150
:100EA00079180A604B609023FB181A685B68002B66
:100EB00003DA0320002112184B4199079008386487
:100EC000386C084338649B107B643B6C7C6C9022CC
:100ED000BA18136054607B6F1B688822BA181360BD
:100EE00000238C22BA1813608823FB181A685B68E9
:100EF0000220002112184B41882179180A604B60AA
:100F00008823FB181A685B68002B03DA0320002192
:100F100012184B4199079008B863B86B0843B8633F
:100F20009B10FB63BB6BFC6B8822BA181360546088
:100F30007B6F5A689823FB181B68D2188823FB180C
:100F40001B68D2189023FB181B68D3188022BA188C
:100F500013608023FB181B681B01180002F0D3FAF2
:100F600003001A00EC23FB181B681A60EC23FB1823
:100F70001B681B680F2270215218D21912785A432D
:100F8000EC23FB181B681A60EC23FB181B681B681A
:100F900020331A00EC23FB181B681A60EC23FB18A3
:100FA0001B681B68002B00DA3F339B111A00EC23EF
:100FB000FB181B681A607B6F5B688422BA18136089
:100FC0007B6F1B681A008423FB181B689B1A842202
:100FD000BA181360A023FB181B688422BA18126881
:100FE0009A420FDAA023FB181A688423FB181B68A7
:100FF000D21A802370215B18DB191B681A600EE07F
:10100000FF0F0000A023FB181B688422BA18126887
:10101000D21A802370215B18DB191B681A608023A9
:1010200070229B18DB191B681A68EC23FB181B68DD
:101030001B689A4212DDE823FB181B68DB8A0C222E
:1010400070215218D21912889A4207D28423702232
:101050009B18DB191B6814221A7006E08423702287
:101060009B18DB191B6809221A70572370229B18E2
:10107000DB191B785BB21800BD4635B0F0BDC04629
:1010800080B586B000AFB9607A600E23FB18021CF1
:101090001A801523FB1800221A7016203B18002214
:1010A0001A80BB6848229A5EBB6844215B5E9A4204
:1010B0000CDDBB6848229B5E9AB2BB6844215B5E34
:1010C0009BB2D31A9AB23B181A800CE0BB68442238
:1010D0009B5E9AB2BB6848215B5E9BB2D31A9AB200
:1010E0001623FB181A800E217B1800229B5E002B12
:1010F0000CDD1623FA187B180021525E00215B5E7E
:101100009A4203DD7B6816221A7002E07B6809228E
:101110001A701523FB181B785BB21800BD4606B089
:1011200080BDF0B58FB004AFF860B9607A603B6005
:101130002723FB1800221A70FB683B620023BB6167
:1011400000237B611F23FB18396A962292008A5C78
:101150001A701C23FB18396A902292008A5A1A804E
:101160003B684A229B5C092B09D03B684A229B5C66
:10117000132B04D03B684A229B5C142B2FD17B6835
:1011800042229B5C092B09D07B6842229B5C132B7B
:1011900004D07B6842229B5C142B20D13B684A22FE
:1011A000092199547B6838331E003B684A33272253
:1011B000BC18BD681C22BA1811881F22BA181078F2
:1011C00003931823FB1802931423FB1801933B6825
:1011D000009333002A00FFF74DFC03002370272300
:1011E000FB181B785BB21800BD460BB0F0BD80B594
:1011F00088B000AFF860B9607A601F23FB18002246
:101200001A700023BB6100237B6100233B617B6874
:1012100000221A80BB6886229B5A002B1BD0BB6819
:1012200086229B5A180002F003FB0300BB61FB6897
:1012300021229B5C1B027B617B69BA6953433B6142
:101240003B698022D20194466344DB0B3B613B69DE
:101250001AB27B681A801F23FB181B785BB2180038
:10126000BD4608B080BDF0B5C64600B58EB004AF2F
:1012700005000C00100019000E23FB182A1C1A8010
:101280000C23FB18221C1A800B23FB18021C1A705B
:101290000A23FB180A1C1A700E250823EB18DB1909
:1012A00000221A800C260823F318DB1900221A806A
:1012B0000A2308229B18DB1900221A80082208231F
:1012C000D318DB1900221A8000233B620023FB6144
:1012D00000237B620023BB610A23FB1819780B23D0
:1012E000FB1818780823F318DB1903930823EB186D
:1012F000DB19029340240822A31808229446BC4418
:1013000063441B880193FB6C0093FF23C72200F00A
:10131000AEFA0823EB18DB191B88002B00D184E000
:101320007E600823F318DB191B88002B00D17CE0BA
:10133000342108228B1808218C46BC4463441C7855
:10134000302116008B1808229446BC4463441B7855
:1013500098460A23FB1819780B23FB1818783300DA
:101360001E0008229B18DB1903930A2308229B18EE
:10137000DB19029340239B1908229446BC44634422
:101380001B880193FB6C00932300424600F06FFA28
:10139000BB6C9B883B620A2308229B18DB191B88C5
:1013A0001A003B6A53433B620823EB18DB191B8886
:1013B0001900386ACEF7CEFE03003B62BB6CDB88B7
:1013C000FB61330008229B18DB191B881A00FB699C
:1013D0005343FB617E680823F318DB191B8819004F
:1013E000F869CEF7B7FE0300FB610E23FB1800225D
:1013F0009B5E3A6A53437B620C23FB1800229B5E80
:10140000FA6953437A6AD3187B623A6AFB69D31844
:10141000BB61BB69002B0AD07B6A9B00B9691800CD
:10142000CEF722FF03007B6202E0C04600E0C04628
:101430007B6A1AB27B6D1A80C046BD460AB080BC7A
:10144000B846F0BD80B584B000AFB9607A603B604B
:101450000F217B18021C1A707B181B78DB08DAB28C
:10146000BB681A707B181B7807221340DAB27B68BE
:101470001A707B681B781A0001239340DAB23B682C
:101480001A70C046BD4604B080BD80B582B000AFC2
:101490003A60FB1D021C1A70BB1D0A1C1A70FB1D52
:1014A0001B78072B0CD9BB1D1B78DB00DAB2FB1DA8
:1014B0001B78D31ADBB2713BDAB23B681A700CE0CE
:1014C000BB1D1B780F22D31ADBB2DB00DAB2FB1D87
:1014D0001B78D318DAB23B681A70C046BD4602B01A
:1014E00080BD80B584B000AFB9607A600F217B18F1
:1014F000021C1A707B181B781B09DAB27B681A7001
:101500007B181B780F221340DAB2BB681A70C046F2
:10151000BD4604B080BD80B582B000AF3A60FB1D0F
:10152000021C1A70BB1D0A1C1A70BB1D1B781B0104
:10153000DAB2FB1D1B78D318DAB23B681A70C046CA
:10154000BD4602B080BDF0B587B000AFBA607B6029
:101550000F26BB19021C1A700E23FB180A1C1A70E6
:1015600017243B1900221A7016217B1800221A70CA
:1015700015257B1900221A701422BB1800221A703C
:101580003A197918BB191B78180002F0F2FB1422E3
:10159000BA1879190E23FB181B781800FFF7A1FF62
:1015A0003B191B781A007B191B780133002B00DADA
:1015B00001335B105B429BB2D3189BB21AB2BB687B
:1015C0001A80BB6800229B5E002B02DABB680022F7
:1015D0001A80BB6800229B5E9BB21522BA18127853
:1015E0009B189BB21AB23B6B1A803B6B00229B5E2E
:1015F0000F2B02DD3B6B0F221A801623FB181B7882
:101600001A001423FB181B780133002B00DA013376
:101610005B105B429BB2D3189BB21AB27B681A80F4
:101620007B6800229B5E002B02DA7B6800221A8016
:101630007B6800229B5E9BB21422BA1812789B181A
:101640009BB21AB27B6B1A807B6B00229B5E0F2BC6
:1016500002DD7B6B0F221A80C046BD4607B0F0BD8D
:10166000B0B584B000AF0200FB1D1A70BB1D0A1C90
:101670001A700F203B1800221A700E243B19FA1D15
:10168000127803210A401A700D257B19BA1D1278B1
:1016900003210A401A703B191B78002B06D17B19D5
:1016A0001B78022B02D13B1801221A700E23FB1863
:1016B0001B78022B08D10D23FB181B78002B03D1BC
:1016C0000F23FB1801221A700F23FB181B78180038
:1016D000BD4604B0B0BDF0B58BB002AF0400080049
:1016E0003A601900FB1D221C1A70BB1D021C1A70E7
:1016F0003B1D0A1C1A801E23FB1800221A801C2680
:10170000BB1900221A8018203B1800221A801621CB
:101710007B1800221A801423FB1800221A80122240
:10172000BB1800221A8011243B1900221A701024C1
:101730003B1900221A700F243B1900221A700E2444
:101740003B1900221A701B243B1900221A700D004D
:101750007C183A18BB1D1978FB1D18781223FB184A
:1017600001931423FB1800932300FFF7ECFEBB6BDF
:1017700000221A80BB197A1912881A8068E01E2389
:10178000FB181822BA1812881A804EE01C243B1944
:101790001B88D8B21E257B191B88DBB21126BA190B
:1017A0001900FFF772FEBB1918780E26BB190F221D
:1017B000BA1810217918FFF745FE10217B181B7805
:1017C0001A003B689B181B78BA1912781340DBB2D9
:1017D000002B21D03B191B88DAB27B191B88DBB2A6
:1017E0001B257C1919001000FFF73AFF0300237036
:1017F0007B191B78002B08D0BB6B1A883B1D1B88FC
:10180000D3189AB2BB6B1A8006E0BB6B1B880133FE
:10181000FF339AB2BB6B1A801E217B1800229B5E9D
:101820009BB201339AB27B181A801423FB18002252
:101830009B5E1E22BA180021525E9A42A6DD1C2130
:101840007B1800229B5E9BB201339AB27B181A80F0
:101850001223FB1800229B5E1C22BA180021525E44
:101860009A428CDDC046C046BD4609B0F0BDF0B519
:101870008DB002AF05000C0010001900FB1D2A1CE2
:101880001A70BB1D221C1A707B1D021C1A703B1D96
:101890000A1C1A702623FB1800221A802426BB1962
:1018A00000221A801E217B1800221A801C203B185F
:1018B00000221A801A23FB1800221A801822BB1853
:1018C00000221A8016243B1900221A8014257B1945
:1018D00000221A801222BB1800221A8010243B1901
:1018E00000221A800F22BB1800221A700E22BB1889
:1018F00000221A700D22BB1800221A700C22BB188D
:1019000000221A702122BB1800221A702222BB1852
:1019100000221A803C187A18BB1D1978FB1D187814
:101920001823FB1801931A23FB1800932300FFF7D9
:101930000AFE7C191623FA183B1D19787B1D1878AE
:101940001023FB1801931223FB1800932300FFF7C9
:10195000FAFDBB6C00221A80FB6C00221A80BB19B6
:101960007A1912881A80A0E02623FB181622BA18CA
:1019700012881A8085E024243B191B88D8B22625BA
:101980007B191B88DBB20F26BA191900FFF77DFD02
:10199000BB1918780C26BB190D22BA180E2179181C
:1019A000FFF750FD0E217B181B781A003B6C9B182B
:1019B0001B78BA1912781340DBB2002B58D03B19B0
:1019C0001B88DAB27B191B88DBB221257C19190030
:1019D0001000FFF745FE030023707B191B78002BD6
:1019E00008D02223FB183C2208215218D219128851
:1019F0001A8004E02223FB18802252001A801E2342
:101A0000FB1800229B5E26217A180020125E9A4263
:101A100025DB1A23FB1800229B5E7A180021525EF8
:101A20009A421CDC1C23FB1800229B5E24217A189E
:101A30000020125E9A4212DB1823FB1800229B5EE4
:101A40007A180021525E9A4209DCBB6C1A88222364
:101A5000FB181B88D3189AB2BB6C1A8008E0FB6C89
:101A60001A882223FB181B88D3189AB2FB6C1A80A1
:101A700026217B1800229B5E9BB201339AB27B1811
:101A80001A801223FB1800229B5E2622BA1800211E
:101A9000525E9A4200DC6EE724217B1800229B5E96
:101AA0009BB201339AB27B181A801023FB180022D4
:101AB0009B5E2422BA180021525E9A4200DC53E752
:101AC000C046C046BD460BB0F0BD90B587B000AF74
:101AD000F860B9607A603B6017243B1900221A70E5
:101AE0007B681800FDF714FDFB6878229A5C7B6820
:101AF0001A70BB689A7C7B685A70FB687A229A5C81
:101B00007B689A70FB687B229A5C7B68DA70BB68A2
:101B100014333B613B1900221A7070E01723FB1845
:101B20001B78002B02D0012B34D05FE03B69DA8AAE
:101B30007B689A803B691A8E7B68DA803B695A8E93
:101B40007B68DA823B699A8E7B681A813B699A8F3F
:101B50007B685A813B6940229A5A7B689A813B692B
:101B600046229B5E9AB27B68DA813B699A8A7B68DF
:101B70001A843B699A6A3B685A603B69DA6A3B6837
:101B80009A603B699A693B68DA603B695A6A3B68CC
:101B90001A602BE03B69DA8A7B681A833B691A8EEC
:101BA0007B685A833B699A8E7B689A833B699A8FDC
:101BB0007B68DA833B6940229A5A7B681A843B69C6
:101BC00046229B5E9AB27B685A843B699A6A3B685C
:101BD0005A613B69DA6A3B689A613B699A693B687A
:101BE000DA613B695A6A3B681A61C0463B694C330B
:101BF0003B6117217B181A787B1801321A70BB6879
:101C00009B7C1722BA1812789A4200D286E7C04607
:101C1000C046BD4607B090BD80B588B000AF7860C3
:101C20001F217B1800221A707B68BB617B68184AF1
:101C3000944663447B61BB69D52292009446634419
:101C40003B61BB6932229B5C1A0013009B009B180E
:101C50005B00A133FF337A69D3180233FB60BB69A1
:101C60002D229A5CFB681A70BB6930229A5CFB6873
:101C70005A703B69DA7BFB681A723B691A7CFB6815
:101C80005A727B181B785BB21800BD4608B080BD45
:101C9000B020000090B58BB000AF786039601F2392
:101CA000FB1800221A707B68BB617B68424A94462D
:101CB00063447B617B69A133FF333B610F203B1899
:101CC000BA693921525C1A700C23FB18BA693B4976
:101CD000525A1A803A4B3B623B181A783969130002
:101CE0009B009B185B00CB18063300221A8024232C
:101CF000FB183A684A21525A1A802723FB180122FE
:101D00001A701FE027243B191B783A684A214C209F
:101D10004343D3185B181B8824217A1812889A42EF
:101D20000AD23B191A787B1839684A204C2462433E
:101D30008A18121812881A8027217B181A787B18A3
:101D400001321A703B689B7C2722BA1812789A429B
:101D5000D8D32423FB181B88002B02D1184B3B62DD
:101D600014E00C23FB181B889B033B622423FB1805
:101D70001B881900386ACEF7EDF903003B623A6A16
:101D800080235B029A4201D30D4B3B620F23FB1869
:101D90001A783B6A98B2396913009B009B185B0064
:101DA000CB180633021C1A801F23FB181B785BB26A
:101DB0001800BD460BB090BDB02000000603000027
:101DC000FFFF000080B58AB000AF78602723FB18C2
:101DD00000221A707B683B623B6A2C33FB613B6AD2
:101DE000C233BB613B6ABB229200944663447B6171
:101DF000BB6902333B61FB695A780F203B18012114
:101E00000A401A703B6A32229B5C1900BB6930227F
:101E10005B189B181B78012B21D13B181B78002BDA
:101E20000BD13B695A787B695A703B699A787B6918
:101E30009A703B69DA787B69DA700F23FB181B789C
:101E4000002B67D03B695A787B691A713B699A7895
:101E50007B695A713B69DA787B699A715AE03B6A0F
:101E600032229B5C1900BB6930225B189B181B78DF
:101E7000022B22D10F23FB181B78002B0BD13B69BF
:101E8000DA797B695A703B691A7A7B699A703B6987
:101E90005A7A7B69DA700F23FB181B78002B39D034
:101EA0003B69DA797B691A713B691A7A7B695A71E5
:101EB0003B695A7A7B699A712CE03B6A32229B5CBF
:101EC0001900BB6930225B189B181B78032B21D1AA
:101ED0000F23FB181B78002B0BD13B69DA7B7B6946
:101EE0005A703B691A7C7B699A703B695A7C7B69A2
:101EF000DA700F23FB181B78002B0BD03B69DA7BC1
:101F00007B691A713B691A7C7B695A713B695A7CFF
:101F10007B699A712723FB181B785BB2002B0AD1CF
:101F20003B6A094A99183B6ACF2292009A187B694A
:101F30001800FCF73BFE2723FB181B785BB2180048
:101F4000BD460AB080BDC0460603000090B589B00A
:101F500000AFF8607A603B600B203B180A1C1A70D7
:101F60001F23FB1800221A70FB68BB6117243B1962
:101F7000BA691A49525C1A703B191B78002B04D1BC
:101F80007B683A1812781A7020E03B681B781A00B8
:101F90001723FB181B78013B9A4211D17B681B78F1
:101FA000FF2B03D17B6880221A7005E07B681B78C9
:101FB0000133DAB27B681A703B6800221A7005E0C0
:101FC0003B681B780133DAB23B681A701F23FB1899
:101FD0001B785BB21800BD4609B090BD2703000016
:101FE00080B586B000AFF860B9607A601723FB183F
:101FF00000221A70FB6830229B5C012B18D17B6891
:102000005A78BB685A707B689A78BB689A707B680C
:10201000DA78BB68DA707B685A78BB681A717B68BB
:102020009A78BB685A717B68DA78BB689A713AE033
:10203000FB6830229B5C022B18D17B68DA79BB6885
:102040005A707B681A7ABB689A707B685A7ABB6848
:10205000DA707B68DA79BB681A717B681A7ABB68B8
:102060005A717B685A7ABB689A711CE0FB6830220F
:102070009B5C032B17D17B68DA7BBB685A707B684B
:102080001A7CBB689A707B685A7CBB68DA707B6884
:10209000DA7BBB681A717B681A7CBB685A717B68F3
:1020A0005A7CBB689A711723FB181B785BB2180027
:1020B000BD4606B080BD0000F0B59FB000AFF8632C
:1020C0002F2338229B18DA1900231370FB6B3B6611
:1020D000FB6B6C4A94466344FB653B6E6A4A9446CC
:1020E0006344BB653B6E9F225201944663447B650B
:1020F000FB6D3B653B6D4533FF33FB64FB6CDB697C
:102100007B677B6F002B02D1FA239B007B67FB6C04
:102110009A6AFB6C5B6AD3183B6400237B64FA22E7
:1021200092000023386C796CCEF746FA02000B005F
:10213000100019007B6FBB600023FB60BA68FB686E
:10214000CEF71AFA02000B003A647B64FA2292007E
:102150000023386C796CCEF72FFA02000B001000C8
:1021600019007B6F3B6000237B603A687B68CEF789
:1021700003FA02000B003A647B64BB6D9A68FB6C47
:10218000DB8A5343BB660023FB66BB6EFA6E1343C8
:1021900003D101220023BA66FB66386C796C020019
:1021A0000B00D40E5E01264355012A003300121A9B
:1021B0008B41940F9D007D637D6B25437D63930070
:1021C0003B633A6B7B6B12184B41510DD802F8629E
:1021D000F86A0843F862D302BB62BA6AFB6A3A64DF
:1021E0007B64BA6EFB6E386C796CCEF7C5F9020071
:1021F0000B003A647B64386C796C02000B00D40EDF
:102200005D017D627D6A25437D6253013B623A6ACE
:102210007B6A121A8B41940F9D00FD61FD69254375
:10222000FD619300BB61BA69FB6912184B41510D06
:10223000D8027861786908437861D3023B613A69D2
:102240007B693A647B64BA6EFB6E386C796CCEF74E
:1022500093F902000B003A647B643A6C7B6D5A6020
:102260007B6D5B68012B02D87B6D02225A602F23A5
:1022700038229B18DB191B785BB21800BD461FB0D3
:10228000F0BDC046B02000009C13000090B595B092
:1022900000AFF860B9607A603B603723FB1800221A
:1022A0001A70FB683B633B6BA52292009446634423
:1022B000FB623B6BCB4A94466344BB623A6BBE23E2
:1022C0005B00D35C012B06D1FB68C74A9B5C012BEA
:1022D00001D1012200E000222723FB181A705823A5
:1022E00008229B18DB191B78012B07D17B689B8880
:1022F0001A00BB68D2183B689A6002E03B68BA6873
:102300009A60FB6A9B68BB644623FB18FA6A928951
:102310001A804423FB18FA6AD2891A807B682E221D
:102320009B5C002B04D07B6828229B5C012B2ED168
:10233000BB6A1B68002B2AD013243A19FB681100D2
:10234000180000F091FF2200BB181B78002B02D16F
:10235000BB1801221A702723FB181B78002B03D10E
:10236000BB6A1B68BB6408E01323FB181B785A1E6A
:10237000BB6A02329200D358BB644623FB18BA6A88
:1023800092881A804423FB18BA6AD2881A807B6824
:102390002E229B5C002B0CD14623FB1800229B5E57
:1023A000002B06D13B685B7901221343DAB23B680C
:1023B0005A717B682E229B5C002B0CD14423FB18A6
:1023C00000229B5E002B06D13B685B7902221343FF
:1023D000DAB23B685A71BB6C002B01D10123BB649C
:1023E0007B682E229B5C012B0AD14E23FB187A6856
:1023F000528D1A804C23FB187A68928D1A8023E044
:102400004623FB1800229B5E9B01B96C1800CDF798
:10241000A1FE03001A004E217B181A807B687A18EF
:1024200012885A854423FB1800229B5E9B01B96CDD
:102430001800CDF78FFE03001A004C217B181A807C
:102440007B687A1812889A857B6828229B5C002B0F
:102450002CD13B689B684E22BA180021525E534330
:10246000FB63FB6B9B11FB63FA6B80235B029A425D
:1024700001DB5E4BFB63FB6B1AB23B689A813B68E6
:102480009B684C22BA180021525E5343FB63FB6BDE
:102490009B11FB63FA6B80235B029A4201DB534B77
:1024A000FB63FB6B1AB23B68DA8145E07B6828224C
:1024B0009B5C012B40D13B689B68BA6CD31AFB63D1
:1024C000FB6B002B00DA0F331B11FB63FB6B9B00D4
:1024D000FB634623FB1800229B5EFA6BD318FB6359
:1024E000FA6B80235B029A4201DB404BFB63FB6B80
:1024F0001AB23B689A813B689B68BA6CD31AFB633B
:10250000FB6B50211800CDF7AFFE0300FB63FB6BA4
:102510009B00FB634423FB1800229B5EFA6BD318DD
:10252000FB63FA6B80235B029A4201DB2F4BFB6358
:10253000FB6B1AB23B68DA817B685B78012B00D0B9
:1025400096E05C2308229B18DB191B78012B00D135
:102550008EE03B6801229A713B689B683B621324C2
:102560003A19FB681100180000F07EFE3A6BC22396
:102570005B00D35CFB61BB6A0833BB632200BB1802
:102580001B78002B58D02723FB181B78002B53D027
:102590003B6A002B50D0BB181B785A1EBB6A023214
:1025A0009200D358BB61BA6913005B019B1A9B0070
:1025B0009B18DB00396A1800CDF7CCFD03007B6166
:1025C0007B681B6C7A699A4203D33B6800229A713C
:1025D00032E07B69002B2FD04323FB1800221A70B6
:1025E00024E0C04644120000D4240000FFFF000095
:1025F000BB6B1A6813005B019B1A9B009B18DB00E6
:102600001A00BB6B1A60BB6B1B6879691800CDF7A9
:10261000A1FD03001A00BB6B1A60BB6B0433BB63E4
:1026200043217B181A787B1801321A704323FB1858
:102630001B78FA699A42DBD83B689B79002B17D04C
:102640003B689A68FB6A1A603B680C229A5EFB6AD8
:102650009A803B680E229A5EFB6ADA807B689B78E0
:10266000012B05D17B6800225A707B6800229A708A
:102670005C2308229B18DB191B78012B02D03B68D6
:1026800001221A703723FB181B785BB21800BD4675
:1026900015B090BDF0B5A3B002AF78624D232021F4
:1026A0005B18DB1900221A707B6ABB667B6AC24A20
:1026B000944663447B66BB6EC04A944663443B6663
:1026C000BB6E9F22520194466344FB657B6E91333F
:1026D000FF33BB657B6E7B65BB6EA5229200944683
:1026E00063443B652F235B18DB1900221A702E23ED
:1026F0005B18DB1900221A705F235B18DB190022BC
:102700001A702D235B18DB1900221A700023BB6797
:10271000002200233A647B6457235B18DB190022F4
:102720001A7000233B670023FB630023BB63002375
:102730007B634F235B18DB1900221A704E235B1852
:10274000DB1900221A70BA6EBE235B00D35C012B2A
:1027500006D17B6A9A4A9B5C012B01D1012200E0E1
:102760000022132620217318DB191A700B235B1823
:10277000DA197B6A1100180000F076FD0B23202285
:102780009B18DB191B78002B04D0B318DB191B78BE
:10279000002B05D10B2320229B18DB1901221A7074
:1027A0007B6E180000F05AFB3B6E5B6A002B0DD06D
:1027B0003B6E5B6A0B2220215218D21912785A43C1
:1027C000796DBC235B00CB5A9A4201D9012200E00B
:1027D00000222D2320215B18DB191A7013235B18AC
:1027E000DB191B78002B09D0BA6EC2235B00D25CC8
:1027F0000B235B18DB191B789A4201D1012200E000
:1028000000222E2120200B18DB191A703B6E1B783A
:10281000012B12D12D231B18DB191B78002B0CD098
:102820007A6DC7235B00D35C092B06D10B18DB192B
:102830001B78002B01D0012200E000222F23202151
:102840005B18DB191A707A6DC7235B00D35C092B08
:1028500000D1BDE03B6E1B78012B00D0B8E05F23B8
:102860005B18DB1902221A704F235B18DB19002258
:102870001A7041E04F262022B318DB191A78796DBF
:102880005E204C235343CB181B181B78092B2AD1ED
:102890002022B318DB191A78796D5A204C23534340
:1028A000CB181B1800229B5E1A003B6E9B8F9A422E
:1028B00006DC5F2320229B18DB1900221A7012E02D
:1028C0005F2220215318DB191B78022B0BD15318E0
:1028D000DB1901221A704E235B18DB194F225218A4
:1028E000D21912781A704F2120200B18DB191A7890
:1028F0000B18DB1901321A707B6D9B7C4F22202153
:102900005218D21912789A42B4D35F225318DB19A5
:102910001B78022B03D15318DB1900221A704E23A7
:1029200020215B18DB191A7810235B18DE19796DEA
:1029300048204C235343CB181B181B8833805F223D
:1029400020215318DB191B78012B41D110235B1870
:10295000DB191B889BB2BB610023FB61FA2292004A
:102960000023B869F969CDF727FE02000B003A642D
:102970007B643B6CDB0D7A6C55021D433B6C5C0247
:102980003C647D643B6E1B6B3B6100237B617B6C15
:1029900039697A691000834207D37B6C1000834247
:1029A00010D13B6C0A0093420CD25F2320229B186B
:1029B000DB1901221A700BE0B02000009C1300000C
:1029C000D42400005F2320229B18DB1900221A70F8
:1029D0002F2320229B18DB191B78002B00D11DE12F
:1029E000FB6D00221A617B6A1800FFF765FB7A6DA8
:1029F000BE235B00D358FB633B6D1B68FB62FB6A25
:102A00009B00BB633B6E9B889B007B63FA6BBB6B3D
:102A1000D21A7B6BD318BB67BB6F002B02DABB6F7C
:102A20005B42BB673B6E9B691A00BB6F93420CDD38
:102A3000BA6B7B6BD21AFB6B9A4203DABB6D012235
:102A40009A7002E0BB6D02229A70FB6D1B685A1CE3
:102A5000FB6D1A60FB6D1A683B6E5B699A4209D97F
:102A6000BB6D01221A71572320229B18DB19022209
:102A70001A700DE0FB6D9A68DB68F96BB960002194
:102A8000F960B868F96812184B41F96D8A60CB603B
:102A9000FB6D1A68FB6D5B689A4205D257232022B2
:102AA0009B18DB1901221A70FB6D9868D968FB6DC1
:102AB0001B683B6000237B603A687B68CDF75CFD58
:102AC00002000B0013003B673A6FBB6BD21A7B6BA3
:102AD000D318BB67BB6F002B02DABB6F5B42BB67CF
:102AE000572320229B18DB191B78002B12D13B6E39
:102AF000DB691A00BB6F93420CDBBA6B7B6BD21A9B
:102B00003B6F9A4203DABB6D0122DA7002E0BB6DC3
:102B10000222DA70572120200B18DB191B78002BBA
:102B200009D13B6EDB691A00BB6F934203DA0B18C5
:102B3000DB1902221A70BB6D00225A705721202027
:102B40000B18DB191B78002B14D13B6E1B6A002B72
:102B500010D03B6E1B6A0B221218D2191278534305
:102B60003A6F9A4206D9BB6D01225A700B18DB19D5
:102B700002221A703B6E1B7C002B07D03B6EDB6879
:102B80003A6F9A4202D93B6EDB683B673B6E1B7C17
:102B9000002B07D13B6EDB683A6F9A4202D23B6E44
:102BA000DB683B673B6F9B083B673A6F8023DB0228
:102BB0009A4201D3484B3B6757252026AB19DB19B6
:102BC0001B78002B0ED1BB6D3A6E396F786A0024EA
:102BD000019401240094FFF759FBAB19DB19022281
:102BE0001A7009E0BB6D3A6E396F786A012401945E
:102BF00001240094FFF74AFB572320229B18DB197E
:102C00001B78022B0AD1F96D002200238A60CB6069
:102C1000FB6D00221A60FB6D00221A6157212020F3
:102C20000B18DB1900221A705F231B18DB191B78A5
:102C3000012B46D1FB6D1B695A1CFB6D1A61FB6DA4
:102C40001A693B6E5B6B9A4203D20B18DB190122A7
:102C50001A703B6E9B6B3B6757252026AB19DB191F
:102C60001B78002B11D1BB6D3A6E396F786A002446
:102C7000019400240094FFF709FBBB6D02221A7037
:102C8000AB19DB1902221A7009E0BB6D3A6E396F7D
:102C9000786A0124019400240094FFF7F7FA57237F
:102CA00020229B18DB191B78022B0AD1F96D002218
:102CB00000238A60CB60FB6D00221A60FB6D00224E
:102CC0001A614D2320229B18DB191B785BB2180078
:102CD000BD4621B0F0BDC046FFFF030090B587B0F0
:102CE00000AF786017243B1900221A707B683B61A3
:102CF0007B68424A94466344FB603B69404A012139
:102D000099543B693F4A012199543B693E4A00214D
:102D100099543A699D235B0180218900D1523B6916
:102D20003A49FA2252005A503B69394A00219950D7
:102D30003B69384A002199543B69374AC821995068
:102D40003B693649A02292015A503B69344980229E
:102D500052015A503B69334A334999503A699E238C
:102D60005B01A021C900D1503B69304A0021995430
:102D70003B692F4A8021490099523B692D4A8021A5
:102D8000490099523B692C4A002199543B692B49CF
:102D9000DC2292045A503B69294A0A2199503B6926
:102DA0002849802212015A503B69274AE1218900B3
:102DB00099523B692549FA22D2005A503A699F2319
:102DC0005B010021D1503B69214A002199503B69A8
:102DD000204A9918002200230A604B603B691E4A72
:102DE00000219950FB68180000F038F83B191B7857
:102DF0005BB21800BD4607B090BDC046B0200000D1
:102E00009C1300009D1300009E130000A4130000FB
:102E1000A8130000AC130000B0130000B4130000AE
:102E2000B8130000BC13000000F80F00C41300002A
:102E3000C6130000C8130000CA130000CC13000022
:102E4000D0130000D4130000D8130000DC130000DE
:102E5000E4130000E8130000F013000080B584B014
:102E600000AF78600F217B1800221A707B689133C5
:102E7000FF33BB60BB6800221A70BB6800225A7027
:102E8000BB6800229A70BB680022DA70BB6800221F
:102E90001A71BB6800225A71BB6800229A71BB6824
:102EA00000229A60BB6800229A81BB680022DA8106
:102EB0007B181B785BB21800BD4604B080BD0000D3
:102EC00090B585B000AF78600F243B1900221A70CE
:102ED0007B68BB60BB680D4A00219950BB680C4AF7
:102EE00000219952BB680B4A00219952BB680A4ADB
:102EF0009446634418220021180008F0DFFE3B19B5
:102F00001B785BB21800BD4605B090BD44120000AE
:102F1000481200004A1200004C12000080B584B034
:102F200000AF78600F203B1800221A707B68BB60EE
:102F3000BB68154A03219954BB68144A002199546F
:102F4000BB68134A00219954BB68124A0021995466
:102F5000BB68114A00219954BB68104A002199545A
:102F6000BB680F4A00219954BA68A0235B01002175
:102F7000D150BB680B4A002199523B181B785BB2B9
:102F80001800BD4604B080BDF8130000F91300001E
:102F9000FA130000FB130000FC130000FD130000F7
:102FA000FE1300000414000080B584B000AF786008
:102FB0000F23FB1800221A707B68BB60BB68194A9C
:102FC000FF219954BB68184A00219954BA68A0237C
:102FD0005B010021D150BB68144A00219952BB68A3
:102FE000134A9B5C002B05D0BB68114A995CBB68F7
:102FF000104A9954BB68104A9B5C002B06D0BB68F2
:103000000D4A995CBA68BA239B00D154BB680B4A3D
:10301000002199540F23FB181B785BB21800BD46A2
:1030200004B080BDFA130000FE1300000414000079
:10303000FC130000EB020000FD1300002F03000052
:1030400080B586B000AFF860B9607A6017217B1850
:1030500000221A707B6801225A707B6800229A70E5
:10306000BB688B225A74FB68054A1A82FB680222ED
:103070009A727B181B785BB21800BD4606B080BD03
:1030800000C8FFFF80B584B000AF78607B68FB604C
:103090000B203B1800221A70FB681F4A995CFB68E2
:1030A0001E4A9954FA68BA239B00D15CFB681C4AFB
:1030B0009954FB68184A9B5C7F221340D9B2FB6885
:1030C000154A9954FA68BA239B00D35C0322134033
:1030D000DAB2FB6813495B5C9B00DBB2D318D9B250
:1030E000FA68BA239B00D154FB680F4A0121995416
:1030F000FB680E4A995CFB680D4A9954FB680C4AC0
:10310000995CFB680B4A99543B181B785BB218001A
:10311000BD4604B080BDC046EB020000FC130000B9
:10312000FD130000F81300002F03000066130000D9
:10313000FE1300002903000080B586B000AF786060
:103140007B68FB60FB68414A94466344BB6017237D
:10315000FB1800221A70BB681B8A1A00BB681B8907
:10316000D3183B613A6980235B029A4201D3384B02
:103170003B613B691B043B61FB68364A9B5A002B51
:1031800004D11723FB18F1221A703EE0FB68314A84
:103190009B5A19003869CCF7DDFF03003B61FA68E0
:1031A000A0235B013969D150FB682B4A9B5A1B0451
:1031B0003B61FA68A0235B01D358002B04D117238D
:1031C000FB18F1221A7020E0FA68A0235B01D358A3
:1031D00019003869CCF7BEFF03003B613A698023D0
:1031E0005B029A4201D31A4B3B613B6999B2FB687F
:1031F0001A4A9952FB68194A995AFB68184A995217
:10320000FA68CC239B000221D15417203B181B786D
:103210005BB20F3311D1FB68104A12499952FB6817
:103220000E4A995AFB680E4A9952FA68CC239B00C1
:103230000221D1543B1800221A701723FB181B7867
:103240005BB21800BD4606B080BDC0466E030000EC
:10325000FFFF0000720300000603000004140000DA
:10326000360300000080FFFF90B587B000AF7860A4
:1032700039607B683B610F23FB1800221A7016230C
:10328000FB1800221A703A69F6239B00D35C073BB7
:103290005A425341DAB20E23FB181A701723FB1857
:1032A00000221A7022E01723FB1819780E23FB184E
:1032B0001B783869164C1A005200D21853011A00B4
:1032C0000B005B005B189B01D318C3181B191B680C
:1032D000002B05DD16217B181A787B1801321A7035
:1032E00017217B181A787B1801321A701723FB18E4
:1032F0001B78052BD7D93B681622BA1812781A709A
:103300000F23FB181B785BB21800BD4607B090BDB9
:10331000341C000080B584B000AF0200BB1D1A80D1
:103320000023FB60BB1D1B88002B08D0BB1D1B8826
:1033300019008023D805CCF797FF0300FB60FB68DA
:103340001800BD4604B080BDB0B58AB000AF78614A
:103350003961FA60BB60002200233A627B6200237D
:10336000FB61FB687A695343FB61FB691B0BFB61E3
:10337000FB693B6200237B62BB683A695343FB6194
:10338000FB691B09FB61FB693B6000237B603A68BA
:103390007B68386A796ACDF70FF902000B003A6250
:1033A0007B627B6A1B053A6A140B1C437B6A1D0B0C
:1033B0003C627D627B6A002B04D0012252420023D2
:1033C0003A627B623B6AFB61FB691800BD460AB04A
:1033D000B0BDF0B59FB000AFF8640B007A640A206E
:1033E00040228118CA191380002200233A677B67A4
:1033F00000220023BA66FB6600237B66FB6CBB6180
:10340000DB17FB61BA69FB69D10E5D010D43540105
:1034100023002C00BD69FE69290032005B1A94412B
:103420001A002300910F9C007C637C6B0C437C632F
:1034300093003B633A6B7B6B2C00350012196B4198
:10344000510DDC02FC62FC6A0C43FC62D302BB62DD
:10345000BA6AFB6ABA65FB6540228318DB191B88D0
:10346000002B10D08318DB191B889BB23B61002313
:103470007B613A697B69B86DF96DCDF77DF8020023
:103480000B003A677B677B6C002B26D03B6F5B0D94
:103490007A6FD202FA63FA6B1A43FA633B6FDB026C
:1034A000BB637B6C5B08BB600023FB60BA6BFB6B90
:1034B000B868F96812184B413A657B657B6C3B60D4
:1034C00000237B603A687B68386D796DCDF754F8DE
:1034D00002000B00BA66FB660EE03B6F5B0D7A6F75
:1034E000D2027A627A6A1A437A623B6FDB023B62EB
:1034F0003B6A7C6ABB66FC66BB6E7B667B6E1800B3
:10350000BD461FB0F0BD80B584B000AF7860002329
:10351000FB608023DB05BB6002E0BB689B08BB60EF
:10352000BA687B689A42F8D817E0FA68BB68D31883
:103530007A689A420BD3FA68BB68D3187A68D31AB0
:103540007B60FB685B08BA68D318FB6002E0FB682D
:103550005B08FB60BB689B08BB60BB68002BE4D1C9
:10356000FB681800BD4604B080BD80B584B000AFD4
:1035700078600023FB600023BB607B6884229B5C37
:10358000180000F0DBFA0300DB02FB60FB68BB60A5
:103590007B687E229B5A1A00BB689B18BB607B68C5
:1035A00080229B5CDB02BA68D318BB607B688122F7
:1035B0009B5CDB02BA68D31ABB60BB68F968180071
:1035C000CCF74EFE0B00BB60BB6899B27B689C22B7
:1035D0009952C046BD4604B080BD90B585B000AFDD
:1035E000786039600F243B1900221A700023BB60F9
:1035F0003B68180000F0F2FB3B6894229B581800CF
:10360000FFF781FF0300BB60BB687A685343BB6070
:10361000BB680733BB60BB681B11BB603B6894226F
:103620009B58BA68D318BB603B689E22002199540E
:103630003B68A022002199503B1900221A7024E017
:103640000F217B181A783B6806329200D358BA686B
:103650009A4214DD3B68A0229A587B1819783B687F
:1036600006318900CB58D2183B68A0215A503B68DC
:103670009E229B5C0133D9B23B689E2299540F2154
:103680007B181A787B1801321A703B689B7A0F22DC
:10369000BA1812789A42D3D33B689E229B5C002BC7
:1036A00020D03B68A0229A583B68A4215A503B681E
:1036B000A4229B583A689E21525C5208D2B29A18B2
:1036C0003B68A4215A503B68A4229A583B689E212B
:1036D0005B5C19001000CCF7C7FD030019003B68C4
:1036E000A4229950C046BD4605B090BD90B585B0A6
:1036F00000AF78600F23FB1800221A700E217B1890
:1037000000221A700D203B1800221A707B681B7B68
:103710001A0007231340072B55D13B1800221A70BB
:103720007B1800221A702CE00E243B191B787A6853
:10373000D3181B7B1A0007231340072B1BD03B1900
:103740001A780D203B181B7879688A18117B7A68E3
:10375000D3180A1C1A733B191A783B181B7879681E
:103760008A18917C7A68D3180A1C9A743B181A78C4
:103770003B1801321A700E217B181A787B1801321F
:103780001A700E22BB181B78052BCDD9BB180D2241
:10379000BA1812781A7011E00E217B181B787A681B
:1037A000D31810221A737B181B787A68D31800225A
:1037B0009A747B181A787B1801321A700E23FB1842
:1037C0001B78052BE8D97B68DB7A002B2CD00F23E4
:1037D000FB187A68D27A1A7014E00F203B18197817
:1037E0003B181B787A68D27A9A1A7B68063189006E
:1037F000C9587B6806329200D1503B181A783B18A2
:1038000001321A707B685B7A0F22BA1812789A42DA
:10381000E3D37B689A7A7B68DB7AD31ADAB27B6867
:103820009A727B680022DA72C046BD4605B090BD30
:1038300080B584B000AF0200BB1D1A800023FB607E
:103840000023BB60BB1D1B881800FFF763FD03004E
:10385000FB60FB689B08074A5343BB60BB68802240
:103860001202944663441B0CBB60BB681800BD4643
:1038700004B080BD5792000080B586B000AF78607C
:10388000396000237B6107233B610E23FB18002274
:103890001A807A6880239B059A4202DB1C4B7B616D
:1038A00004E07B68002B01DD7B687B617A68802304
:1038B0005B049A4202DD03233B6101E007233B6185
:1038C0003B68002B0BD07A693B699A403B685B08E8
:1038D000D31839681800CCF73DFC03007B617A6887
:1038E00080235B049A4202DD7B691B017B617A695C
:1038F00080235B029A4201D3064B7B610E217B1829
:103900007A691A807B181B881800BD4606B080BDF6
:10391000FFFFFF1FFFFF000080B586B000AFF8601B
:10392000B9603B60BB1D1A8000237B611223FB182A
:1039300000221A80BB1D1B88002B15D0BB681A0201
:10394000FB689A4013007B61BB1D1B885B089BB220
:103950001A007B69D218BB1D1B8819001000CCF718
:10396000F9FB03007B6104E0BA68FB689A4013002E
:103970007B617A693B689A4201D93B687B6112217D
:103980007B187A691A807B181B881800BD4606B020
:1039900080BD0000F0B591B000AF94461E00262314
:1039A000FA18031C13802422BA180B1C138022233C
:1039B000FA186346138021203B18321C1A7000232A
:1039C000BB63002200233A637B630023FB63002375
:1039D000FB6226217B181B881800FFF79BFC030065
:1039E000BB632422BB181B889BB23B6100237B6115
:1039F0002223FB181B889BB2BB600023FB603A6943
:103A00007B69B868F968121A8B413A637B63BB6BB8
:103A10003B6000237B603A687B68386B796BCCF73E
:103A2000CBFD02000B003A637B633A6B7B6B002B90
:103A300003DA3E48002112184B41D905500AB861FB
:103A4000B8690843B8615B12FB61BA69FB693A6304
:103A50007B63374A0023386B796BCCF7ADFD0200EE
:103A60000B003A637B633A6B7B6B002B03DA3148C4
:103A7000002112184B419902940D0C439D153C6393
:103A80007D633B6BFA6DD318FB63FB6BBA6D5343DD
:103A9000FB63FB6B8022D20094466344FB63FB6BA9
:103AA000002B02DA244A94466344DB12FB63212391
:103AB000FB181B78002B28D1FA6B13009B009B1876
:103AC0005B00FB62FB6A002B00DA03339B10FB6296
:103AD000FB6A0A211800CCF7ADFC0B00042B08DCB4
:103AE000FB6A0A211800CCF7BFFB03001BB2FB6383
:103AF00016E0FB6A0A211800CCF7B6FB03009BB264
:103B000001339BB21BB2FB630AE02123FB181B7835
:103B1000012B05D1FB6B002B00DA01335B10FB633B
:103B2000FB6B1800BD4611B0F0BDC046FF010000A0
:103B300057920000FFFF3F00FF07000080B584B0F0
:103B400000AF0200FB1D1A700F217B1800221A70B3
:103B5000FB1D1B780133DBB27A18DB1813707B185E
:103B60001B781800BD4604B080BD80B582B000AFA0
:103B7000786039607B683F22995C3B688122995468
:103B80007B684222995A3B68862299527B681A7A4E
:103B90003B681A727B68998F3B687E2299527B68DA
:103BA0003E22995C3B68802299547B684022995A56
:103BB0003B68822299527B684422995A3B689C2236
:103BC00099527B681A783B689A707B685A7A3B688E
:103BD0005A727B685A683B685A60C046BD4602B05C
:103BE00080BD90B587B000AFF8607A600A203B18BE
:103BF0000A1C1A8016243B1900221A807B680322B3
:103C00001A707B6803225A707B6800229A707B6866
:103C100000225A607B6800221A727B6818225A724E
:103C20003B181B88DAB27B689A727B680022DA72D2
:103C30007B687822002199547B687922002199546D
:103C40007B687A22002199547B687B220021995459
:103C50007B687C22002199527B687E220021995248
:103C60007B688022002199547B688122002199542D
:103C70007B688222002199527B688422002199541A
:103C80007B688622002199527B6888220021995006
:103C90007B689422002199507B68982200219950DA
:103CA0007B689C22002199527B689E2200219954B6
:103CB0007B68A022002199507B68A42200219950A2
:103CC0003B1900221A800EE016203B181B883A1878
:103CD0001288D1B27A68D3180A1C1A733B181A8852
:103CE0003B1801321A801622BB181B88052BEBD912
:103CF000BB1800221A800BE016217B181B887A68FB
:103D0000D31801229A747B181A887B1801321A8002
:103D10001622BB181B88052BEED9BB1800221A806F
:103D20001DE016217A180A23FB1812881B889A4274
:103D300007D27B181A887B6806329200F968D15046
:103D400007E01623FB181A887B68063292000021D0
:103D5000D15016217B181A887B1801321A8016233D
:103D6000FB181B88172BDCD9C046C046BD4607B0E0
:103D700090BD80B584B000AFB9607A600F217B1828
:103D8000021C1A707B181B785BB2002B12DA7B18AE
:103D90001B78DB43DBB207221340DBB20833DAB215
:103DA000BB681A707B181B78803BDB10DAB27B682B
:103DB0001A700FE00F217B181B7807221340DAB22C
:103DC000BB681A707B181B787F22D31ADB10DAB21B
:103DD0007B681A70C046BD4604B080BD80B584B013
:103DE00000AF78600F217B1800221A707B18002228
:103DF0001A7039E00F217B181B78002B0AD07B68E2
:103E000094229A587B1819787B6806318900CB5820
:103E10009A4209DB0F23FB181A787B68063292005E
:103E2000D2587B6894215A500F217B181B78002BA5
:103E30000AD07B6898229A587B1819787B680631DB
:103E40008900CB589A4209DC0F23FB181A787B684B
:103E500006329200D2587B6898215A500F217B1865
:103E60001A787B1801321A707B689B7A0F22BA1875
:103E700012789A42BED3C046C046BD4604B080BD4B
:103E800080B584B000AF78600F203B1800221A7014
:103E90007B68DB7A002B45D07B68D97A7B689E22D1
:103EA00099547B68A022002199503B1800221A7077
:103EB00012E07B68A0229A580F203B1819787B6883
:103EC00006318900CB58D2187B68A0215A503B1884
:103ED0001A783B1801321A707B68DB7A0F22BA1805
:103EE00012789A42E5D37B68A0229A587B68A42175
:103EF0005A507B68A4229B587A68D27A5208D2B270
:103F00009A187B68A4215A507B68A4229A587B682F
:103F1000DB7A19001000CCF7A7F9030019007B68C1
:103F2000A4229950C046BD4604B080BDF0B5B7B0DC
:103F300000AF8446A82608203618F6193160A4215F
:103F400008200918CE193260A02108228A18D21937
:103F500013600E235B180822BA189A186346138060
:103F60001F2308005B180822BA189A180023137040
:103F70000023B82208215218D61933600023B42236
:103F800008215218D61933600023CC220821521878
:103F9000D619336000220023C02108268919CE19C2
:103FA000326073600023B0260822B218D61933603D
:103FB000E0210823CB1808229446BC4463441A68C5
:103FC000002353830823CB1808229446BC4463443F
:103FD0001A68002353610823CB1808229446BC4476
:103FE00063441A68002313830E000823F318082281
:103FF0009446BC4463441A68002313610823F318F1
:1040000008229446BC4463441A680023D361082301
:10401000F31808229446BC4463441A6800231362D0
:104020000823F31808229446BC4463441A6800230A
:1040300093840823F31808229446BC4463441A6806
:104040000023D384E42308229B1808229446BC440E
:1040500063441A68002313800823C318DB191A6805
:104060008623D35A002B00D146E10823C318DB195D
:104070001A688823D358002B00D13DE10823C318C8
:10408000DB191A688623D35A1800FFF743F9030097
:10409000B82008228218D2191360A02308229B1886
:1040A000DB191A688823D3580133B4220821511828
:1040B000C9190B600823D318DA19116880231A0173
:1040C0000823C318D81900680B001021FFF73CF92A
:1040D00002000823F31808217918581803681A6099
:1040E000A02308229B18DA191268A423D2580823A7
:1040F000F31808217918581803681B681900100074
:10410000FFF7BAFB03000822B21808218C46BC4412
:10411000624412681383A023190008229B18DB193C
:104120001A68A423D0580B0008229B18DB191A68C0
:104130007C23D15A0823F31808229446BC446344D4
:104140001B681B681A00FFF744F902000823F318E4
:1041500008218C46BC4463441B685A61A420082390
:10416000C318DB191B68DB8A0822B21808218C46A9
:10417000BC446244126893810823C318DB191B688E
:10418000DB8A0822B21808218C46BC4462441268BB
:1041900053830823F31808229446BC4463441B68E5
:1041A0005B69002B00D1A7E00823C318DB191B684B
:1041B0001B8BC02108228A18D21913600023C42245
:1041C00008201218D2191360FA2292000023082046
:1041D0000918C81941680068CCF7EEF902000B0015
:1041E000C02108200818C019026043600823CB18BA
:1041F000DB191B681A0DC42308201B18DB191B6868
:104200001D0315430A000823D318DB191B681C0380
:104210000823D318DB191C605D600823F3180821FC
:1042200079185C1823685B695B08CC2108200818A2
:10423000C41923600823CB18D9190B68BB66002367
:10424000FB6614000823E318DA1953681268B86E85
:10425000F96E12184B4108216118C9190A604B60A8
:104260000823F3180822BA189A1813685B693B668A
:1042700000237B663A6E7B6E08216118C9190868B5
:104280004968CCF779F902000B0008216118C919B7
:104290000A604B60A4200823C318DA191368DB8A6C
:1042A000BB650023FB65C4250823EB18DB191B68DD
:1042B000B96DFA6D100083420DD30823EB18DB199A
:1042C0001B681000834217D10823E318DB191B6811
:1042D0000A00934210D2C02308229B18DB191A68E7
:1042E0005B68131C9BB2E0220821521808218C46FF
:1042F000BC44624412685383A8240823E318DB19E2
:104300001B681B88002B01D100F01DFCA021082395
:10431000CB18DB191A688623D35A002B01D100F081
:1043200012FC0823E318DB191B68DB88002B01D182
:1043300000F009FC0823CB18DB191A688823D3582E
:10434000002B01D100F0FFFB0823E318DB191B68E9
:104350005B88C0260822B218D21913600023C42239
:1043600008215218D1190B600823F318DB195C6877
:104370001B683B607C603A687B68D40E5D018C21D1
:1043800008200818C019056008200818C019056819
:10439000254308200918C9190D60530188210822F6
:1043A0008A18D01903600823CB18DB191A685B68D8
:1043B00038687968121A8B41940F9D008421082077
:1043C0000818C01905600D00280008216918C919CE
:1043D0000D682543040008216118C9190D60930078
:1043E000802108228A18D01903600823CB18DB1912
:1043F0001A685B683868796812184B41510DD80209
:1044000084243C19206084203818006808438421E3
:1044100079180860D3028022BA1813608023FB1831
:104420001A685B6808217118C9190A604B60A824D2
:104430000823E318DB191B681B885B089BB2CC219F
:1044400008228A18D01903600823CB18DB191B68CF
:104450003B6500237B650823F318DB191A685B684A
:10446000386D796D12184B4108217118C9190A600D
:104470004B600823E318DB191B681B88BB6400230F
:10448000FB64BA6CFB6C08217118C919086849688B
:10449000CCF772F802000B0008217118C9190A60E4
:1044A0004B6031000823F318DB191A68E025082354
:1044B000EB1808208446BC4463441B681A61082337
:1044C000EB1808229446BC4463441B681B691A011C
:1044D0000823EB1808208446BC4463441B681A6117
:1044E0000823EB1808229446BC4463441B681B68ED
:1044F00008228A18D01903600023C4260822B218A3
:10450000D21913600823EB1808229446BC44634474
:104510001B685B693B6400237B643A6C7B6C0C001A
:1045200008200918C91908684968CCF745F802003D
:104530000B00210008200818C019026043600823FE
:10454000EB1808229446BC4463441B685B8BBB6336
:104550000023FB63BA6BFB6B0C0008200918C91918
:1045600008684968CCF728F802000B000821611898
:10457000C9190A604B600823E318DB1918685968E9
:104580008022D202002312184B4121000820081873
:10459000C019026043600823F318DB191B685A0333
:1045A0000823CB18DB191B68DB0CBB67BB6F1343FD
:1045B000BB670823F318DB191B68DB0CFB67BB6FB9
:1045C000FC6F08228A18D219136054600C0008236B
:1045D000CB18DB1918685968FA2252000023121808
:1045E0004B4108216118C9190A604B600823E31880
:1045F000DB1918685968FA2292000023CBF7BCFF38
:1046000002000B00210008200818C0190260436056
:104610000823F318DB191B68002B0DD10823F318AE
:10462000DB191B68002B0FD10823CB18DB191A6884
:1046300080235B049A4207D3E94A0023C021082063
:104640000918C9190A604B60C0210823CB18DB196F
:104650001A68E0250823EB1808208446BC4463440C
:104660001B68DA610823EB1808229446BC446344B3
:104670001B681B6808228A18D21913600023C426FD
:104680000822B218D21913600823EB1808229446A6
:10469000BC4463441B681B693B6300237B633A6B28
:1046A0007B6B0C0008200918C91908684968CBF70A
:1046B00083FF02000B00210008200818C0190260C7
:1046C00043600823EB1808229446BC4463441B68EB
:1046D0005B8BBB620023FB62BA6AFB6A0D00082099
:1046E0000918C91908684968CBF766FF02000B0072
:1046F00008216918C9190A604B600823EB18DB19F7
:10470000186859688022D202002312184B410821F0
:104710006918C9190A604B600823F318DB191B6874
:104720005A030823EB18DB191B68DB0C3B673B6F54
:1047300013433B670823F318DB191B68DB0C7B670B
:104740003B6F7C6F0822AA18D219136054600E23A5
:10475000A0229B1808229446BC4463441B889BB249
:104760003B6200237B62A8231E0008229B18DA19F3
:1047700013681B89BB610023FB61BA69FB69386A56
:10478000796ACBF719FF02000B002C000821611891
:10479000C91908684968CBF70FFF02000B00082110
:1047A0006118C9190A604B6035000823EB18DB1942
:1047B0001B68DB883B6100237B6139697A690B00E8
:1047C0005B0E9C461000C0019C260823F618F619C3
:1047D00030609C200823C318DE19306863461843F4
:1047E0009C2308269B19DB1918600B00DB0198211C
:1047F00008228A18D21913600823E318DB191A68F3
:104800005B6808200918C9190868496812184B41E3
:1048100008216118C9190A604B600823EB18DB19DD
:104820001B68DB88BB600023FB60B968FA680B007B
:104830001B0E1000000294250826AE19F6193060F0
:1048400008202818C019006818430823EB18DB1942
:1048500018600B001B02902208215118C9190B6027
:104860000823D318DB191A685B6808216118C91975
:1048700008684968CBF780FE02000B000821611828
:10488000C9190A604B600823E318DB191A685B68D2
:10489000FA204000002112184B4108216118C91963
:1048A0000A604B600823E318DB1918685968FA227C
:1048B00092000023CBF760FE02000B0021000820CD
:1048C0000818C01902604360C4260823F318DB19D6
:1048D0001B68002B0DD10823F318DB191B68002B74
:1048E0000FD10823CB18DB191A6880235B049A4286
:1048F00007D33B4A0023C02108200918C9190A60C0
:104900004B60C02308229B18DB191A68E024082397
:10491000E31808218C46BC4463441B681A620823D0
:10492000E31808229446BC4463441B68DB691B02FD
:104930001800FEF7E8FD0300CC2008228218D219E7
:104940001360A4210823CB18DB191B685B781A00BD
:104950000823C318DB191B68534308228218D21995
:1049600013600823E31808229446BC4463441B6880
:10497000DA690823CB18DB191B685B689A4231D2CD
:104980000823CB18DB191B685B681A000823E3189F
:1049900008218C46BC4463441B68DB69D31AB021F0
:1049A00008228A18D21913600823CB18DB191B6858
:1049B0001B0208228A18D21913600823C318DB19B6
:1049C0001A680823CB18DB191B689A420AD20823FD
:1049D000CB18DB191B6808228218D219136001E07A
:1049E000FFFFFF00E0250823EB1808229446BC4493
:1049F00063441B68196AA82308229B18DA191368F4
:104A00009B881A00A4260823F318D81903681B787A
:104A1000CC2408202018C019006800F0A1F8030079
:104A20001AB20823EB180821791859180B68DA8490
:104A30000823EB180822BA189A1813681B6A082270
:104A4000A218D2191360A0220823D318DA19136808
:104A500082229B5A1A000823E318D9190B68534382
:104A60000822A218D219136021000823E318DA19CA
:104A70001368083308228A18D21913600823CB1848
:104A8000DA1913681B0908228A18D219136008233F
:104A9000F318DA1913689B681802A82308229B18D8
:104AA000DB191B689B881A000823F318DB191B68A5
:104AB0001B7808240919C919096800F051F8030086
:104AC0001AB20823EB1808218C46BC4463441B68C7
:104AD0009A840823EB1808229446BC4463441B685C
:104AE00024229A5E0823EB1808218C46BC446344B8
:104AF0001B6826215B5E9A4212DA0823EB18082213
:104B00009446BC4463441B6824229A5EE423082133
:104B10005B1808218C46BC4463441B681A8012E071
:104B2000E02308229B1808229446BC4463441B6877
:104B300026229A5EE42308215B1808218C46BC4497
:104B400063441B681A801F23A0229B1808229446E6
:104B5000BC4463441B785BB21800BD4637B0F0BD5F
:104B600080B586B000AFF860B9607A603B60002322
:104B70003B6100237B61FB689B003B613B685B43BF
:104B80003A69D3183B613B691800FEF7BCFC03008F
:104B90003B613A693B68D3183B61BB681B01180055
:104BA000FEF7B1FC03007B617B697A6853437B614C
:104BB0003B69002B0BD07A693B69D3187B613B6959
:104BC0005B0019007869CBF7C5FA03007B617B694C
:104BD0001800BD4606B080BD80B584B000AF7860D7
:104BE0000F217B1800221A707B6818225A707B688C
:104BF00000221A707B6800229A707B6800221A716A
:104C00007B6800229A607B680022DA607B187A68F1
:104C100012781A7029E00F203B181B787A68D31895
:104C200000221A743B181B787A682821D3185B1865
:104C300000221A703B181B787A684021D3185B1841
:104C400000221A703B181A787B682E3292000021DD
:104C5000D1503B181A787B68463292000021D1501F
:104C60003B181A783B1801321A707B685B780F2268
:104C7000BA1812789A42CED37A68BC235B0000211E
:104C8000D1547A687A23FF330821D1547A68BD233E
:104C90005B000021D1547B68A722920094466344B4
:104CA0001A0018210020FEF79CFF7B68D222920098
:104CB000944663441A0018210020FEF792FF7B6897
:104CC000FD229200944663441A0018210020FEF74A
:104CD00088FF7B689422D200944663441A0018210E
:104CE0000020FEF77EFF7B68054A944663441A0065
:104CF00018210020FEF775FFC046BD4604B080BDF8
:104D00004C050000F0B58FB000AF3961FA601900B2
:104D10000E260823F218D319021C1A800D2308202E
:104D20001B18DB190A1C1A70272301005B18DB19FA
:104D300000221A702F235B18DB1900221A70262319
:104D40005B18DB1900221A70002200233A627B6292
:104D50000023FB6100233B630023BB613B6D5A7A58
:104D6000BB6D5A703B6D1A7ABB6D1A703B6D9A7AA7
:104D7000BB6D9A703B6DA4229A58BB6D9A603B6DD7
:104D800084229B5C1800FEF7D9FE03001A00BB6D5D
:104D9000DA703B6DA4229B583B62DB177B620821D3
:104DA0007318DB191B889BB23B6000237B603A6859
:104DB0007B68386A796ACBF7FFFB02000B003A6226
:104DC0007B623A6A7B6A80200001002112184B4105
:104DD0003A627B623A6A7B6A002B03DA77480021E9
:104DE00012184B411905140B0C431D133C627D62D4
:104DF0003B6AFB612F2308229B18DB1900221A70E3
:104E000073E0262008240319DB192F210A19D2196F
:104E1000127892081A700319DB191B783A6DD318AF
:104E20009B7CBB61BB69002B56DD7B6D9B7A0A19AD
:104E3000D21912789A4212D20D231B19DB191B7852
:104E4000002B0CD00B19DB191A787B6D06329200FF
:104E5000D258FB69D218BB6953433B6303E0BB697B
:104E6000FA6953433B633B6B1800FEF74CFB0300AE
:104E70003B63BB69002B00DA01335B101A003B6B0C
:104E80009B183B63B969386BCBF7EEF903003B63C2
:104E90003B6B3A6953433B633B6B08333B633B6B70
:104EA000002B00DA0F331B113B633A6BFB69D318FD
:104EB0003B633A6BFB689A4201DAFB683B632F2342
:104EC00008229B18DB191A78BB6D16329200396BD9
:104ED000D150BB6D3A6BDA602F2108200B18DB191B
:104EE0001A780B18DB1901321A703B6D9B7A2F214F
:104EF00008200A18D21912789A4282D3BB6D002278
:104F00001A710B18DB193A6D127A1A7043E02F20D0
:104F100008240319DB191A783B6D06329200D25827
:104F20000319DB191978BB6D16318900CB589A42E9
:104F300016DD0319DB191B78BA6DD31801221A7418
:104F40000319DB191B78BA6D2821D3185B180122CD
:104F50001A70BB6D1B790133DAB2BB6D1A7111E0A7
:104F60002F2108200B18DB191B78BA6DD3180022EB
:104F70001A740B18DB191B78BA6D2821D3185B182B
:104F800000221A702F2108200B18DB191A780B1831
:104F9000DB1901321A703B6D9B7A2F2208215218BF
:104FA000D21912789A42B2D327235B18DB191B78E7
:104FB0005BB21800BD460FB0F0BDC046FF0F000049
:104FC00090B585B000AF78600D23FB1800221A70F1
:104FD0000F203B1800221A700C23FB1800221A70B5
:104FE0000E23FB1800221A707A68BC235B00002194
:104FF000D1543B1800221A7042E00F243B191B7851
:105000005A1C7B68DB7819001000CBF713FA0B00F1
:105010001A000C217B181A707B689B7820003A18C4
:1050200012789A4226D27B689B780C007A18127804
:105030009A421FD23B181B787A682821D3185B1834
:105040001B78002B16D13B191B787A682821D318BE
:105050005B181B78012B0DD10E243B191B78002BFC
:1050600008D17A683918BC235B000978D1543B1900
:1050700001221A700F217B181A787B1801321A70DE
:105080007B68DB780F22BA1812789A42B5D30D23C9
:10509000FB181B785BB21800BD4605B090BDF0B59B
:1050A00085B000AF78600E23FB1800221A700D2324
:1050B000FB1800221A700C23FB1800221A700F2113
:1050C0007B1800221A707B187968BC2252008A5C17
:1050D0001A7069E07B68DA780D257C190F26BB19F8
:1050E0001B7811001800CBF7BBF80B002370BB191D
:1050F0001B785A1C7B68DB7819001000CBF79AF9F3
:105100000B001A000C217B181A707B689B787A19A7
:1051100012789A4242D27B689B7808007A181278FB
:105120009A423BD27B191B787A682821D3185B18E6
:105130001B78002B12D13B181B787A682821D318D2
:105140005B181B78012B09D17A68BD235B00D35C07
:105150000133D9B27A68BD235B00D1540D203B18CE
:105160001B787A682821D3185B181B78002B0CD089
:105170003B181B787968BD225200885C7A68402110
:10518000D3185B18021C1A7008E00D23FB181B785B
:105190007A684021D3185B1800221A700F217B18FF
:1051A0001A787B1801321A700F23FB181A78796865
:1051B000BC235B00CB5C19007B68DB78CB189A4280
:1051C00088DB7A68BD235B00D25C79687A23FF3381
:1051D000CB5C9A4207D97A687A23FF33D15C7A682C
:1051E000BD235B00D1540E23FB181B785BB2180063
:1051F000BD4605B0F0BDF0B587B000AF78601623AE
:10520000FB1800221A701523FB1800221A701423B1
:10521000FB1800221A7017203B1800221A70132363
:10522000FB1800221A7012217B1800221A707B686A
:10523000DA787B18013A1A707B187A1812785208BB
:105240001A703B187968BC2252008A5C1A70D1E04F
:105250007B68DA781526BC1917257B191B78110095
:105260001800CAF7FDFF0B0023702C003B191B78B8
:105270005A1C7B68DB7819001000CBF7DBF80B00B9
:105280001A0014217B181A707B689B78BA1912785F
:105290009A4200D3A8E07B689B7808007A181278BD
:1052A0009A4200D3A0E0BB191B787A684021D3183A
:1052B0005B181B78002B3AD13B181B787A68402189
:1052C000D3185B181B78002B31D03B181B787A68F9
:1052D0004021D3185B181A7813217B18013A1A70F1
:1052E0007B181A781300DB009B189B007933FF337F
:1052F0007A68D3180433FB607A687A23FF33D35C6F
:105300007A1812789A4212D2FB683A1912781A70F7
:105310003B191B780133DAB2FB685A70FB68FF2235
:105320009A70FB680022DA70FB6800221A7115205F
:105330003B181B787A684021D3185B181B78002B28
:1053400052D01423FB181B787A684021D3185B18BD
:105350001B78002B48D13B181B787A684021D31862
:105360005B181A7813217B18013A1A707B181A7887
:105370001300DB009B189B007933FF337A68D31846
:105380000433FB607A687A23FF33D35C7A1812788F
:105390009A4229D2FB6817217A181278DA707B18A2
:1053A0001B780133DAB2FB681A71FB68DA78FB68A4
:1053B0005B78D31ADBB20133DAB2FB685A71FB684F
:1053C0001A79FB681B78D31ADBB20133DAB2FB68B7
:1053D0009A71FB689B7912217A1812789A4203D24B
:1053E000FB687A1812789A7117217B181A787B1843
:1053F00001321A701723FB181A787968BC235B00F6
:10540000CB5C19007B68DB78CB189A4200DA1FE787
:105410001623FB181B785BB21800BD4607B0F0BD21
:1054200080B590B000AF02003960FB1D1A703D23BB
:10543000FB1800221A700C23FB18BB633F23FB18D8
:1054400000221A703E23FB1801221A703A68BD230D
:105450005B00D35C012B00D875E06EE03E23FB18A7
:1054600000221A703F23FB1801221A705CE03F21D2
:105470007B181B785A1E1300DB009B189B007933A6
:10548000FF333A68D31804337B637B181A78130010
:10549000DB009B189B007933FF333A68D318043341
:1054A0003B63FB1D1B78022B1CD17B6B1A693B6B8A
:1054B0001B699A4232DA396BBB6B2422180006F062
:1054C0001CFD796B3B6B2422180006F016FDB96BAE
:1054D0007B6B2422180006F010FD3E23FB180122EE
:1054E0001A701BE07B6B9A693B6B9B699A4215D9DA
:1054F000396BBB6B2422180006F0FFFC796B3B6B09
:105500002422180006F0F9FCB96B7B6B24221800EA
:1055100006F0F3FC3E23FB1801221A703F217B1892
:105520001A787B1801321A703A68BD235B00D35C8D
:105530003F22BA1812789A4299D33E23FB181B785F
:10554000002B8BD100E0C0463D23FB181B785BB2DB
:105550001800BD4610B080BDF0B587B000AFB9608F
:105560007A600F217B18021C1A701623FB18002288
:105570001A701523FB1800221A7017203B180022FE
:105580001A707B181A781300DB009B189B00793384
:10559000FF337A68D31804333B613B690022DA6039
:1055A0003B6900229A603B183A6912781A7023E02E
:1055B0007B68DA781526BC1917257B191B78110032
:1055C0001800CAF74DFE0B0023703B69DA68BB195F
:1055D0001978BB6806318900CB58D2183B69DA606C
:1055E0003B699A687B689B68D2183B699A607B1913
:1055F0001A787B1901321A703B691B791722BA1885
:1056000012789A42D4D93B69DA683B699B68D21A0E
:105610003B691A611623FB181B785BB21800BD4664
:1056200007B0F0BDF0B58DB002AFBA607B600F245B
:105630003B19021C1A700E23FB180A1C1A70272330
:10564000FB1800221A7023203B1800221A70202514
:105650007B1900221A801E26BB1900221A802421E1
:105660007B1800221A800023BB613B191A781300B3
:10567000DB009B189B007933FF337A68D31804331F
:105680007B617B699A787B68DB783C181900100095
:10569000CAF7E6FD0B0023707B1923203A18127815
:1056A0001A807B691B781A007B191B88D3189AB261
:1056B0007B191A8029007B191B887A6992789B1ABA
:1056C0009AB27B181A80BB193A1812781A807B6933
:1056D0001B791A00BB191B88D3189AB2BB191A8000
:1056E000BB191B887A6992789B1A9AB2BB191A80E7
:1056F000BB191A887B181B88D31A9AB224217B18ED
:105700001A800A00BB1800215B5E032B02DDBB1868
:1057100003221A8020203B181A882423FB181B8898
:10572000D3189BB219B27B68DD787B6914332722CA
:10573000BC180E26BA1916783A180020105E01938C
:10574000BB68009333002A0000F052F80300237076
:1057500027217B181B785BB2002B1DD11E22BB18A2
:105760001A882423FB181B88D31A9BB218B27B68B3
:10577000DD787B691C337C180E26BA1916781E2238
:10578000BA180021515E0193BB68009333002A00D0
:1057900000F02EF8030023707B695A697B69DB698E
:1057A0009A4209D97B695B69BB617B69DA697B696C
:1057B0005A617B69BA69DA617B699A697B695B695D
:1057C0009A4203D27B699A697B695A617B699A69BB
:1057D0007B69DB699A4203D97B699A697B69DA61E3
:1057E0002723FB181B785BB21800BD460BB0F0BD39
:1057F000F0B595B000AF94461E002622BA18031CDF
:1058000013802423FA180B1C13802323FA186346F1
:1058100013702223FB18321C1A700F2320201B1830
:10582000DB1900221A702E231B18DB1900221A80A4
:105830002C210B18DB1900221A80002200233A6465
:105840007B6400220023BA63FB63002200233A63D7
:105850007B63FB6E754A1A600B18DB192622BA1897
:1058600012881A8096E02C2120200B18DB190022C8
:105870009B5E002B0DDA2323FB181B789AB20B18C2
:10588000DB191B88D3189AB22E231B18DB191A8038
:1058900012E02C2320269B19DB1900229A5E232379
:1058A000FB181B7819001000CAF7C4FD0B001A0082
:1058B0002E239B19DB191A802E2220201318DB19A6
:1058C00000215B5E002B59DB1318DB1900215B5EA6
:1058D000172B53DC1318DB1900229A5EBB6E0632BD
:1058E0009200D3583B61DB177B61BB6EA4229B58AF
:1058F000BB60DB17FB603A697B69B868F968121A0C
:105900008B413A647B642223FB181B78002B06D062
:105910007B6C002B03DA002200233A647B64B86BB3
:10592000F96B3A6C7B6C12184B41BA63FB632C2306
:1059300020229B18DB191B881BB23B60DB177B60A6
:1059400039687A680B005B0D1000C5021D430B001F
:10595000DC028022D200002312196B4110001900D2
:105960003A6C7B6CCAF728FE02000B00100019008D
:105970003A6B7B6B12184B413A637B632C212020DE
:105980000B18DB1900229B5E9BB201339AB20B18F5
:10599000DB191A802C2320229B18DA192423FB18E8
:1059A0000021525E00215B5E9A4200DC5BE7FB6BEC
:1059B000002B05DCFB6B002B2ED1BB6B002B2BD0FF
:1059C000BA6BFB6B002B03DA0120002112184B414C
:1059D000D9075008B861B8690843B8615B10FB612A
:1059E000B869F9693A6B7B6B12184B413A637B6378
:1059F000BA6BFB6B386B796BCAF79AFD02000B0030
:105A00003A637B637B6B002B03DA002200233A634B
:105A10007B633A6BFB6E1A600F2320229B18DB1905
:105A20001B785BB21800BD4615B0F0BDFFFF00004B
:105A3000B0B586B000AFB9607A603B600F217B18CB
:105A4000021C1A701623FB1800221A701523FB186B
:105A500000221A7017243B1900221A707B181A783A
:105A60001300DB009B189B007933FF337A68D3184F
:105A700004333B61B968BB6AAC22180006F03DFAFA
:105A80003B197968BC2252008A5C1A702CE03B6991
:105A90001B7817217A1812789A4205D33B691B7933
:105AA0007A1812789A4219D97B68DA7815257C1908
:105AB0001723FB181B7811001800CAF7D1FB0B0045
:105AC0002370BB6A9B7A7A1912789A4206D27B19A4
:105AD0001A78BB6A063292003968D15017217B18B8
:105AE0001A787B1801321A701723FB181A78796814
:105AF000BC235B00CB5C19007B68DB78CB189A4237
:105B0000C5DB1623FB181B785BB21800BD4606B038
:105B1000B0BDF0B5DE4657464E464546E0B595B0B9
:105B200008AF05000C0010001900FB1D2A1C1A709C
:105B3000BB1D221C1A707B1D021C1A703B1D0A1C07
:105B40001A702F23FB1800221A702E23FB18002234
:105B50001A702D257B1900221A700023BB620023C6
:105B60007B6200233B620023FB610023BB610023B7
:105B70007B6100233B610023FB607C19FA1D7B1DC8
:105B800012781B7819001000CAF76AFB0B0023700B
:105B90001C23FC183A6E3B1D19787B1918781823C2
:105BA000FB1801932426BB190093230000F0D4FEB8
:105BB0002823FC18FA6D3B1D19787B1918782023CF
:105BC000FB180193BB190093230000F0C5FE582376
:105BD000FB181B78002B0FD01423FC187A6E3B1D8A
:105BE00019787B1918780C23FB1801931023FB18E4
:105BF0000093230000F0B0FEBB6A9A467B6A9B4686
:105C00003B6A3B60FB691900BB691D003B691E00D4
:105C10007B699C46FB689846FB6DA4229B5899467D
:105C2000FB6D86229A5A2E203C18BB1D1878BB6E3D
:105C3000079306924A4605924246049262460392B0
:105C40000296019500913B685A46514603F03AFA94
:105C5000030023702E203B181B785BB20F3303D157
:105C6000BB6E012252421A802F23FB181B785BB2B5
:105C70001800BD460DB0F0BCBB46B246A946A046D2
:105C8000F0BDB0B584B000AF05000C0010001900E5
:105C9000FB1D2A1C1A70BB1D221C1A707B1D021CC6
:105CA0001A70BB1C0A1C1A800E23FB1800221A80D3
:105CB0000C23FB1800221A80BB6AFA1D12781A7096
:105CC000BB6A00225A607B6A1A78BB6A1A727B6AC6
:105CD0005A78BB6A5A727B6A9A78BB6A9A727B6AF4
:105CE000DA78BB6ADA727B6A1A79BB6A1A737B6AE2
:105CF0005A79BB6A5A737B6A1A797B6A1B78D31A02
:105D0000DBB20133DAB2BB6A1A743B6A9C229A5A3C
:105D1000BB6A9A827B6A1A8CBB6A9A877B6A5B69C8
:105D20009AB2BB6ADA877B6A9B6999B2BB6A4022E6
:105D300099527B6ADB6999B2BB6A422299527B6AAB
:105D4000DB681A00BB6A9A627B6A1A69BB6ADA620C
:105D50007B6A9B681A00BB6A5A623B6A88229A581F
:105D6000BB6A9A61BB6A4A2213219954BB1C1B88E7
:105D7000002B0BD07B6A1B8C1A00BB1C1B885B01A1
:105D80009A4203D9BB6A4A2206219954BB1D1B784B
:105D90009AB20E217B1812021A80BB6A9B8A0800F5
:105DA0007A1812889A4207D2BB6A998A3B183A1825
:105DB00012888A1A1A8003E00E23FB1800221A8028
:105DC0007B1D1B789AB20C203B1812021A803B6A8A
:105DD0009C22995A3B183A1812888A181A80BB6A72
:105DE00040229B5A0E22BA1812889A4206D8BB6AE1
:105DF00040229B5A3A1812889A4203D2BB6A4A221E
:105E000005219954C046BD4604B0B0BDF0B5D64694
:105E10004F464646C0B58EB006AFF860B9607A60AE
:105E20003B601F23FB1800221A701E243B1900221E
:105E30001A707B6CA722920094466344BB617B6C12
:105E40001800FEF7C9FE7B6CA722920094466344BB
:105E50003968AC22180006F050F83B681A783B6DA0
:105E60001A703B685A783B6D5A703B689A783B6D64
:105E70009A703B687B229A5C3B6DDA703B6D002226
:105E8000DA813B6D04225A743B6D00229A743B19EF
:105E900000221A700DE01E217B181B783A6D5B0002
:105EA000D318043300221A807B181A787B18013229
:105EB0001A701E23FB181B78042BECD97B6CA722CD
:105EC0009200944663441800FDF74FFB7B681B79F2
:105ED000022B0CD17B685B791A007B6CA7218900AF
:105EE0008C46634419001000FDF777FB07E07B6CDC
:105EF000A7229200944663441800FDF7C1FF7B6C13
:105F0000A7229200944663441800FDF7EFFB7B68DC
:105F100028229B5C002B0BD07B6CA7229200991847
:105F20007B6CD22292009A183B6C180000F09EFE07
:105F30007B689A79BB685A701E23FB1800221A707E
:105F400029E01F217B181B785BB2002B1DD11E247A
:105F50003B191B78BA6804335B00D31804331888E4
:105F60007B6CA72292009D183B191B785B003A6D51
:105F7000D31804337C18BA68F9680193FB6C00935A
:105F80002B00FDF7D3FF030023701E217B181A7826
:105F90007B1801321A701E23FB181B78042BD0D9F2
:105FA0001F217B181B785BB2002B1ED17B681889E0
:105FB0007B689B799C467B68DD687B6828229E5CB9
:105FC0007B6CA72292009A187B6CD224A400A04676
:105FD00043447C18796C02910193009233002A00AB
:105FE0006146FEF78FFE030023701F22BB181B784B
:105FF0005BB2002B06D1BC187B6C1800FEF7E0FFEB
:10600000030023701F22BB181B785BB2002B06D144
:10601000BC187B6C1800FFF742F8030023701F22A6
:10602000BB181B785BB2002B06D1BC187B6C180028
:10603000FFF7E1F8030023701E23FB1800221A70FB
:10604000E8E01E203B181A781300DB009B189B0029
:106050007933FF337A6CD31804337B611F22BB186A
:106060001B785BB2002B0CD17B6CA72189005918DF
:10607000BC187A6C3B181B781800FFF76DFA030008
:1060800023701F203B181B785BB2002B17D17B6C51
:10609000A72292009918BB69A4229E587B6CFD220E
:1060A0009200944663443C187D6C1E22BA18107806
:1060B000009333002A00FFF7BBFC030023701F226C
:1060C000BB181B785BB2002B14D17B6CA721890015
:1060D00059187B6C9420C00084466344BC187D6CC6
:1060E0001E22BA181078009300232A00FFF7A0FCA4
:1060F000030023701F22BB181B785BB2002B13D147
:106100007B6CD221890059187B6C9D48844663447E
:10611000BC187D6C1E22BA181078009300232A0048
:10612000FFF786FC030023701F22BB181B785BB2AD
:10613000002B0ED17B6CFD2189005918BC18BD6C59
:106140007A6C1E23FB1818782B0000F01BF9030053
:1061500023701F22BB181B785BB2002B0CD17B680D
:10616000198ABC187D6CBA6C1E23FB1818782B009A
:1061700000F0ADF9030023701F23FB181B785BB2FE
:10618000002B2CD17B699E787B681A7E94467B6CB1
:10619000DA7890467B699A7991467B6828229A5CE6
:1061A0007B6CFD21890059187B6C9420C0008246CD
:1061B0005344786C724DAA4650447C6925002035C2
:1061C0001F243C19049503900293019100924B46C1
:1061D000424661463000FFF79CFC030023701F21FC
:1061E0007B181B785BB2002B0ED17B6CA722920030
:1061F0009A187C18796C1E23FB1818780B00012163
:10620000FFF710FA030023701E217B181A787B1801
:1062100001321A707A6CBD235B00D35C1E22BA185F
:1062200012789A4200D20CE71F22BB181B785BB28F
:10623000002B09D17B685B78BC187A6C11001800C0
:10624000FFF7EEF8030023701E23FB1800221A70DC
:106250007FE01E23FB181A781300DB009B189B00BD
:106260007933FF337A6CD31804337B613B6D9A7CAE
:106270003B6D5B7C9A4265D27B691A697B685B697E
:106280009A4260DD7B699B78FF2B5CD03B6D9B7CE9
:106290001A004C23534310333A6DD31804333B6137
:1062A0001F23FB181B785BB2002B17D13B6D987C2A
:1062B0007B682022995C7B6821229C5C7B685D8BDB
:1062C0007B6CA7229200944663443A6902927A69F1
:1062D000019200932B002200FFF7D3FC1F26BB196D
:1062E0001B785BB2002B17D1BB698222985ABB691D
:1062F0008622995ABB6988229A58BB697C241D5B07
:10630000BC195423FB181B7801933B6900932B00A5
:1063100000F09CFB030023701F23FB181B785BB26B
:10632000002B08D17B68D88B7B681C229B5E3A6966
:10633000190000F049FC3B6D9B7C0133DAB23B6DE8
:106340009A7400E0C0461E217B181A787B1801322F
:106350001A707A6CBD235B00D35C1E22BA181278C7
:106360009A4200D275E71F23FB181B785BB2180016
:10637000BD4608B0E0BCBA46B146A846F0BDC0462E
:106380004C050000F0B58DB002AFB9607A603B609B
:106390000F217B18021C1A702623FB1800221A708A
:1063A0007B181A781300DB009B189B007933FF33AE
:1063B0007A68D31804333B6227217B1800221A70B5
:1063C0001F23FB1800221A700023BB6100237B618E
:1063D00000233B617B685A783B685A707B681A7867
:1063E0003B681A707B689A783B689A707B183A6AA7
:1063F00012781A705CE07B68DA781F257C192726F2
:10640000BB191B7811001800C9F72AFF0B00237075
:106410003B6A99791823FC18BA687B1918781023FD
:10642000FB1801931423FB180093230000F094FA47
:1064300028003B181B78BA6939689B00CB180433D5
:106440001A603B181B787A69396818339B00CB189F
:1064500004331A603B181B783A69396830339B0063
:10646000CB1804331A60BA697B69D1187B689A68C3
:106470003B69D2183B181B788A1A396848339B004D
:10648000CB1804331A607A693B69D1187B689A6823
:10649000BB69D2183B181B788A1A396860339B0095
:1064A000CB1804331A60BB191A78BB1901321A7061
:1064B0003B6A1B792722BA1812789A429BD9262365
:1064C000FB181B785BB21800BD460BB0F0BDF0B5F1
:1064D0008FB006AFBA607B600F243B19021C1A70A4
:1064E0000C23FB180A1C1A801E23FB1800221A70AA
:1064F0001D23FB1800221A703B191A781300DB00C9
:106500009B189B007933FF337A68D3180433BB613F
:106510001F217B1800221A701723FB1800221A7003
:106520001623FB1800221A707B18BA6912781A70A9
:10653000FCE07B68DA7817257C191F26BB191B78CD
:1065400011001800C9F78CFE0B002370BB191B78D3
:106550005A1C7B68DB7819001000C9F76BFF0B0031
:106560001A0016217B181A707B689B787A191278AA
:106570009A4200D3D4E07B689B787A1812789A42CA
:1065800000D3CDE07B191B78BA6848339B00D31841
:1065900004331B68002B13D17B191B78BA68603356
:1065A0009B00D31804331B68002B09D17B191A7880
:1065B000B968F2235B008A18D31800221A705CE0D5
:1065C00017217B181B78BA6848339B00D318043313
:1065D0001B68002B13DB7B181B78BA6860339B00A9
:1065E000D31804331B68002B09DB7B181A78B968B1
:1065F000F2235B008A18D31801221A703DE017219C
:106600007B181B78BA6848339B00D31804331B6887
:10661000002B28DA7B181B78BA6860339B00D318EC
:1066200004331B68002B1EDB16203B181B78BA684E
:1066300048339B00D31804331B68002B13DB3B1833
:106640001B78BA6860339B00D31804331B68002B97
:1066500009DA7B181A78B968F2235B008A18D31814
:1066600001221A7009E01723FB181A78B968F2237F
:106670005B008A18D31800221A7017203B181A786A
:10668000B968F2235B008A18D3181B78002B47D017
:10669000BB691F22BA1812789A703B181B78BA6827
:1066A0009B00D31804331D683B181B78BA68183355
:1066B0009B00D31804331E683B181B78BA6830332C
:1066C0009B00D31804331B689C467B689B687A68E0
:1066D000D278B96918311D243C191F203818007868
:1066E0000591049203930023029300230193002356
:1066F000009363463200290000F028F8030023705D
:106700001D243B191B785BB20F3309D117203B18AE
:106710001A78B968F2235B008A18D31800221A701D
:106720001F217B181A787B1801321A70BB691B79FC
:106730001F22BA1812789A4200D2FAE61E23FB18DA
:106740001B785BB21800BD4609B0F0BDF0B5A3B030
:1067500000AFB9657A653B650F265023F318DA1947
:10676000031C1370372350229B18DA19F12313707E
:10677000784A0023BA67FB67002200233A677B67E9
:1067800000220023BA66FB663B6DBB63DB17FB632D
:10679000A823FB181B683B63DB177B63BA6BFB6B9F
:1067A000386B796B121A8B41B96DB962C917F962EE
:1067B000B86AF96A121A8B41A021791809683962FE
:1067C000C9177962386A796A121A8B41100D190358
:1067D0000143796713033B677B6DBB61DB17FB618B
:1067E000A423FB181B683B61DB177B61BA69FB695B
:1067F00038697969121A8B41AC2179180968B96036
:10680000C917F960B868F968121A8B41110D18039D
:106810000143F9661303BB66BB6EFA6E134300D1E6
:1068200088E03B6F1B0D7A6F1203FA64FA6C1A430F
:10683000FA643B6F1B03BB64BA6EFB6EB86CF96CF9
:1068400012184B41BA67FB67BA6EFB6E92185B4138
:10685000B86FF96FC9F76CFE02000B00BA67FB67EF
:10686000BA6FFB6F80200001002112184B41BA67FC
:10687000FB675023F318DB191B78DBB23B60002366
:106880007B6039687A680B001B0D10000003786488
:10689000786C184378640B001B033B64BA6FFB6F82
:1068A000386C796C12184B41BA67FB67BA6FFB6F93
:1068B0000120002112184B41002B03DA0120002196
:1068C00012184B41D90754080C435D10BC67FD6793
:1068D000FB6F002B03DA00220023BA67FB67FB6F14
:1068E000002B07DCFB6F002B08D1BA6F80235B0203
:1068F0009A4203D3174A0023BA67FB67BB6F7B66D4
:10690000582308229B1850229446BC4463441B78A9
:10691000DA027B6E11001800C9F78CFD0B007B6654
:106920007B6EBB67DB17FB67372350229B18DB1995
:1069300000221A70BA6FB423FB181B681A60372341
:1069400050229B18DB191B785BB21800BD4623B0A0
:10695000F0BDC046FFFF0000B0B586B000AFBA6022
:106960007B600F243B19021C1A700E23FB180A1CB3
:106970001A7017217B1800221A701623FB180022A8
:106980001A707B6800221A603B191A78BB680632BD
:106990009200D258BB6A1A60FB6A00221A607B1808
:1069A00000221A7044E00F23FB181A7817243B19B1
:1069B0001B78D318BA68927A9A180E257B191B781F
:1069C000D21ABB689B7A19001000C9F733FD0B007F
:1069D0001A0016217B181A703A197B1912781B7845
:1069E0009A420BD27B681A687B181978BB6806310B
:1069F0008900CB58D2187B681A6013E01723FA1865
:106A00000E23FB1812781B789A420BD9FB6A1A687E
:106A10001623FB181978BB6806318900CB58D218A9
:106A2000FB6A1A6017217B181A787B1801321A70DA
:106A30000E23FB181B785A001723FB181B789A4269
:106A4000B1DAC046C046BD4606B0B0BDB0B588B0EC
:106A500000AF04000800BA6019000E257B19221C43
:106A60001A800C243B19021C1A80BB1D0A1C1A80B8
:106A70001F217B1800221A7000237B6100233B61D9
:106A80000023BB613B6B7A191288DA813B6B3A19A0
:106A900012885A823B6BBA689A613B6BBA1D1288A6
:106AA000DA823B6B5B8A002B02D17B18F1221A70D1
:106AB0003B6B9B69002B03D11F23FB18F1221A703B
:106AC0001F23FB181B785BB2002B72D13B6B5B8AD8
:106AD0001800FCF71FFC03007B613B6B9B690133D3
:106AE0003B613B6BDB8919003B69802212017869AD
:106AF000FCF72AFC02003B6BDA613B6B1B7C190143
:106B00003B69802212017869FCF71EFC02003B6B96
:106B10001A623B6BDA6A3B6BDB6919001000FCF709
:106B2000ABFE03001A003B6B1A863B6BDA6A3B6BC9
:106B30001B6A19001000FCF79FFE03001A003B6B54
:106B40005A863B6B5B6A1A003B6B1B6A190010008C
:106B5000FCF792FE03001A003B6B9A863B6B1B8E80
:106B60001A003B6B9B8ED318BB613422BB181B7879
:106B7000012B07D9BB181B781900B869C9F7EAFAC5
:106B80000300BB613B6BDA8A0E4BB9690620FCF748
:106B9000C3FE03001A003B6BDA863B6BD86A3B6B83
:106BA000D98A3B6BDB691A00FCF713FC02003B6BD4
:106BB0009A631F23FB181B785BB21800BD4608B010
:106BC000B0BDC046FFFF0000B0B584B002AF3A6070
:106BD000BB1D021C1A803B1D0A1C1A803B68588A88
:106BE0003B68D98F3B689C8ABB1D1B883A1D0025DA
:106BF000525F0192009300232200FCF7CBFE0300BA
:106C000019B23B68442299523B68588A3B6840223B
:106C1000995A3B689C8ABB1D1B883A1D0025525F10
:106C20000192009300232200FCF7B4FE030019B286
:106C30003B68462299523B68588A3B684222995ADF
:106C40003B689C8ABB1D1B883A1D0025525F019240
:106C5000009300232200FCF79DFE030019B23B685D
:106C600048229952C046BD4602B0B0BD90B587B02B
:106C700000AFF860B9607A6017243B1900221A70DF
:106C80001623FB1800221A701423FB1800221A7016
:106C90001523FB1800221A70B9687B68AC22180013
:106CA00005F02BF93B1900221A700CE017203B1855
:106CB0001A787B68063292000021D1503B181A786E
:106CC0003B1801321A707B685B7A1722BA18127867
:106CD0009A42EBD31423FC18FA68BB681100180021
:106CE00000F0A0F803002370FB689A7ABB689B7AD7
:106CF0009A4205D21623FB18FA68927A1A7004E0B9
:106D00001623FB18BA68927A1A701723FB18002210
:106D10001A7079E014217B181B787F2B15D8172364
:106D2000FB181B785BB21A007B181B785BB2D21879
:106D3000BB689B7A5BB219001000C9F77BFB0B00A4
:106D40001A001523FB181A701AE0BB689B7A5BB215
:106D50001A001723FB181B785BB219001423FB18C9
:106D60001B785BB2CB18D218BB689B7A5BB2190058
:106D70001000C9F75FFB0B001A001523FB181A70EF
:106D800015203B181B781A00BB6806329200D258B7
:106D900017243B191978FB6806318900CB589A42B1
:106DA00015DD3B181B781A00BB6806329200D258DA
:106DB0003B191978FB6806318900CB5839180978D6
:106DC0000800D11ABB68821D9200D15008E015233B
:106DD000FB181B781A00BB68063292000021D150C4
:106DE00017243B191A781523FB181B781800FB6829
:106DF00006329200D1587B68821D9200D1503B1917
:106E00001A783B1901321A701723FA181623FB1847
:106E100012781B789A4200D27CE7C046C046BD4635
:106E200007B090BD80B586B000AF786039600023B0
:106E30003B611723FB1800221A700023FB6000231C
:106E4000BB607B6884229B5C1800FCF777FE030024
:106E5000DB02FB603B689C229B5AF9681800C9F76B
:106E6000FFF90B00BB607B689C229B5A1A00BB6831
:106E7000D31A3B613B69002B0FDD3B698022D200B6
:106E800094466344002B02DA0F4A94466344DB12B3
:106E90001A001723FB181A700DE03B690B4A944641
:106EA0006344002B02DA084A94466344DB121A005A
:106EB0001723FB181A701723FB181B785BB21800F6
:106EC000BD4606B080BDC046FF07000000FCFFFFC6
:106ED000B0B58EB000AF786039603423FB18002263
:106EE0001A703323FB1800221A703723FB18002274
:106EF0001A700023FB622B23FB1800221A70362421
:106F00003B1900221A703523FB1800221A70796889
:106F10003B68AC22180004F0F0FF3B6800229A7234
:106F20003B1900221A700BE036217B181B783A6857
:106F3000D31810221A737B181A787B1801321A7032
:106F40003622BB181B78052BEED9BB1800221A700D
:106F50000CE036203B181A783B680632920000217C
:106F6000D1503B181A783B1801321A703B685B7A93
:106F700036217A1812789A42EBD37B1800221A70C5
:106F800011E036203B181B781822BA180021D15482
:106F90003B181B780822BA180021D1543B181A78E4
:106FA0003B1801321A7036217B181B780F2BE8D959
:106FB0003723FB1800221A707B1800221A706DE02C
:106FC0003623FB181A7833203B1879688A18127B0D
:106FD0001A703B181B780822BA18D35C002B16D104
:106FE0003B181B7837243A1912789200D1B2182234
:106FF000BA18D15421007B181B783A68D3183A1874
:1070000012781A737B181A787B1801321A703320A1
:107010003B181B7808243A19D25C0132D1B23A19D4
:10702000D1543B181A782B23FB18182179188A5C45
:107030001A703523FB1800221A7024E02B203B180D
:107040001A7835243B191B78D2183B680632920017
:10705000D1583623FB181B789A003B191B78D2189D
:107060007B6806329200D3583A1810783A19127891
:107070008218C9183B6806329200D1503B191A7821
:107080003B1901321A703523FB181B78032BD5D915
:1070900036217B181A787B1801321A703622BB18F9
:1070A0001B78052B8CD9BB1800221A7026E03624D9
:1070B0003B191A7833203B1839688A18127B1A70EA
:1070C0000200BB181B780F2B0BD8BB181A783B1982
:1070D0001B7808217918895C3A68D3180A1C9A74BD
:1070E00006E03623FB181B783A68D31800229A74FE
:1070F00036217B181A787B1801321A7036217B18DA
:107100001B78052BD3D93723FB181B789B00DAB2E9
:107110003B689A727B1800221A705CE036217B185B
:107120001B780822BA18D35CFB62FB6A002B4CDD8B
:107130007B181A782B23FB18182179188A5C1A708F
:107140003523FB1800221A703AE02B23FB181A781B
:107150003523FB181B78D2183B6806329200D158B1
:10716000FB6A002B00DA01335B1018002B257B191A
:107170001A7835243B191B78D21809183B68063257
:107180009200D1507B191A7821007B181B78D218F5
:107190003B6806329200D0587B191A780D007B1894
:1071A0001B78D418F96AC9F75FF8030019003B6827
:1071B000A21D9200D1507B191A787B1901321A70E6
:1071C0003523FB181B78032BBFD936217B181A787F
:1071D0007B1801321A703623FB181B780F2B9DD9B0
:1071E0003B680022DA720822BB18DB79002B03D13E
:1071F000BB18DB7B002B02D03B680422DA723423FD
:10720000FB181B785BB21800BD460EB0B0BDF0B5E0
:10721000CBB006AFF860B9607A603B601025FF35EF
:107220007B1900221A7096235B00FB181B687A1DDD
:10723000FF32136098235B00FB181B687A1CFF3237
:107240001360C423FB18FC22BA1813601823FB1820
:10725000F8217A18136000237B610023F422BA1806
:10726000136087235B00FB1800221A700E23FF3384
:10727000FB1800221A7086235B00FB1800221A708C
:107280000023F022BA18136085235B00FB1800224C
:107290001A807B181A683B6811001800FFF718FE67
:1072A00094225200BB181B689B7A19001400BB186B
:1072B0001B6848331A000020FCF793FC3B191A683E
:1072C0003B191B68483319001000FCF74EFC2C00DA
:1072D0003B191B785BB2002B27D17B6828229B5C73
:1072E000002B22D07B68DD6A7B6830269E5F7B683E
:1072F00032229B5E9C463B687C229B5A3A68A821BE
:10730000525C3968A920095C3C1914203818049093
:1073100003910292019300230093002362463100FF
:10732000280002F0C1FA030023701020FF303B1840
:107330001B785BB2002B14D17B6828229B5C002B4E
:107340000FD094235B00FA1811687A69FB181B6848
:1073500048333C18F8203818006802F00EFE03008D
:107360002370F8243B191B68882299589A20400002
:107370003B181A68AE235B00D1503B191B687C2276
:10738000995A3B181A68AD235B00D1523B181A6812
:10739000BA235B000021D1523B181A68BE235B0060
:1073A0000021D1503B181A68A2235B000021D15460
:1073B0003B181A68C7235B000021D154872149007C
:1073C0007B1800221A707B6828229B5C002B02D05D
:1073D0007B1801221A700E23FF33FB1800221A704B
:1073E0001CE17B680E22FF32BA18282112785A5409
:1073F0009421490079180B6848339C214900791879
:107400000A6812781021FF317C18F8257D192E6842
:107410007D68B968F86805929A225200BA18126815
:107420000492FC22BA18126803927A1CFF32126886
:1074300002927A1DFF3212680192009333002A00F3
:10744000FEF7E4FC030023701020FF303B181B788C
:107450005BB2002B00D0D9E00E23FF33FB181B7862
:10746000002B00D0D2E09A225200BB181B689B7CF4
:10747000002B12D1BB181B681433EC203C1823607E
:10748000FC217B181B681A8B3B181B689A867B189B
:107490001B685A8B3B181B68DA827B681B8FF421B0
:1074A0007A1813609C235B00FB181B681B781A007A
:1074B0007B181B6853437A1813607B181B681B01E9
:1074C0007A18136086235B00FB1800221A7090E084
:1074D00086235B00FB181B784C22534310339A22FF
:1074E0005200BA181268D3180433EC203A1813600B
:1074F0003B181B6848229A5E3B181B6844215B5E60
:107500009A4211DD01007B181B6848229B5E9AB2EB
:107510007B181B6844215B5E9BB2D31A9AB2852309
:107520005B00FB181A8010E0EC217B181B684422DA
:107530009B5E9AB27B181B6848215B5E9BB2D31A94
:107540009AB285235B00FB181A807B685B8FF02161
:107550007A1813609C235B00FB181B681B781A00C9
:107560007B181B6853437A1813607B181B685B01F8
:107570007A181360EC203B181B6846229A5E7B68E1
:1075800034241B5F9A422DDD3B181B6846229A5E0D
:107590007B6836241B5F9A4224DA3B181B689B6B7E
:1075A000F422BA1812689A421CD93B181B689B8FA8
:1075B0001A007B181B68934214D985235B00FB18C3
:1075C00000229B5E7A68D28F93420BDA9A235B008B
:1075D000FB181B684533FF333A1811684C2218001A
:1075E00004F08BFC862149007B181A787B18013245
:1075F0001A709A235B00FB181B689B7C8622520042
:10760000BA1812789A4200D262E700E0C0460E2112
:10761000FF317B181A787B1801321A700E23FF3362
:10762000FA18872149007B1812781B789A4200D8F3
:10763000D7E67B687A18282112785A541023FF3332
:10764000FB181B785BB21800BD4645B0F0BD0000CA
:1076500090B587B000AFF8607A600A23FB180A1C67
:107660001A8017217B1800221A700A00BB181B7899
:107670005BB2002B06D1BC18FB681800F8F76BFB57
:10768000030023701722BB181B785BB2002B06D1B6
:10769000BC18FB681800F8F79CFB03002370172246
:1076A000BB181B785BB2002B07D1BC18FB68FA2112
:1076B0001800EDF792F9030023701722BB181B780E
:1076C0005BB2002B08D1BC182749FB6801221800C7
:1076D000EDF758F8030023701722BB181B785BB234
:1076E000002B08D1BC182149FB6805221800EDF7D2
:1076F00049F8030023701722BB181B785BB2002BDC
:1077000008D1BC187A68FB6811001800EDF765F91C
:10771000030023701722BB181B785BB2002B09D122
:10772000BC18F023D900FB6801221800EDF72AF8F5
:10773000030023701722BB181B785BB2002B0AD101
:10774000BC180A23FB181A880949FB681800EDF7D2
:1077500051F8030023701723FB181B785BB2180045
:10776000BD4607B090BDC0468107000083060000FB
:107770008407000090B587B000AFF86008001100E2
:107780007B600B243B19021C1A700A23FB180A1C8D
:107790001A701723FB1800221A7016217B1800227A
:1077A0001A707B183A1912781A7055E01722BB1814
:1077B0001B785BB2002B0AD1BC181623FB181A7871
:1077C0002F49FB681800ECF7DDFF03002370172238
:1077D000BB181B785BB2002B08D1BC182949FB6889
:1077E00000221800ECF7CEFF030023701722BB180D
:1077F0001B785BB2002B07D1BC18FB680521180071
:10780000EDF7EBF8030023701722BB181B785BB26F
:10781000002B08D1BC181B49FB6801221800ECF7AB
:10782000B1FF030023701722BB181B785BB2002B3B
:1078300009D1BC187A68F223D900F8680423ECF760
:107840005BFF030023707B6804337B6016217B1889
:107850001A787B1801321A701623FB181A780B233A
:10786000FB1819780A23FB181B78CB189A429DDB6A
:107870001723FB181B785BB21800BD4607B090BDFC
:10788000940700008307000090B585B000AF7860D2
:107890000F217B1800221A700A00BB181B785BB2FC
:1078A000002B08D1BC181C497B6801221800ECF79A
:1078B00069FF030023700F22BB181B785BB2002BFB
:1078C00008D1BC1815497B6800221800ECF75AFF54
:1078D000030023700F22BB181B785BB2002B06D16C
:1078E000BC187B681800F8F78BFA030023700F228E
:1078F000BB181B785BB2002B06D1BC187B68180044
:10790000F8F712FA030023700F23FB181B785BB201
:107910001800BD4605B090BD830700008107000038
:1079200080B586B000AFB9607A600E217B18021C6A
:107930001A801523FB1800221A701623FB18002248
:107940001A807B181B88032B02D809235B4222E094
:1079500016203B18802252001A80BB6802331B7825
:1079600019003B183A181288521A1A803B181B88C3
:10797000FF2B02D93B1800221A801623FB181B8804
:10798000DAB27B681A70BB68DA787B685A701523A4
:10799000FB181B785BB21800BD4606B080BDB0B5C1
:1079A00086B000AFB9607A600E217B18021C1A8085
:1079B0001223FB1800221A7000237B611323FB188B
:1079C00000221A707B181B88372B02D809235B42D0
:1079D0004BE0BB6819000220F8F769F803001AB2FF
:1079E0007B681A80BB68023319000220F8F75FF841
:1079F00003001A007B685A807B685B889B099AB2F7
:107A00007B685A807B6819229A807B680522DA801D
:107A10007B6805221A81BB6804337B611323FB1842
:107A200000221A7018E013257B191C787B69190055
:107A30000220F8F73CF8030019007A68231D5B0068
:107A4000D31802330A1C1A807B6902337B617B19CD
:107A50001A787B1901321A701323FB181B78182B24
:107A6000E1D91223FB181B785BB21800BD4606B0A3
:107A7000B0BD80B586B000AFB9607A600E217B18CA
:107A8000021C1A801723FB1800221A707B181B880F
:107A9000072B02D809235B422AE0BB6819000220A9
:107AA000F8F705F803001A007B681A80BB680233F8
:107AB00019000220F7F7FBFF03001A007B685A80C9
:107AC000BB68043319000220F7F7F1FF03001A0026
:107AD0007B689A80BB68063319000220F7F7E7FF3E
:107AE00003001A007B68DA801723FB181B785BB24F
:107AF0001800BD4606B080BD80B586B000AFB96045
:107B00007A600E217B18021C1A801723FB180022B2
:107B10001A707B181B880F2B02D809235B4250E098
:107B2000BB6819000220F7F7C2FF03001A007B6848
:107B30001A80BB689A787B689A70BB68DA787B6831
:107B4000DA70BB68043319000220F7F7B0FF0300B6
:107B50001A007B689A80BB68063319000220F7F789
:107B6000A6FF03001A007B68DA80BB68083319009F
:107B70000220F7F79CFF03001A007B681A81BB689C
:107B80000A3319000220F7F792FF03001A007B68FE
:107B90005A81BB680C3319000220F7F788FF0300F5
:107BA0001A007B689A81BB680E3319000220F7F730
:107BB0007EFF03001A007B68DA811723FB181B780D
:107BC0005BB21800BD4606B080BDB0B586B000AF50
:107BD000F860080011007B600B23FB18021C1A7070
:107BE0000A23FB180A1C1A7017217B1800221A702E
:107BF0000A00BB181B785BB2002B08D1BC18FB68CD
:107C0000322204211800FFF723FD030023701722FE
:107C1000BB181B785BB2002B0DD1BC187D680A2302
:107C2000FB181A780B23FB181978F8682B00FFF75C
:107C3000A1FD030023701722BB181B785BB2002B39
:107C400006D1BC18FB681800FFF71EFE0300237066
:107C50001723FB181B785BB21800BD4606B0B0BDF9
:107C6000F0B585B000AF786039600F257B19002230
:107C70001A707C190826BB19786801222E21FFF79B
:107C8000A4FF030023707B191B785BB2002B08D183
:107C90007C193A68BB1919000420FFF741FE030064
:107CA00023700F23FB181B785BB21800BD4605B08C
:107CB000F0BDF0B593B000AF7860396047257B190F
:107CC00000221A707C190C26BB1978680E225721E5
:107CD000FFF77BFF030023707B191B785BB2002B3F
:107CE00008D17C193A68BB1919003820FFF757FEF4
:107CF000030023704723FB181B785BB21800BD46B6
:107D000013B0F0BDF0B587B000AF786039601725CB
:107D10007B1900221A707C190C26BB197868022284
:107D20006521FFF752FF030023707B191B785BB2BC
:107D3000002B08D17C193A68BB1919000820FFF7FD
:107D400098FE030023701723FB181B785BB2180002
:107D5000BD4607B0F0BDF0B58BB000AFF8607A60FB
:107D60000A243B190A1C1A8027203B1800221A708B
:107D70003B191B889B089BB2D9B205003C181426FE
:107D8000BB19F8680422FFF720FF030023707B195A
:107D90001B785BB2002B08D17C197A68BB191900DB
:107DA0001020FFF7A9FE030023702723FB181B7880
:107DB0005BB21800BD460BB0F0BD80B586B000AF19
:107DC000F8607A600A203B180A1C1A801723FB18F7
:107DD00000221A703B181B880A2B02D80A235B4228
:107DE00049E0FB681B787F221340DAB27B681A7087
:107DF000FB685A787B6801330F210A40D2B21A70AF
:107E0000FB689A787B6802337F210A40D2B21A70ED
:107E1000FB68DA787B68033303210A40D2B21A7018
:107E2000FB681A797B6804337F210A40D2B21A704A
:107E3000FB68D8887B6805331A000221F7F7F9FD43
:107E40007B680733FA68127A1A707B680833FA681D
:107E5000527A1A70FB689A7A7B6809333F210A408C
:107E6000D2B21A707B680A33FA68D27A1A70172372
:107E7000FB181B785BB21800BD4606B080BD80B50C
:107E800086B000AFB9607A600E217B18021C1A80A0
:107E90001723FB1800221A707B181B880A2B02D8A4
:107EA0000A235B4248E0BB681B787F221340DAB2AA
:107EB0007B681A70BB6801331B780F221340DAB25B
:107EC0007B685A70BB6802331B787F221340DAB29A
:107ED0007B689A70BB6803331B7803221340DAB2C5
:107EE0007B68DA70BB6804331B787F221340DAB2F8
:107EF0007B681A71BB68053319000220F7F7D7FDBC
:107F000003001A007B68DA80BB68DA797B681A7232
:107F1000BB681A7A7B685A72BB6809331B783F22A8
:107F20001340DAB27B689A72BB689A7A7B68DA721D
:107F30001723FB181B785BB21800BD4606B080BD46
:107F400090B587B000AF7860396017217B180022A8
:107F50001A700A00BB181B785BB2002B09D1BC1841
:107F60000C23FA1878680B230121ECF7C5FB0300FA
:107F700023701722BB181B785BB2002B09D1BC18E9
:107F80003A680C23FB1819000B20FFF778FF030059
:107F900023701723FB181B785BB21800BD4607B08F
:107FA00090BD80B586B000AFF8607A600A203B18BB
:107FB0000A1C1A801723FB1800221A703B181B8812
:107FC000162B02D80A235B4278E0FB681A787B689C
:107FD0001A707B680133FA6852781A707B68023332
:107FE000FA6892781A707B680333FA68D2781A704C
:107FF0007B680433FA6812791A70FB685A797B68D7
:1080000005330F210A40D2B21A707B680633FA6832
:1080100092791A70FB68DA797B6807333F210A404E
:10802000D2B21A70FB681A7A7B68083303210A40BF
:10803000D2B21A70FB6858897B6809331A00022192
:10804000F7F7F7FCFB680C20185E7B680B331A000F
:108050000221F7F755FDFB680E20185E7B680D3393
:108060001A000221F7F74CFDFB68188A7B680F3372
:108070001A000221F7F7DDFCFB6812229B5EDB048D
:10808000DB0C18B27B6811331A000221F7F738FDB8
:10809000FB681420185E7B6813331A000221F7F77F
:1080A0002FFDFB681620185E7B6815331A0002212D
:1080B000F7F726FD1723FB181B785BB21800BD46A7
:1080C00006B080BD80B586B000AFB9607A600E2181
:1080D0007B18021C1A801723FB1800221A707B18C9
:1080E0001B88162B02D80A235B427BE0BB681A78F8
:1080F0007B681A70BB685A787B685A70BB689A783C
:108100007B689A70BB68DA787B68DA70BB681A792A
:108110007B681A71BB6805331B780F221340DAB2F3
:108120007B685A71BB689A797B689A71BB68073320
:108130001B783F221340DAB27B68DA71BB680833E0
:108140001B7803221340DAB27B681A72BB680933CA
:1081500019000220F7F7ABFC03001A007B685A8174
:10816000BB680B3319000220F7F709FD03001A0062
:108170007B689A81BB680D3319000220F7F7FFFC7A
:1081800003001A007B68DA81BB680F3319000220F4
:10819000F7F78DFC03001A007B681A82BB68113365
:1081A00019000220F7F7EBFC0300DB04DB0C1AB22A
:1081B0007B685A82BB68133319000220F7F7DFFC93
:1081C00003001A007B689A82BB68153319000220ED
:1081D000F7F7D5FC03001A007B68DA821723FB1837
:1081E0001B785BB21800BD4606B080BD90B589B063
:1081F00000AF786039601F217B1800221A700A00D6
:10820000BB181B785BB2002B09D1BC180823FA18E5
:10821000786817230D21ECF76FFA030023701F22F3
:10822000BB181B785BB2002B09D1BC183A68082335
:10823000FB1819001720FFF745FF030023701F23C9
:10824000FB181B785BB21800BD4609B090BD80B525
:1082500086B000AFF8607A600A203B180A1C1A80CA
:108260001723FB1800221A703B181B881F2B02D8FB
:108270000A235B42D1E0FB681B887A680221180060
:10828000F7F7D7FBFB689A787B68023301210A4035
:10829000D2B21A70FB68DA787B6803330F210A4088
:1082A000D2B21A70FB681A797B6804330F210A4036
:1082B000D2B21A70FB685A797B6805331F210A40D5
:1082C000D2B21A70FB689A797B6806337F210A4024
:1082D000D2B21A70FB68DA797B6807337F210A40D3
:1082E000D2B21A70FB681A7A7B68083301210A40FF
:1082F000D2B21A707B680933FA68527A1A70FB6836
:108300009A7A7B680A3301210A40D2B21A70FB685C
:10831000DA7A7B680B3303210A40D2B21A70FB6809
:108320001A7B7B680C331F210A40D2B21A70FB689B
:108330005A7B7B680D3303210A40D2B21A70FB6866
:108340009A7B7B680E3303210A40D2B21A70FB6815
:10835000DA7B7B680F3307210A40D2B21A70FB68C0
:108360001A7C7B6810331F210A40D2B21A70FB6856
:108370005A7C7B68113301210A40D2B21A707B68A3
:108380001233FA68927C1A707B681333FA68D27CD5
:108390001A707B681433FA68127D1A707B68153383
:1083A000FA68527D1A707B681633FA68927D1A70EB
:1083B0007B681733FA68D27D1A70FB68188B7B686C
:1083C00018331A000221F7F734FB7B681A33FA6876
:1083D000927E1A707B681B33FA68D27E1A70FB6833
:1083E0001A7F7B681C330F210A40D2B21A707B6857
:1083F0001D33FA68527F1A70FB689A7F7B681E33C0
:108400000F210A40D2B21A707B681F33FA68D27FFC
:108410001A701723FB181B785BB21800BD4606B014
:1084200080BD80B586B000AFF8607A600A203B1846
:108430000A1C1A801723FB1800221A703B181B888D
:10844000152B02D80A235B4272E0FB681A787B681E
:108450001A707B680133FA6852781A707B680233AD
:10846000FA6892781A70FB68DA787B6803337F21A8
:108470000A40D2B21A70FB689B881B051B0D98B28C
:108480007B6804331A000221F7F7D3FAFB689A7964
:108490007B6806337F210A40D2B21A707B680733AB
:1084A000FA68D2791A707B680833FA68127A1A70FF
:1084B000FB685A7A7B68093301210A40D2B21A70EC
:1084C000FB689A7A7B680B3307210A40D2B21A7094
:1084D000FB6898897B680C331A000221F7F7A9FA28
:1084E000FB68D8897B680E331A000221F7F7A1FADE
:1084F000FB68188A7B6810331A000221F7F799FA93
:108500007B681233FA68927C1A707B681333FA68BE
:10851000D27C1A707B681433FA68127D1A707B68FB
:108520001533FA68527D1A701723FB181B785BB25B
:108530001800BD4606B080BD80B586B000AFF860BB
:108540007A600A203B180A1C1A801723FB180022A5
:108550001A703B181B88162B02D80A235B4270E066
:10856000FB681B780F221340DAB27B681A707B68B5
:108570000133FA6852781A70FB689A787B68023384
:108580000F210A40D2B21A707B680333FA68D2789E
:108590001A70FB681A797B6804330F210A40D2B243
:1085A0001A707B680533FA6852791A70FB689A79F9
:1085B0007B6806333F210A40D2B21A70FB68DA7931
:1085C0007B6807330F210A40D2B21A707B680833E8
:1085D000FA68127A1A70FB685A7A7B6809333F216D
:1085E0000A40D2B21A70FB6858897B680A331A00B5
:1085F0000221F7F71EFAFB6898897B680C331A0092
:108600000221F7F716FA7B680E33FA68927B1A702C
:108610007B680F33FA68D27B1A70FB6818697B6835
:1086200012331A000421F7F7DBFAFB681A7D7B6826
:10863000163301210A40D2B21A701723FB181B7897
:108640005BB21800BD4606B080BD80B586B000AFF5
:10865000F8607A600A203B180A1C1A801723FB185E
:1086600000221A703B181B88112B02D80A235B4288
:1086700073E0FB681B7803221340DAB27B681A7040
:10868000FB6858887B6801331A000221F7F7D1F99B
:10869000FB6898887B6803331A000221F7F7C9F951
:1086A000FB689A797B68053301210A40D2B21A70BF
:1086B000FB68DA797B68063307210A40D2B21A7068
:1086C0007B680733FA68127A1A707B680833FA6895
:1086D000527A1A70FB689A7A7B6809337F210A40C4
:1086E000D2B21A70FB68DA7A7B680A337F210A40BB
:1086F000D2B21A70FB681A7B7B680B3303210A40E5
:10870000D2B21A70FB685A7B7B680C3303210A4093
:10871000D2B21A70FB689A7B7B680D330F210A4036
:10872000D2B21A707B680E33FA68D27B1A707B68FB
:108730000F33FA68127C1A707B681033FA68527C27
:108740001A70FB689A7C7B68113303210A40D2B20D
:108750001A701723FB181B785BB21800BD4606B0D1
:1087600080BD80B586B000AFF8607A600A203B1803
:108770000A1C1A801723FB1800221A703B181B884A
:10878000042B02D80A235B4227E0FB681B780122F6
:108790001340DAB27B681A70FB685A787B68013341
:1087A00001210A40D2B21A70FB689A787B680233C2
:1087B00001210A40D2B21A70FB68DA787B68033371
:1087C00003210A40D2B21A707B680433FA68127926
:1087D0001A701723FB181B785BB21800BD4606B051
:1087E00080BD90B585B000AF786039600F217B18EF
:1087F00000221A700A00BB181B785BB2002B09D14B
:10880000BC180823FA183B6805211800FFF7A9FFD8
:10881000030023700F22BB181B785BB2002B09D119
:10882000BC180823FA18786805238321EBF720FF8A
:10883000030023700F23FB181B785BB21800BD46A2
:1088400005B090BD80B586B000AFB9607A600E21EA
:108850007B18021C1A801723FB1800221A707B1841
:108860001B882B2B02D80A235B42E4E0BB681B78F1
:108870003F221340DAB27B681A70BB685A787B6873
:108880005A70BB6802331B780F221340DAB27B6840
:108890009A70BB68DA787B68DA70BB6804331900B9
:1088A0000220F7F704F903001A007B689A80BB687E
:1088B000063319000220F7F7FAF803001A007B6864
:1088C000DA80BB68083319000220F7F7F0F80300DC
:1088D0001A007B681A81BB680A3319000220F7F777
:1088E000E6F803001A007B685A81BB680C33190054
:1088F0000220F7F7DCF803001A007B689A81BB6856
:108900000E3319000220F7F7D2F803001A007B6833
:10891000DA81BB68103319000220F7F7C8F80300AA
:108920001A007B681A82BB68123319000220F7F71D
:10893000BEF803001A007B685A82BB681433190022
:108940000220F7F7B4F803001A007B689A82BB682C
:10895000163319000220F7F7AAF803001A007B6803
:10896000DA82BB68183319000220F7F7A0F8030079
:108970001A007B681A83BB681A3319000220F7F7C4
:1089800096F803001A007B685A83BB681C331900F1
:108990000220F7F78CF803001A007B689A83BB6803
:1089A0001E3319000220F7F782F803001A007B68D3
:1089B000DA83BB68203319000220F7F778F8030048
:1089C0001A007B681A84BB68223319000220F7F76B
:1089D0006EF803001A007B685A84BB6824331900C0
:1089E0000220F7F764F803001A007B689A84BB68DA
:1089F000263319000220F7F75AF803001A007B68A3
:108A0000DA84BB68283319000220F7F750F8030016
:108A10001A007B681A85BB682A22995C7B682A2227
:108A20009954BB682B22995C7B682B22995417239D
:108A3000FB181B785BB21800BD4606B080BD80B540
:108A400086B000AFB9607A600E217B18021C1A80D4
:108A50001723FB1800221A707B181B88202B02D8C2
:108A60000A235B4250E0BB6819000420F7F7EFF8D7
:108A700002007B681A60BB68043319000420F7F712
:108A8000E6F802007B685A60BB68083319000420CE
:108A9000F7F7FBF802007B689A60BB680C3319009B
:108AA0000420F7F7D4F802007B68DA60BB68103363
:108AB00019000420F7F7CBF802007B681A61BB6845
:108AC000143319000420F7F7C2F802007B685A61DA
:108AD000BB68183319000420F7F7D7F802007B6849
:108AE0009A61BB681C3319000420F7F7B0F8020044
:108AF0007B68DA61BB682022995C7B6820229954EC
:108B00001723FB181B785BB21800BD4606B080BD6A
:108B100080B586B000AFB9607A600E217B18021C68
:108B20001A801723FB1800221A707B181B88372B1A
:108B300002D80A235B4261E1BB6819000220F6F704
:108B4000B6FF03001A007B681A80BB6802331B78EB
:108B50007F221340DAB27B689A70BB6803331B78BC
:108B60003F221340DAB27B68DA70BB6804331B78AB
:108B700003221340DAB27B681A71BB6805331B7895
:108B800001221340DAB27B685A71BB6806331B7846
:108B90003F221340DAB27B689A71BB6807331B78B7
:108BA0003F221340DAB27B68DA71BB6808331900E0
:108BB0000220F6F77CFF03009B059B0D9AB27B68B1
:108BC0001A81BB680A331B7803221340DAB27B6830
:108BD0009A72BB680B331B7803221340DAB27B68AE
:108BE000DA72BB680C331B780F221340DAB27B6851
:108BF0001A73BB680D331B7807221340DAB27B6807
:108C00005A73BB680E331B7801221340DAB27B68BB
:108C10009A73BB680F331B7803221340DAB27B6868
:108C2000DA73BB681A7C7B681A74BB685A7C7B68F1
:108C30005A74BB68123319000220F6F738FF03009C
:108C40001B051B0D9AB27B685A82BB68163319004C
:108C50000220F6F72CFF03001A007B689A82BB689B
:108C6000183319000220F6F722FF03001A007B6870
:108C7000DA82BB681A331B7801221340DAB27B68B0
:108C80001A76BB681B331B7807221340DAB27B6865
:108C90005A76BB681A7F7B689A76BB685A7F7B6876
:108CA000DA76BB681E331B787F221340DAB27B680A
:108CB0001A77BB681F331B787F221340DAB27B68B8
:108CC0005A77BB6820331B7803221340DAB27B68E3
:108CD0009A77BB6821331B780F221340DAB27B6886
:108CE000DA77BB682222995C7B6820229954BB68A2
:108CF0002322995C7B6821229954BB682422995CC9
:108D00007B6822229954BB6825331B7801221340CB
:108D1000D9B27B6823229954BB6826331B7803227F
:108D20001340D9B27B6824229954BB6827331B783F
:108D30001F221340D9B27B6825229954BB6828337F
:108D40001B781F221340D9B27B6826229954BB6836
:108D500029331B781F221340D9B27B6827229954EC
:108D6000BB682A331B7801221340D9B27B682822C2
:108D70009954BB682B331B7801221340D9B27B680E
:108D800029229954BB682C331B7803221340D9B293
:108D90007B682A229954BB682D331B783F221340ED
:108DA000D9B27B682B229954BB682E33190004205A
:108DB000F6F74DFF03009B039A0B7B68DA62BB68F2
:108DC000323319000420F6F742FF02007B681A6371
:108DD000BB6836331B7801221340D9B27B6834223A
:108DE0009954BB6837331B7801221340D9B27B6892
:108DF000352299541723FB181B785BB21800BD4627
:108E000006B080BD80B586B000AFB9607A600E2133
:108E10007B18021C1A801723FB1800221A707B187B
:108E20001B88302B02D80A235B4214E1BB681A78F6
:108E30007B681A70BB685A787B685A70BB689A78EE
:108E40007B689A70BB68033319000220F6F72FFE87
:108E500003001A007B689A80BB6805331B787F2269
:108E60001340DAB27B689A71BB6806331B7807221D
:108E70001340DAB27B68DA71BB6807331B780722CC
:108E80001340DAB27B681A72BB6808331B783F2242
:108E90001340DAB27B685A72BB6809331B783F22F1
:108EA0001340DAB27B689A72BB680A331B780122DE
:108EB0001340DAB27B68DA72BB680B331B787F220F
:108EC0001340DAB27B681A73BB680C331B7801223B
:108ED0001340DAB27B685A73BB680D331B783F22AC
:108EE0001340DAB27B689A73BB680E331B783F225B
:108EF0001340DAB27B68DA73BB68DA7B7B681A747A
:108F0000BB681A7C7B685A74BB685A7C7B689A740D
:108F1000BB689A7C7B68DA74BB68DA7C7B681A75FC
:108F2000BB681A7D7B685A75BB685A7D7B689A75E9
:108F3000BB689A7D7B68DA75BB68DA7D7B681A76D8
:108F4000BB681A7E7B685A76BB685A7E7B689A76C5
:108F5000BB689A7E7B68DA76BB68DA7E7B681A77B4
:108F6000BB681A7F7B685A77BB685A7F7B689A77A1
:108F7000BB689A7F7B68DA77BB68D97F7B682022E1
:108F80009954BB682022995C7B6821229954BB6864
:108F90002122995C7B6822229954BB682222995C29
:108FA0007B6823229954BB682322995C7B68242226
:108FB0009954BB682422995C7B6825229954BB682C
:108FC0002522995C7B6826229954BB682622995CED
:108FD0007B6827229954BB682722995C7B682822EA
:108FE0009954BB682822995C7B6829229954BB68F4
:108FF0002922995C7B682A229954BB682A22995CB1
:109000007B682B229954BB682B22995C7B682C22AD
:109010009954BB682C22995C7B682D229954BB68BB
:109020002D22995C7B682E229954BB682E22995C74
:109030007B682F229954BB682F22995C7B68302271
:109040009954BB683022995C7B683122995417236C
:10905000FB181B785BB21800BD4606B080BD90B50A
:1090600091B000AF786039603F217B1800221A7000
:109070000A00BB181B785BB2002B0BD1BC180C2369
:10908000FA181023FF33190078683123EBF734FB0B
:10909000030023703F22BB181B785BB2002B09D161
:1090A000BC183A680C23FB1819003120FFF7AAFE00
:1090B000030023703F23FB181B785BB21800BD46EA
:1090C00011B090BDF0B5C1B000AFC826BE19316077
:1090D000C426B9190A60C0217A1813600F235B18DF
:1090E000DA19031C13703F235B18DA19F12313708C
:1090F000554BD422BA1813600023D022B81803604D
:1091000000220023F0203818026043600022002370
:10911000E82038180260436000220023E02038185D
:109120000260436000220023D820381802604360A8
:1091300096235B0008229B18DB191A6801235B4207
:1091400013806822531808208446BC4463441B885B
:10915000002B00D112E3531808229446BC44634408
:109160001B881800FAF764FB0300D022BA181360BA
:10917000922149000823CB18DB191A68BB191B6818
:109180009A4220D90823CB18DB191B689822B918FA
:109190000B6000239C2179180B60BB191B6890267B
:1091A000B9190B600023942179180B60BB181A6859
:1091B0005B68BE1930687168121A8B41E02179181A
:1091C0000A604B6022E0C423FB181B688822B91890
:1091D0000B6000238C2179180B6092235B0008211F
:1091E0005B18DB191B68802178180360002384203A
:1091F00038180360BB181A685B68791808684968F2
:10920000121A8B41E02179180A604B60C8203B1884
:109210001A68C0217B181B689A4217D93B181B6833
:10922000BB670023FB677B181B683B6700237B67DA
:10923000BA6FFB6F386F796F121A8B41D82179188A
:109240000A604B6018E0C046FFFF0000C023FB1817
:109250001B68BB660023FB66C823FB181B683B66C4
:1092600000237B66BA6EFB6E386E796E121A8B41E4
:10927000D82179180A604B60E023FB181A68E423B0
:10928000FB181B681A4300D178E2C423FB181B6843
:10929000BB650023FB658C235B0008229B18DB1950
:1092A0001B683B6500237B65BA6DFB6D386D796D7E
:1092B00012184B419221490008200918C919096860
:1092C000B9640021F964B86CF96C12184B41F021B3
:1092D000781802604360F422BB181B68002B09D188
:1092E000BB181B68002B0BD17B181A6880235B040A
:1092F0009A4205D3BE4A0023F02179180A604B60D8
:10930000D8217B181A685B68791808684968C7F71C
:1093100053F902000B00E8217818026043607B18C3
:109320001B681A0EEC203B181B681D0215437B18A6
:109330001B681C027B181C605D603B181A68802348
:109340005B049A4205D301225242A94B79180A6064
:109350004B60E0257B191A685B68E82439190868B6
:109360004968C7F709F902000B002100781802606C
:1093700043607B191A685B680C00791808684968B3
:10938000C7F7FAF802000B0021007818026043606A
:10939000EC23FB181B687F2B05D9012252427F2347
:1093A00079180A604B60E8243B191A685B68F0255D
:1093B000791908684968C7F7FFF802000B007919A6
:1093C0000A604B608A235B0008229B18DB191B682C
:1093D0003B6400237B6490235B0008229B18DB190D
:1093E0001B68BB630023FB633A6C7B6CB86BF96B47
:1093F00012184B418821490008200918C919096829
:10940000396300217963386B796B12184B418E21D7
:10941000490008200918C9190968B9620021F962D0
:10942000B86AF96A12184B4139190A604B60EC228C
:10943000BB181B68002B09D1BB181B68002B0BD174
:109440003B191A6880235B049A4205D3684A0023BB
:10945000E82179180A604B60E8217B181B681A0E16
:10946000EC23FB181B681B02BC203C1823603B1834
:109470001B6813433A1813607B181B681B02B82241
:10948000B8180360BB185C681B680A0079180B6089
:109490004C60F0243B1918685968BB181A685B685F
:1094A00012184B4139190A604B603B191A685B6806
:1094B000002B05DA012252424E4B39190A604B60EB
:1094C000F423FB181B68002B23D1D023FB181B6847
:1094D000BB610023FB61BA69FB69F0243919086894
:1094E0004968C7F769F802000B002100781802608C
:1094F0004360E023FB181A685B680C007918086861
:109500004968C7F739F802000B0039190A604B6047
:1095100022E0E023FB181A685B68F0243919086818
:109520004968C7F729F802000B002100781802608B
:109530004360D023FB181B683B6200237B623A6ABE
:109540007B6A0C00791808684968C7F735F802008B
:109550000B0039190A604B60F0217B181A685B68B0
:10956000002B05DA01225242224B79180A604B6027
:10957000F423FB181B68002B3ED1D023FB181B687B
:10958000BB600023FB60BA68FB68F02579190868A6
:109590004968C7F711F802000B0079190A604B609F
:1095A000E023FB181A685B68791908684968C6F7F0
:1095B000E3FF02000B0079190A604B607B191A68FF
:1095C0005B6899079008A8243E1930603819006834
:1095D000084321007C1820609B08AC22BA18136055
:1095E0007B185C681B687A19136054603DE0C046C4
:1095F000FFFFFF00FFFFFF7FE023FB181A685B6897
:10960000F025791908684968C6F7B6FF02000B0013
:1096100079190A604B607B191A685B689907900892
:10962000B0243E19306038190068084321007C18C6
:1096300020609B08B422BA1813607B185C681B6812
:109640007A1913605460D023FB181B683B61002318
:109650007B613A697B69791908684968C6F7ACFF8C
:1096600002000B0079190A604B60F0217B181A6820
:109670005B68002B05DA01225242454B79180A60DB
:109680004B60F4243B191B689B07F0203A181268C2
:109690009208A0217D182A607A1812681A437B1854
:1096A0001A602200BB181B689B08A4243C19236085
:1096B0007B185C681B6839180B604C60BB181B6812
:1096C000002B05D001225242002339180A604B605A
:1096D0000F23C0229B18DB191B78DBB23B600023F1
:1096E0007B603868796803005B0E0A00D20113437F
:1096F000EC22BA1813600300DB01E8243A19136066
:109700003B191A685B68391908684968C6F754FF3D
:1097100002000B0039190A604B60F0257B191868AC
:1097200059683B191A685B6812184B4179190A602D
:109730004B60F423FB181B68002B05D0012252421A
:10974000002379190A604B60F023FB181B6818008E
:10975000F9F7D9FE0300D422B9180B60BB181B68B7
:109760009AB296235B0008215B18DB191B681A80EC
:109770003F23C0229B18DB1900221A703F23C0220E
:109780009B18DB191B785BB21800BD4641B0F0BDD9
:10979000FFFFFF7FB0B586B000AF78603960162359
:1097A000FB1800221A707B683B610F217B18002296
:1097B0001A700E23FB1800221A7017243B1900227E
:1097C0001A703B691B4A9A5C08007B1810210A40FA
:1097D0001A703B181B78002B03D13B1901221A7019
:1097E00003E01723FB1800221A701623FC180E251D
:1097F0007A197B6831211800EBF73CF803002370DD
:109800007B191B781A0001231A401723FB181B78B9
:109810009A4203D13B6801221A7002E03B680022A1
:109820001A701623FB181B785BB21800BD4606B0F1
:10983000B0BDC04612030000B0B586B002AF78607C
:1098400039600F257B1900221A707C199623DA00E3
:109850007B6811001800EBF7C0F8030023707B1938
:109860001B785BB2002B0CD17C1939687868012316
:109870000193012300930123E522EBF7C3F80300D2
:1098800023700F23FB181B785BB2002B04D17B687D
:1098900003211800F5F738FA0F23FB181B785BB289
:1098A0001800BD4604B0B0BDF0B5ADB000AF842423
:1098B0003C19206010001C000A23702215009B1820
:1098C0000822BA189A180B1C138008232A001500C6
:1098D0009B180822BA189A18031C138077230822B1
:1098E0009B18DA19231C13701721B9672C000B1968
:1098F0000822BA189A18002313701620250003199D
:109900000822BA189A180023137015242A0015008B
:10991000A3180822BA189A180023137036232A00B5
:1099200015009B180822BA189A18002313803423B4
:109930002A0015009B180822BA189A1800231380D1
:1099400032232A0015009B180822BA189A180023FF
:10995000138030232A0016009B180822BA189A1880
:109960000023138000220023982508216D18ED198B
:109970002A606B6000220023902508216918CD1908
:109980002A606B6000220023882508216918CD1900
:109990002A606B60B96F32008B1808218C46BC447A
:1099A00063441B785BB2002B14D11300E21808212A
:1099B0008C46BC4462441C00C3180821791859180D
:1099C00058231B1908208446BC4463441B781800A4
:1099D000FAF7CFF9172370201B1808229446BC44CD
:1099E00063441B785BB2002B00D0CCE05C210B18E9
:1099F00008229446BC4463441B781B09DBB21A005E
:109A0000012313401BD015231B1808229446BC4485
:109A100063441B781A000B1808218C46BC4463442D
:109A20001B785B09DBB2D31A9BB2013B9BB2362297
:109A3000121808218C46BC44624413801AE0152396
:109A400070215B1808229446BC4463441B781A00BA
:109A50005C235B1808208446BC4463441B785B0984
:109A6000DBB2D31A9BB23622521808218C46BC4472
:109A700062441380152370201B1808229446BC44AE
:109A800063441B781A005C210B180824A446BC44CC
:109A900063441B785B09DBB2D3189BB23422040009
:109AA000121908208446BC446244138008000B1934
:109AB00008229446BC4463441A780123134021D001
:109AC000162322009B1808218C46BC4463441B7853
:109AD0001900831808229446BC4463441A780F2363
:109AE000134000D501335B109BB2CB1A9BB2013BF4
:109AF0009BB230227021521808218C46BC4462442B
:109B0000138020E0162370229B1808218C46BC4449
:109B100063441B7819005C239B1808229446BC44BC
:109B200063441A780F23134000D501335B105B4266
:109B30009BB2CB189BB230227021521808218C4660
:109B4000BC4462441380162370229B1808218C4663
:109B5000BC4463441B7819005C239B18082294467C
:109B6000BC4463441A780F23134000D501335B10C3
:109B70009BB2CB189BB232227021521808218C461E
:109B8000BC4462441380172370241B190822944696
:109B9000BC4463441B785BB2002B6AD17720082356
:109BA000C318DB191B785BB29AB236210B19082552
:109BB000AC46BC4463441B88D3189BB2DB189BB2F1
:109BC0000F3B9BB20A1908218C46BC4462441380A7
:109BD0000823C318DB191B785BB29AB234210B1926
:109BE00008208446BC4463441B88D3189BB2DB180E
:109BF0009BB20F3B9BB20A1908218C46BC446244BD
:109C0000138050210B1908229446BC4463441B78EE
:109C10005BB29AB2322003190825AC46BC446344B7
:109C20001B88D3189BB2DB189BB20F3B9BB2021967
:109C300008208446BC446244138020000B1808228C
:109C40009446BC4463441B785BB29AB230210B1833
:109C50000824A446BC4463441B88D3189BB2DB1879
:109C60009BB20F3B9BB20A1808218C46BC4462444D
:109C70001380172370229B1808218C46BC44634430
:109C80001B785BB2002B00D012E136239B18082111
:109C90008C46BC4463441B881BB2BB64DB17FB646B
:109CA0000A2316009B1808229446BC4463441B8870
:109CB0001BB23B60DB177B603A687B68B86CF96C61
:109CC000C6F77AFC02000B0014001D00302332009E
:109CD0009B1808218C46BC4463441B881BB23B6420
:109CE000DB177B6408239B1808229446BC4463441A
:109CF0001B881BB2BB63DB17FB63BA6BFB6B386C57
:109D0000796CC6F759FC02000B0012196B419821BF
:109D100008200818C019026043600823CB18DB191B
:109D2000186859680122002312184B4110001900CD
:109D3000002905DA0122002312184B4110001900F6
:109D4000CB0742083A663A6E1A433A664B107B6676
:109D50003B6E7C6E98250822AA18D21913605460B5
:109D60008423FB181B683B6300237B63396B7A6B8E
:109D70000B009B0F100080007867786F184378679E
:109D80000B009B003B670823EB18DB191A685B6824
:109D9000386F796F12184B4108216918C9190A6088
:109DA0004B60342370269B1908229446BC446344BC
:109DB0001B881BB2BB62DB17FB620A239B190822BC
:109DC0009446BC4463441B881BB23B62DB177B6236
:109DD0003A6A7B6AB86AF96AC6F7EEFB02000B00C2
:109DE00014001D0032239B1908229446BC4463448E
:109DF0001B881BB2BB61DB17FB6108239B19082280
:109E00009446BC4463441B881BB23B61DB177B61F7
:109E10003A697B69B869F969C6F7CEFB02000B00A5
:109E200012196B41902108200818C0190260436084
:109E30000823CB18DB191A685B680120002112186F
:109E40004B41002B03DA0120002112184B41D907A6
:109E50005008B865B86D0843B8655B10FB65BB6D0D
:109E6000FC6D90250822AA18D2191360546084232F
:109E7000FB181B68BB600023FB60B968FA680B0025
:109E80009B0F10008000F866F86E1843F8660B0010
:109E90009B00BB660823EB18DB191A685B68B86E79
:109EA000F96E12184B4108216918C9190A604B60F4
:109EB000172370229B1808229446BC4463441B78E5
:109EC0005BB2002B27D1982308229B18DB19186856
:109ED0005968902308229B18DB191A685B681218CE
:109EE0004B410120002112184B41002B03DA0120C5
:109EF000002112184B41D90750083865386D0843C6
:109F000038655B107B653B6D7C6D8822082152189B
:109F1000D21913605460172370229B1808229446AC
:109F2000BC4463441B785BB2002B0ED18C23082207
:109F30009B18DB191B68002B07DA002200238821FD
:109F400008200918C9190A604B60882308229B1849
:109F5000DB191A68D02308215B18DB191B681A600B
:109F6000172370229B1808229446BC4463441B7834
:109F70005BB21800BD462DB0F0BDB0B594B000AFD7
:109F8000F862B9627A623B62262320215B18DB19F2
:109F900000221A7000220023BA63FB630022002310
:109FA000BA64FB64002200233A637B6327235B18B7
:109FB000DB1900221A707B6ABB610023FB61FB6A1C
:109FC0008C229B583B6100237B613A697B69B869AD
:109FD000F969C6F7F1FA02000B0010001900FA2225
:109FE0005200002380185941FA2292000023C6F73C
:109FF000C3FA02000B00BA63FB63FB6A7C229B5A24
:10A00000BB600023FB60BA68FB68B86BF96BC6F7EE
:10A01000D3FA02000B00BA64FB64BA6CFB6C19063D
:10A02000140A0C431D0ABC64FD64BA6CFB6C8020EE
:10A03000C000002112184B415905D00A0143B964F0
:10A04000DB0AFB64FB6C002B04D00122524200238C
:10A05000BA64FB64272320229B18DB1900221A70A4
:10A0600033E0272420256319DB191B78BA6A0233F1
:10A070009B00D31804331B683B6000237B603A6865
:10A080007B68B86CF96CC6F797FA02000B003A636C
:10A090007B633A6B7B6B80208000002112184B4160
:10A0A0009905900A014339639B0A7B636319DB19A5
:10A0B0001A78396B3B6A06329200D1506319DB196A
:10A0C0001A786319DB1901321A70BB6A9B7A27224E
:10A0D00020215218D21912789A42C2D326235B1833
:10A0E000DB191B785BB21800BD4614B0B0BDB0B52B
:10A0F00084B000AF05000C0010001900FB1D2A1CE5
:10A100001A70BB1D221C1A707B1D021C1A703B1D8D
:10A110000A1C1A700B23FB1800221A700F217B18DF
:10A1200000221A700E23FB1800221A700C203B1814
:10A1300000221A803B6B05221A703B1800221A80FD
:10A140007B1800221A7067E00E23FB1800221A7099
:10A1500054E00C203B181B88042B43D83B181B8869
:10A16000DAB23B6B5A703B181B883A6B06339B0084
:10A17000D31807332C22BA1812781A703B181B8890
:10A180003A6B06339B00D31806332822BA1812788C
:10A190001A700F23FB18BA1D1B7812785343D9B2DB
:10A1A0003B181B88FA1D12788A18D1B23A6B063315
:10A1B0009B00D31804330A1C1A700E23FA182023AC
:10A1C000FB1812781B785343D9B23B181B883A1DF1
:10A1D00012788A18D1B23A6B06339B00D318053334
:10A1E0000A1C1A700C217B181A887B1801321A80FD
:10A1F0000E217B181A787B1801321A700E23FA1878
:10A200002423FB1812781B789A42A2D30F217B18C3
:10A210001A787B1801321A700F23FA187B1D1278F6
:10A220001B789A4290D30B257C193B6B180000F0E9
:10A2300073F8030023707B191B785BB21800BD46CE
:10A2400004B0B0BDB0B584B000AF786039600F2005
:10A250003B1800221A707B6805225A703B68042262
:10A260005A703B680F22DA773B6807229A773B687F
:10A2700004221A773B6808225A773B6823220F2171
:10A2800099543B682222072199543B6820220C21D3
:10A2900099543B682122082199543B6827220721C1
:10A2A00099543B6826220F2199543B6824220821A7
:10A2B00099543B682522042199543B682B2207219D
:10A2C00099543B682A220F2199543B68282208217F
:10A2D00099543B6829220C2199543B682F220F2165
:10A2E00099543B682E220F2199543B682C22082157
:10A2F00099543B682D220821995405003C183B686D
:10A30000180000F009F8030023707B191B785BB27A
:10A310001800BD4604B0B0BD80B584B000AF786011
:10A320000E23FB1800221A700F23FB1800221A704C
:10A330000DE00F203B181B787A683021D3185B188A
:10A3400001221A703B181A783B1801321A707B6888
:10A350001B780F22BA1812789A42EAD30E23FB1800
:10A360001B785BB21800BD4604B080BD80B500AF5D
:10A37000CAF716F9FEE780B582B000AF7860FEE755
:10A3800080B584B000AFF860B9607A6001235B42A9
:10A390001800BD4604B080BD80B584B000AFF86041
:10A3A000B9607A6001235B421800BD4604B080BDED
:10A3B00080B584B000AFF860B9607A6001235B4279
:10A3C0001800BD4604B080BD80B582B000AF786093
:10A3D000396001235B421800BD4602B080BD80B5E4
:10A3E00082B000AF786000231800BD4602B080BD87
:10A3F00080B500AF01231800BD4680BD80B582B096
:10A4000000AF786039603B68802292015A60002377
:10A410001800BD4602B080BD80B582B000AF786044
:10A4200001235B421800BD4602B080BD10B500217B
:10A4300001F026FA10BD10B50A22002101F0B8FA89
:10A4400010BD10B50A22002101F0B2FA10BD0000C3
:10A4500010B5034B0100186800F00EF810BDC0469F
:10A46000B407002010B5034B0100186801F0BEFDD1
:10A4700010BDC046B4070020F0B50D0087B00B3505
:10A480000190162D09D907239D4307D50C23019A66
:10A4900013600024200007B0F0BD1025A942F5D8B4
:10A4A000019800F0F9F9FC23BA4E5B009D421DD2E1
:10A4B0002A000832B218110054680839EB088C429F
:10A4C00003D1D4680233A24226D003226368A16874
:10A4D0009343E268E318CA609160012259680A4315
:10A4E0005A60019800F0E0F90834D3E73F236A0A84
:10A4F00003D0042A26D8AB09383303229446D90066
:10A500008919CC688C4206D0604662688243571B2A
:10A510000F2F2FDD013B013334699F498C4250D00E
:10A52000032062688243501B0F2831DD0123671925
:10A530001D430343656077613761F960B9607B60F3
:10A54000A050CEE7142A02D813005B33D5E7542A73
:10A5500002D82B0B6E33D0E7AA235B009A4202D8B5
:10A56000EB0B7733C9E78D497E238A42C5D8AB0C04
:10A570007C33C2E7E068002F08DBA368D860836003
:10A580000123A21851680B435360AAE70400B9E7FE
:10A59000716131610028F3DA71688C46802189008D
:10A5A0008A4200D38AE0D1085009012282406046E5
:10A5B00002437260CA0092199168E260A1609460DF
:10A5C000CC600122734899108A404168914226D399
:10A5D0000A4205D10324A343520004330A42FBD0AC
:10A5E000DE008619B44602936146CC68644500D00B
:10A5F0009BE00834A44603240299013102912142D0
:10A60000F2D1234200D0B7E0436893434360614BEB
:10A6100052005968914202D3002A00D0B8E00322C8
:10A62000836802935B6893430393AB4203D35A1B43
:10A630000F2A00DD1FE1029B039A08209E18584B49
:10A640001B6810335F1901F045FC564B04901B68E2
:10A65000013303D0013F3B1847421F4039000198A6
:10A6600001F0E4FB0400431C00D1DAE0864204D987
:10A67000484B029A9A4200D0D3E04B4A1368FB1829
:10A680001360049A013AA64200D093E0164200D02B
:10A6900090E0404B9A68039BDF1901233B435360D2
:10A6A000414B424A1B6811688B4200D91360404AF3
:10A6B00011688B4200D8B4E01360B2E0500A04285D
:10A6C00011D891093831CF00BF19B868874225D118
:10A6D000012289108A4061460A437260E760A060E7
:10A6E000BC60C4606DE7142802D801005B31EAE762
:10A6F000542802D8110B6E31E5E7AA21490088429F
:10A7000002D8D10B7731DEE7244F7E21B842DAD868
:10A71000910C7C31D7E78068874204D003264168DA
:10A72000B1439142F7D8C768D8E703276168B943B6
:10A730000391E768491B0F2910DD012263191543B6
:10A740006560A5680A43EF60BD604361036112481C
:10A750005A60D8609860039BE150C2E6002909DB8B
:10A76000039BE11801234A6813434B60A368DF6031
:10A77000BB60B6E63C0039E73168083E013BB142B8
:10A7800000D13EE743E7043352000A42FBD027E7FB
:10A79000029BFAE7340200203C020020540500002E
:10A7A0002CC301202C020020FCC2012028C3012060
:10A7B00024C3012035490868013040D10C600721CD
:10A7C000260000230E400C4202D008339B1BE418E5
:10A7D000E1190591059F04991740CB18DF1B17401D
:10A7E0003900019801F022FB431C07D1371E059860
:10A7F00004D030000027059B08381818244A001B95
:10A800001368C019DB1913600122224B029910430F
:10A810009C606060994200D142E7039B0F2B13D8E4
:10A82000626003221B4B9B685B6893435A1BAB42DD
:10A8300001D30F2A1FDC019800F036F829E61449ED
:10A84000A61BF6180E60BAE70721039B0C3B8B434F
:10A85000029949680A4002991A434A60CA180521B8
:10A86000516091600F2B00D81AE7029901980831C6
:10A8700001F0BCFB14E701231800064928438C684B
:10A880001343651960608D606B602AE62C0200201E
:10A89000FCC201203402002010B5024801F018FB70
:10A8A00010BDC04670C4012010B5024801F011FB74
:10A8B00010BDC04670C40120094B10B51C68094A80
:10A8C000983420686168084BC5F776FE01220023A2
:10A8D00080185941206061604800400810BDC046A2
:10A8E000B40700202D7F954C2DF4515810B5034B23
:10A8F0000A000100186800F003F810BDB40700203A
:10A90000F0B587B00C1E0390059206D11100FFF739
:10A91000B3FD0700380007B0F0BD0398FFF7BCFF98
:10A920002300083B5F6802933A0003239A43059B88
:10A9300004920B33162B08D907229343019306D5B3
:10A940000C23039A13600027E4E710230193059B6F
:10A95000019A9342F4D8049B019A934200DB6DE183
:10A96000049A029BBA489B18826894465A689C4590
:10A9700006D001251100A94359184968294244D13C
:10A9800003218A4304998E1801999C4517D11031EF
:10A99000B1423CDC019A01219446B61A2200029B86
:10A9A0000E4363448360083A5E60536803980B402B
:10A9B00061460B435360FFF777FF2700AAE7B142D8
:10A9C00025DCDA689B68DA609360019B029AF41ACE
:10A9D000029B92195868012318400F2C00D82FE1D0
:10A9E000019D029928434919029D1C4368604C60EF
:10A9F0005068083103435360039801F0F7FA039855
:10AA0000FFF752FF029F083784E700221300FF0779
:10AA100000D5C6E02100032008390D6802994D1BBE
:10AA20006968814304980F18002B00D184E0D6197F
:10AA30009C4548D1019B1033B3427DDCAA68EB688A
:10AA40002F00D3609A600200043A0837242A35D8D0
:10AA50003B00132A08D92368AB606368EB601B2AAC
:10AA60001AD82B000834103322681A6062685A60C2
:10AA7000A2689A60019B764AEB189360019AB61A15
:10AA8000012216435E606B681340019A13436B60AA
:10AA90000398FFF709FF3DE7A3682B61E3686B614B
:10AAA000242A03D02B0010341833DDE72369AB616F
:10AAB0002B0062692033EA611834D5E721003800A1
:10AAC00001F0EAF8D6E7019AB24235DC2800DA68EC
:10AAD0009B680830DA609360AA68EB68D3609A607C
:10AAE000049A043A242A23D8132A07D92368AB608E
:10AAF0006368EB601B2A09D80834083023680360B8
:10AB000063684360A368836002955EE7A3682B6176
:10AB1000E3686B61242A03D0280010341830EDE775
:10AB2000280023692030AB6163691834EB61E5E7E5
:10AB3000210001F0B1F8E7E7019BBB4231DC2800BE
:10AB4000AA68EB680830D3609A60049A043A242A11
:10AB500023D8132A07D92368AB606368EB601B2AEC
:10AB600009D8083408302368036063684360A36829
:10AB700083603E00C8E7A3682B61E3686B61242A09
:10AB800003D0280010341830EDE728002369203066
:10AB9000AB6163691834EB61E5E7210001F07CF8F3
:10ABA000E7E705990398FFF767FC071E03D10398B1
:10ABB000FFF77AFEC7E623000122083B5B68934358
:10ABC000029AD3180200083A934205D15E68032323
:10ABD0009E43049BF618F8E6049A043A242A29D8DE
:10ABE00003002100132A08D92368036063684360C7
:10ABF0001B2A0DD80300083108330A681A604A6816
:10AC00005A608A689A602100039801F0EFF93FE7E3
:10AC1000A3688360E368C360242A03D00300103173
:10AC20001033EAE7236918310361030062691833BE
:10AC30004261E2E7210001F02FF8E4E7049EC4E658
:10AC4000029906434E6051680B435360D7E6C046F5
:10AC50003402002070B516000D0002F01DF9002E20
:10AC60000DD06B236A00520D9B1A002B07DD0024C8
:10AC7000034A1B059D182B002200C7F7E1F970BDA0
:10AC80000000F03FF0B5A3B01B9200220026002781
:10AC9000059009911E921D910A782B2A53D03FD816
:10ACA0000D2A39D8082A39D8002A42D00022129217
:10ACB00000211D9D0C912A78302A00D083E06A780B
:10ACC00020318A43582A00D073E00293129B9B4A9A
:10ACD00001931EAB009305981FAB1DA901F0A0FACC
:10ACE0000F2302001A4004000692184205D0062ADB
:10ACF0002BD1002301351D9512931B9B002B02D0F5
:10AD00001D9B1B9A1360129B002B19D080233000CF
:10AD10001B06F91823B0F0BD202AC7D10131BAE7CC
:10AD20002D2AC3D12C3A12924A1C1D924A78002A2D
:10AD3000BED1099B1D93002312931B9B002BDFD1D7
:10AD400030003900E6E70022EDE71E9A002A07D01E
:10AD5000352120A802F096F91E99059801F08CFD86
:10AD600006981F9B0138042806D8C5F7DFF912039F
:10AD70001C1E1200209E219FE40502D580231B0685
:10AD80001F436F4B3B42B8D101F076F8222303609A
:10AD9000B3E76C49219A209E0A406B495B181B055A
:10ADA0001A431700E8E7664FE6E70126674F764249
:10ADB000E2E71D9B5A1C1D925B78302BF9D0002BCB
:10ADC0009BD001230C931D9B0A2213930023109305
:10ADD0000D9308931D9804782300303BD9B20929BC
:10ADE00027D901225A4900F08CFF002833D00020D7
:10ADF00023008446089A0E9006922022190091435F
:10AE00000A0000210791452A00D0CBE0069B0C9A4E
:10AE1000034313438B428CD01D9B099301331D9335
:10AE2000099B5B782B2B7BD00C002D2B7ED1012432
:10AE300077E00899082909DC0D9951435B180D93B7
:10AE4000089B0130013308931D90C3E7109D5543C3
:10AE50005B191093F4E71D9B5A1C1D92089A5B78AE
:10AE6000002A3ED00E9006921A00303A092A12D9D2
:10AE700001229446C1E71D9B01305A1C1D925B784C
:10AE8000302BF8D01A00313A082A44D80E9000200E
:10AE90001D9A069013921C00421C303C302B1AD095
:10AEA0000E9B06999B180E930A239C46069D4B1CED
:10AEB0005D1BAA4217DCC343069ADB170340D11877
:10AEC0000132D318069308291CDC0A230D9A534338
:10AED0000022E3180D931D9B1000591C1D915B78F7
:10AEE000C2E70898CCE7082905DC65460D99694357
:10AEF0000D911900DAE7102BFBDC6146109D4D43E4
:10AF00001095F6E700220F29E5DC0A23109D5D432A
:10AF100063191093DFE700220E9206920132A8E730
:10AF20000024099B02331D93099B9B781A00303A39
:10AF3000092A13D9099A1D92002232E0804304089D
:10AF40000000F07FFFFFEFFF33040000FFFFFF7FF3
:10AF5000C04104081D9B5A1C1D925B78302BF9D010
:10AF6000002207921A00313A082A1BD8303B1A00F7
:10AF70001D9B07931D9B591C1D915B781D00303D47
:10AF8000092D3AD9079D491B0D00B3490791082D9A
:10AF900003DC07928A4200DD0791002C02D0079A59
:10AFA00052420792069A002A4BD10C9A104300D0C5
:10AFB000A3E66246002A00D0BBE6692B25D021DC3F
:10AFC000492B22D04E2B00D0B3E6A4491DA801F096
:10AFD0005DFB002800D1ACE61D9B1B78282B2AD1F5
:10AFE0009F4920AA1DA801F065FB052823D1219BBC
:10AFF0009C4A209E1A4317007FE60A214A43D21832
:10B00000303AB7E76E2BE0D093E697491DA801F0E0
:10B010003DFB002800D18CE61D9B9449013B1DA8F7
:10B020001D9301F033FB002802D11D9B01331D93BA
:10B0300000268C4F61E68E4800F068FF06000F0086
:10B040005BE6079B0E9A9B1A0C93089B002B01D181
:10B05000069B0893069C102C00DD10240D98C7F762
:10B060006BFF069B06000F00092B13DC0C9B002BCB
:10B0700000D142E60C9B002B00DC7EE0162B63DC4B
:10B080007C49DB00C9183200086849683B00C6F7F4
:10B09000D7FFD3E72200774B093AD2009B181A68F2
:10B0A0005B68C6F7CDFF060010980F00C7F744FF96
:10B0B0000B00020039003000C5F7C2FF069B0600F6
:10B0C0000F000F2BD2DD069B1C1B0C9BE418002CE1
:10B0D00000DC9BE00F222300134014420AD0654994
:10B0E000DB00C9183200086849683B00C6F7A8FFB2
:10B0F00006000F000F239C4373D02633FF339C427E
:10B100004BDD0023069307930D930893222300261B
:10B11000059A544F13600D9BB34200D1EDE51E9983
:10B12000059801F0A9FB0899059801F0A5FB07997E
:10B13000059801F0A1FB0D99059801F09DFB06997A
:10B14000059801F099FBD8E52523069A9B1A0C9ADD
:10B150009342B8DB0F24069B464DE41AE1006918C0
:10B160003200086849683B00C6F76AFF0C9B1C1B4D
:10B17000E4002D192A686B6889E70C9B1633A2DB63
:10B1800007990E9A3B4B521AD2009B1830001A684E
:10B190005B683900C6F71AFB50E70023300039001E
:10B1A000354D24110993012C1EDC002B01D0060023
:10B1B0000F00324B099AFF182F4BD5005D19320052
:10B1C000286869683B00C6F73BFF264B2C4A0600FF
:10B1D0000B40934295D82B4A934213D901262A4F0C
:10B1E00076420023099386E00122144204D02A68A3
:10B1F0006B68C6F725FF0123099A64100132099292
:10B200000835D0E7D4239B04CF18EAE7002CE8D018
:10B2100064420F2322001A401C420AD0154BD20070
:10B220009B1830001A685B683900C6F7CFFA060031
:10B230000F002411D5D01F2C28DD0023069307937F
:10B240000D9308932223059A002613600D9B002777
:10B25000002B00D063E750E51F4E0000A142040818
:10B260006C4304080000F07F994204080743040877
:10B2700003430408F8440408D04404080000B0FC68
:10B280000000A07C0000907CFFFFEF7F10232200D5
:10B290001A4009921C4201D05A33099330003900F8
:10B2A0000023C04D0122144204D02A686B68C6F7FF
:10B2B000C7FE012364100835002CF3D1002B01D008
:10B2C00006000F00099B002B0DD06B237A00520D56
:10B2D00039009B1A002B06DD1F2B5CDD0026342B6A
:10B2E00052DDDC27BF040022002330003900C5F7FF
:10B2F000B7F80028A1D10D9B089A00931399069BDB
:10B30000059801F007FB0D90002800D1F9E60C9B91
:10B310000799DB430E9ADB17521A14920C9A149970
:10B32000D21711400C9A14911A4000231A920693D6
:10B3300007930D9B0598596801F076FA089000284C
:10B3400000D1E3E60D9B0C3019001A690C31023272
:10B35000920000F0D2FD20AB01931FAB00933200AE
:10B360003B0005981096119701F002FE1E900028F0
:10B3700000D1CBE60121059801F068FB0790002879
:10B380000ED100230793C1E64B239A1A4C3B9340FE
:10B3900019400F00A7E7012252429A401640A2E747
:10B3A0001F9B1A9A149DD41A002B01DB1A9C5D195D
:10B3B0000999209A5B1A36219B188A1A7A4901202A
:10B3C0008C460021013B15911690634506DA6146D3
:10B3D000C91A521A1F293FDC88401690AB180E93E9
:10B3E000A418099B0E9A1C192B00954200DD13002E
:10B3F000A34200DD2300002B04DD0E9AE41AD21ACA
:10B400000E92ED1A149B002B16DD1A000799059871
:10B4100001F0DEFB07900028B3D001001E9A0598CA
:10B4200001F02CFB1390002800D16FE61E990598BF
:10B4300001F022FA139B1E930E9B002B12DC0C9B37
:10B44000002B18DD1A9A0899059801F0C1FB0890A5
:10B45000002810D1002358E65449CB1A0100994026
:10B460001591BAE70E9A1E99059801F0F3FB1E900C
:10B470000028E4D14AE6002C07DD2200089905984F
:10B4800001F0E8FB08900028E4D0002D08DD2A0038
:10B490000799059801F0DEFB0790002800D135E6FA
:10B4A000089A1E99059801F05DFC0690002800D1CD
:10B4B0002CE6C368079913930023C36001F036FCA0
:10B4C00000283BDA139B334367D13B0365D1D62277
:10B4D000374BD2043B4093425FD9069B5B69002BFC
:10B4E00003D1069B1B69012B57DD069901220598A4
:10B4F00001F0B0FB0799069001F018FC00284CDD24
:10B500002B4B099A3B40002A74D0D622D204934296
:10B5100070D8DC229204934200D893E630003900C0
:10B52000244B0022C6F78CFD214B06000F000B4276
:10B5300000D0F4E52223059A1360F0E50E97002869
:10B5400075D1139A3B031B0B002A39D01A4A934238
:10B5500038D10121099B494232000800002B0BD051
:10B56000D424134B08003B40E404A34204D86C30BD
:10B570001B0DC31A99400800824223D10F4B0E992C
:10B58000994202D1013200D1C0E5094B0E9A002642
:10B590001A401300802252039F18099B002BBDD133
:10B5A000BDE5C0469843040802FCFFFFE2FBFFFF35
:10B5B0000000F07F00005039FFFF0F00FFFFEF7F1A
:10B5C00033439DD0159B002B1CD00E9B159A134224
:10B5D000E3D0139B30003900099A002B16D0FFF7F7
:10B5E00039FB02000B0010981199C5F729FD0600E0
:10B5F0000F00D2E70126924A76429B18914A1A43DD
:10B600001700CAE7169B3342C7D0E2E7FFF722FBD9
:10B6100002000B0010981199C6F7F8FF00220023D2
:10B6200006000F00C4F71CFF0028B6D00AE60799F1
:10B63000069801F0FDFC80230022DB0504000D00CC
:10B64000C4F71EFF00286CD0139B002B77D1002E6F
:10B6500057D10E9B1B035AD10022200029007A4BA0
:10B66000C4F704FF002859D1200029000022774B9D
:10B67000C6F7E6FC04000D0080231B06EB180A94B5
:10B680000B930A9A0B9B16921793714A0E9B1340C9
:10B690001593159A6F4B9A4200D087E06E4A0E9B25
:10B6A000944663441F003000190001F0F5FB0A9A2C
:10B6B0000B9BC6F7C5FC32003B00C5F7C1FC644AD2
:10B6C000664B06000A409A4240D9119B644A934255
:10B6D00003D1109B013300D118E50126604F76425B
:10B6E0001E99059801F0C8F80899059801F0C4F86A
:10B6F0000799059801F0C0F80699059801F0BCF883
:10B7000017E6012E03D10E9B002B00D19AE50023F2
:10B71000544C4D4D0A930B940024B2E700244B4D3A
:10B72000AAE720002900494B0022C6F789FC139B99
:10B7300004000D00002B9FD00A940B95A1E7002375
:10B74000414C25000A930B941C009AE7D4239B04D8
:10B75000CF18099B1097002BC2D13D4B159A3B4047
:10B760009A42BDD120002900C4F772FFC4F7AAFF96
:10B7700002000B0020002900C6F748FF3C03139B82
:10B78000240B34430E900F91374A1C4352D0374B51
:10B79000C4F76CFE002800D0C1E40E980F99344A1B
:10B7A0002A4BC4F777FE00289AD0B8E4099B002BF7
:10B7B0002AD0D423159ADB049A4225D820002900E8
:10B7C0002C4A2D4BC4F75CFE002816D0200029001F
:10B7D000C4F720FF002800D10130C7F7ADFB139B51
:10B7E00004000D00002B22D180231B06CB181890DB
:10B7F0001993189A199B16921793D622179BD20465
:10B800009B18159A9B1A179310981199169E179FBB
:10B8100001F042FB02000B0030003900C6F710FCBB
:10B82000109A119BC5F70CFC06000F0091E71894C5
:10B830001995DEE7114B0E980F99C4F717FEB2E782
:10B840000000F0FFFFFF0F000000F03F0000E03FAE
:10B850000000F07F0000E07F0000B0FCFFFF9F7C55
:10B86000FFFFEF7F0000F0BF9535A094FFFFDF3FA3
:10B8700035E5AF350000C0FFFFFFDF41FFFFCF3FE1
:10B8800010B5044C0A000100034B2068FFF7FAF9D9
:10B8900010BDC046B407002048060020F0B585B0B2
:10B8A00017001E0003900191242B23D80C00012BBC
:10B8B00020D03D4B08229C46230061461D78013470
:10B8C000485D010011401042F6D12D2D19D1257887
:10B8D0009C1C012300931022330093431DD1302D73
:10B8E00015D1202123788B43582B10D16578023451
:10B8F000102612E000F0C0FA16230360002005B005
:10B90000F0BD00912B2DE6D125789C1CE3E7002E9D
:10B91000EED10A36302D00D1023E244A009B9446D7
:10B920006344310018000293C4F79AFC0022844655
:10B9300010002B00303B092B11D81D00AE421DDD3D
:10B94000531C09D001225242844505D301D1A9429A
:10B9500011DB01227043281825780134E9E72B0018
:10B96000413B192B01D8373DE8E72B00613B192BF0
:10B9700004D8573DE2E701225242EDE7531C08D1BB
:10B980002223039A02981360002FB8D0631E0193FC
:10B9900007E0009B002B00D04042002FAFD0002AD0
:10B9A000F4D1019B3B60AAE7C1430408FFFFFF7F7E
:10B9B00010B5044C13000A0001002068FFF76EFF69
:10B9C00010BDC046B4070020002310B5040003607A
:10B9D0004360836081814366C28103614361836107
:10B9E000190008225C3000F069F90B4BE461236216
:10B9F0000A4B63620A4BA3620A4BE3620A4B9C4206
:10BA000005D00A4B9C4202D0094B9C4203D1200036
:10BA1000583000F05BFA10BD01BC030829BC0308D4
:10BA200061BC03088DBC030830C3012098C301200A
:10BA300000C4012010B5034A0349044800F06CF823
:10BA400010BDC0463C06002025E60308B8070020CC
:10BA500041680B4B10B50400994201D002F0E2FDA1
:10BA6000A168084B994202D0200002F0DBFDE1689A
:10BA7000054B994202D0200002F0D4FD10BDC04613
:10BA800030C3012098C3012000C4012010B5094B28
:10BA9000094A04211A6009480022FFF795FF012294
:10BAA00009210748FFF790FF022212210548FFF7FE
:10BAB0008BFF10BD68C4012035BA030830C30120D4
:10BAC00098C3012000C4012010B5024800F000FA1C
:10BAD00010BDC04672C4012010B5024800F0F9F94B
:10BAE00010BDC04672C4012010B50400FFF7ECFF82
:10BAF000636B002B02D0FFF7EFFF10BD044B6363B5
:10BB0000044B1B68002BF6D1FFF7C0FFF3E7C046DC
:10BB100051BA030868C40120F7B51400002600904C
:10BB20000191A5686768013F04D52468002CF8D10D
:10BB30003000FEBDAB89012B08D90E22AB5E01336C
:10BB400004D029000098019B984706436835EAE72E
:10BB50000CB430B5184B0C001D689DB0002908DAF4
:10BB60008B2301202B6040421DB030BC08BC02B0CA
:10BB7000184782236A469B009382002302901B93FE
:10BB80000690994200D04B1E0493079301236A4606
:10BB90005B42D382280021AB209A02A9019301F0D5
:10BBA000C3FA431C01DA8B232B60002CDCD000226B
:10BBB000029B1A70D8E7C046B40700200EB410B537
:10BBC00000240C499DB01FAB029006900791049190
:10BBD00009480A4904CB0591006802A901931B9406
:10BBE00001F0A2FA029B1C701DB010BC08BC03B08F
:10BBF0001847C046FFFFFF7FB40700200802FFFF81
:10BC000070B50C000E25495F00F0FCF8002803DB3E
:10BC1000236D1B18236570BDA389024A1340A381BD
:10BC2000F9E7C046FFEFFFFFF8B51F008B8905005D
:10BC30000C001600DB0505D50E23C95E0022022389
:10BC400000F0CCF8A389054A28001340A3813200F4
:10BC50000E23E15E3B0000F0FBF8F8BDFFEFFFFFB5
:10BC600070B50C000E25495F00F0B8F8A389421C9E
:10BC700003D1054A1340A38170BD802252011343B2
:10BC8000A3812065F8E7C046FFEFFFFF10B50E2344
:10BC9000C95E00F091F810BD10B5884202D98B182A
:10BCA000984208D300239A4207D0CC5CC454013395
:10BCB000F9E78B5C8354013AFBD210BD0300821874
:10BCC000934200D1704719700133F9E7020010B5B3
:10BCD000137814000132002BFAD1CA5CE25401330C
:10BCE000002AFAD110BDC9B20378002B04D08B42D0
:10BCF00000D170470130F7E74B42594149420840B3
:10BD0000F7E730B50500101E0BD00024013A2B5D7B
:10BD1000085D834204D1944202D00134002BF6D155
:10BD2000181A30BD030030B51D00002A06D00C786B
:10BD3000013A01332C700131002CF5D100219A1801
:10BD4000934200D130BD19700133F9E7034B10B5B0
:10BD50001A680123503200F003F810BDB407002028
:10BD6000F0B5041E02D11468002C09D020000E008A
:10BD7000057801343778002F04D1002D0DD11560DE
:10BD8000002006E00136BD42F4D1002BEED1146054
:10BD90000370F0BD0133002D03D126000B0037786E
:10BDA00001341D78AF42F5D1002319009F4201D024
:10BDB000230031701360ECE7002370B5064D0400DA
:10BDC00008002B60FEF728FB431C03D12B68002BD7
:10BDD00000D0236070BDC0466CC4012070B5040063
:10BDE000080011001A000023054D2B60FEF7E0FA51
:10BDF000431C03D12B68002B00D0236070BDC046CC
:10BE00006CC4012070B50400080011001A00002362
:10BE1000054D2B60FEF7C0FA431C03D12B68002BA5
:10BE200000D0236070BDC0466CC40120002370B5F3
:10BE3000064D040008002B6004F0BCFC431C03D139
:10BE40002B68002B00D0236070BDC0466CC401205D
:10BE500070B50400080011001A000023054D2B6086
:10BE6000FEF78EFA431C03D12B68002B00D0236011
:10BE700070BDC0466CC40120014B18687047C046B5
:10BE8000B407002070B500260C4C0D4D641BA410A7
:10BE9000A64209D1002604F09FFC0A4C0A4D641BFF
:10BEA000A410A64205D170BDB300EB5898470136E7
:10BEB000EEE7B300EB5898470136F2E7084604086E
:10BEC00008460408104604080846040870477047EE
:10BED00070477047802310B5082804D0FFF7CCFFC7
:10BEE00016230360173B180010BD03000A780131C8
:10BEF0001A700133002AF9D17047002310B59A4215
:10BF000000D110BDCC5CC4540133F8E700200149D6
:10BF10007047C0460000F87F034B10B5002B02D0DD
:10BF2000024800F005F810BD0000000051E80308C9
:10BF3000002310B501001A00180002F0DBFC10BD50
:10BF4000F7B5040008200D00FFF7C4FF060020002D
:10BF5000FEF7A2FC0322224F3100BB685B689343CB
:10BF600018001138401B80190193C4F7F3F8451EDF
:10BF70007543AE4204DD2000FEF796FC0020FEBDB6
:10BF800000212000FFF752FFBB68019A9B189842DE
:10BF9000F1D120006942FFF749FF013010D10021A3
:10BFA0002000FFF743FFBA68811A0F29E3DD0D4D2A
:10BFB0000D4B2D68401B186001230B435360DAE7DB
:10BFC0000126019BBA685B1B33435360064A20007D
:10BFD00013685B1B1360FEF767FC3000CFE7C046B9
:10BFE000340200202C020020FCC20120F7B50D1EF7
:10BFF00001902DD0FEF750FC012329009C46083902
:10C000004F6862463B0064469343C8184568023255
:10C0100095434A4A2740966886421AD15B19002FF9
:10C0200006D10868091A8D681B18C868E860856021
:10C030000120184348609160414A12689A4204D82E
:10C04000404B01981968FFF77BFF0198FEF72CFC25
:10C05000F7BD00264560B74209D10F683A4CC91BAD
:10C06000DB198F68A7422CD0CC68FC60A760471909
:10C070007C6801273C420BD15B198568002E22D1D8
:10C08000314CA5421FD13E0051611161CD608D60E0
:10C090000125280018434860CB50002ED5D18020C0
:10C0A0008000834213D2D8085B099D4053681D432A
:10C0B000C3009B1855609A68CB608A609960D16014
:10C0C000C3E76646D3E7C068E8608560E0E75D0ADD
:10C0D000042D12D898093830C600B618B568032761
:10C0E000AE4225D101238010834050680343536042
:10C0F000CE608D60B160E960A7E7142D02D82800FA
:10C100005B30E9E7542D02D8180B6E30E4E7AA2023
:10C110004000854202D8D80B7730DDE70B4E7E20F9
:10C12000B542D9D8980C7C30D6E7AD68AE4203D082
:10C130006A68BA439A42F8D8EE68D9E73402002018
:10C14000300200202CC301203C02002054050000D6
:10C150000200F0B5046985B014324B111600029349
:10C160009C4231DD1F260F009B00A500D3183740ED
:10C1700055190093019731420DD1160019008D42D7
:10C1800036D8009B0026033B9D4202D3029BE41A53
:10C19000A600961918E02021019E019F891B009E90
:10C1A000039102CE9446F940B54216D8009B002672
:10C1B00001339D4203D3029BE41AA600043E961964
:10C1C0003160002900D00436B11A8910016196420D
:10C1D00001D10023436105B0F0BD3768039B9F4048
:10C1E0000F43614680C18C46019B02CED940DBE7FC
:10C1F00080C980C6C3E70200303A0300092A02D88A
:10C20000203BD8B270470200613A052A01D8473B6B
:10C21000F7E71A00413A0020052AF3D8273BF0E758
:10C22000F0B589B007930B680192039006919A1CB0
:10C2300011000132501E00783028F9D0CB1A023B91
:10C2400005930091FFF7D7FF00231D00029398424A
:10C250001ED10122A6490098FFF753FD0700A8420E
:10C2600000D06AE0009B58785C1CFFF7C4FF0123F4
:10C270000293A8422FD00094009B1878302809D050
:10C28000FFF7B9FF42424241012325000292059384
:10C29000009C04E0009B01330093EDE7013420781B
:10C2A000FFF7A9FF071EF9D1012220009049FFF7EF
:10C2B00028FD00280DD1002D06D10134250020785D
:10C2C000FFF799FF002802D12D1BAF0003E00134D6
:10C2D000F5E7002DF8D12022237826009343502B38
:10C2E0001DD163782B2B2DD02D2B2FD00023661C36
:10C2F00004933078FFF77FFF431EDBB20500182B55
:10C300002AD87078FFF777FF431EDBB20136103D65
:10C31000182B1DD9049B002B00D06D427F19069B62
:10C320001E60029B002B19D0059B06265A425341E2
:10C330005B421E40300009B0F0BD01230027009C85
:10C340000293C8E700230493A61CD2E70123FAE76F
:10C350000A235D432D18D4E72600E0E7009B0299ED
:10C36000E31A013B072B0ADC039800F05DFA051E77
:10C3700008D12A00E4215F4B5F4802F0FBFA01314B
:10C380005B10EFE7030014330293059300231E00B4
:10C390000493009BA34238D3059C029B40C4E41A3B
:10C3A000A41030002C6100F001FB019B64011B68AC
:10C3B000261A00939E4252DDF61A3100280000F042
:10C3C00082FE041E0FD001241F212000731E19407D
:10C3D000884001005A110298920012580A4202D075
:10C3E000A34234DC022431002800FFF7B1FEBF195C
:10C3F000019B9B68BB4242DA2900039800F03CFA9B
:10C4000000230E9AA326136094E7013C23782E2B79
:10C4100012D0049B202B04D1059B40C3002605931A
:10C4200004962078FFF7E7FE0F231840049B9840FE
:10C43000043306430493ACE7009BA342E9D80122EE
:10C4400020002B49FFF75DFC0028E2D1A1E728007E
:10C45000B11E00F038FE0028C4D00324C3E7009BBF
:10C4600000249E42C4DA9E1B29003200039800F08B
:10C47000F1FB030014330500BF1B0293B8E7019BD7
:10C480005E68BE426FDD009BF61BB34236DC019B4B
:10C49000DB68022B24D0032B26D0012B17D1009B65
:10C4A000B34214D1012B0BD1019B079A5B68622622
:10C4B00013600123029A2B6113600E9B1D6039E704
:10C4C00000992800013900F0FEFD0028ECD1290078
:10C4D000039800F0D1F900230E9A5026136029E743
:10C4E0000F9B002BF3D1DFE70F9B002BDCD1EEE796
:10C4F000C0410408CA410408DB410408771E002C2F
:10C500002FD1002F04D03900280000F0DCFD0400FA
:10C510001F237A111F401E3BBB40029992005258C4
:10C520001A4201D002231C43009B31009B1B0226B0
:10C5300028000093FFF70CFE019B5F68002C3FD0A2
:10C54000019BDB68022B10D0032B12D0012B06D1EC
:10C55000A20704D5029A126814431C420CD110237E
:10C560002DE00124D4E70126E8E701230F9A9B1A66
:10C570000F930F9B002BF2D02B69002002939B009E
:10C5800004932B00049A143399181A68541C1CD075
:10C5900001321A602B001433022E3FD1019A009908
:10C5A0001268013A8A4209D10A001F201040012274
:10C5B000824049118900CB5813423DD120231E43AC
:10C5C0000E9B1D60079B1F60B4E601C39942DCD837
:10C5D000AB68029A9A4218DB69680398013100F04F
:10C5E00023F9041E04D1220084211D4B1D48C4E6FA
:10C5F00029002A690C31023292000C30FFF77DFCD1
:10C600002900039800F038F925002B695A1C2A618B
:10C61000012204339B00EB185A60BBE72A69029998
:10C620008A420BDD01212800FFF792FD019B0137B3
:10C630009B68BB4200DADFE60126BFE71F22009CB1
:10C64000009914401142F7D0049A9B18043B1868D3
:10C6500000F0ACF920231B1B9842E3DBECE7C0465B
:10C66000CA410408DB410408082370B520259A1A42
:10C670009200AD1A436804681E00AE40D3403443B4
:10C680000460436004308842F4D370BD30B5036861
:10C690000C780133002C02D10360012030BD1A78E0
:10C6A0001500413D192D00D820320131A242EFD0B2
:10C6B0000020F3E7F0B50B688BB0019201995A1195
:10C6C00092008A18029219001F22114008900691C8
:10C6D000134202D0029B04330293029B00251F1FCA
:10C6E0003E003C00089B3D601B6807950593039541
:10C6F000059B01330993059B5B780493002B28D09D
:10C700000498FFF778FD002855D1049B202B19D8F9
:10C71000039B079A934212DDB44206D2072D04DC34
:10C720002A0031002000FFF79FFF019B08259C4253
:10C7300005D9261F00253400039B35600793099B0C
:10C740000593D5E7049B292B5AD1059B089A023300
:10C750001360039B002B53D0B44206D2072D04DC98
:10C760002A0031002000FFF77FFF019B9C4236D951
:10C770001A00230002CB02C29F42FBD2029B621C22
:10C78000D91E0423914205D3029B043B1B1B9B082B
:10C7900001339B00019AD318002204C39F42FCD2AC
:10C7A0003B68002B04D1019B9F4227D101233B60B2
:10C7B00005200BB0F0BD039B013501330393082D19
:10C7C00006DD019B9C42BAD900230125043C23606D
:10C7D0000F22236810401B0103432360AFE7069B31
:10C7E000002BDDD02023069A02999B1A0122524287
:10C7F000DA4004390B6813400B60D1E7043FCFE700
:10C800000420D6E782B0002900D101A9101E06D06D
:10C81000002B06D013780B601078431E984102B0AD
:10C82000704702204042FAE7436C70B506000C00E6
:10C83000002B12D0736CA2009B181868002815D129
:10C8400001210D00A5406A1D3000920002F0B0F8F1
:10C85000002809D0446085600AE02122042102F00A
:10C86000A7F870640028E5D1002070BD02681A6046
:10C8700000230361C360F8E7002906D04A68436CCF
:10C8800092009B181A680A6019607047F7B50F008C
:10C8900001900C001E0000200D6914373B68013028
:10C8A00099B251431B0C534389190E0C9B191E0C52
:10C8B00089B21B045B1808C78542EFDC002E22D02A
:10C8C000A368AB4219DC616801980131FFF7ACFF46
:10C8D000071E05D13A00BA210C4B0D4802F04AF868
:10C8E000210022690C31023292000C30FFF705FB67
:10C8F00021000198FFF7C0FF3C002B1D9B00E318AF
:10C9000001355E6025612000FEBDC046CA410408B5
:10C910003B420408F7B5070018000C000830092155
:10C9200001931500C3F7A0FC0123002183420ADB19
:10C930003800FFF779FF011E08D10A00194B1A4889
:10C94000D33102F017F85B000131EFE7089B436138
:10C9500001230361092D18DD230009331E00009314
:10C96000641933780A223800303BFFF78FFF013615
:10C970000100A642F5D12C00009B083C1C192E009A
:10C98000019B9E4204DB0800FEBD09250A34F6E740
:10C99000631B9B5D0A223800303BFFF777FF0136AF
:10C9A0000100EDE7CA4104083B420408802203006D
:10C9B00052020020934201D21B0410308022520404
:10C9C000934201D208301B0280225205934201D2C9
:10C9D00004301B018022D205934201D202309B0019
:10C9E000002B03DB0130134200D120207047036885
:10C9F000010007221800104013420DD0063A002013
:10CA0000134205D10230034203D0D34010000B6023
:10CA100070479B080B60FBE79AB2002A01D11020F7
:10CA20001B0CDAB2002A01D108301B0A1A0701D107
:10CA300004301B099A0701D102309B08DA07E9D4B8
:10CA400001305B08E6D12020E2E7000010B50C00C1
:10CA50000121FFF7E9FE002807D14621054C02001D
:10CA6000054B2000FF3101F085FF01234461036184
:10CA700010BDC0463B420408CA410408F0B514008A
:10CA80000A6923690D0089B09A4202DB23000C0079
:10CA90001D0027692E696168BB190093A368BA1944
:10CAA000934200DA0131FFF7BFFE8446002806D129
:10CAB000B1216246444B4548490001F05BFF02004A
:10CAC000BB1914329B00D318019300211300019865
:10CAD000834228D32300BF00143304931435DB1999
:10CAE000B6000293AB190793042305932300029920
:10CAF0001533994205D30C1B153CA4080134A3003F
:10CB00000593079B9D4210D3009B002B05DD019BE5
:10CB1000043B01931B68002B52D063466046009A89
:10CB20001A6109B0F0BD02C3D1E72C68A4B2002C91
:10CB30001FD000231700049E039308CE3968069384
:10CB40006B461B8B88B263431B180398090C1B1898
:10CB50000698000C60434018190C4118080C9BB251
:10CB600009041943029B039002C7B342E5D8059B11
:10CB7000D0502C68240C20D0002110001368049E93
:10CB800003913168076889B261433F0CC919039F5B
:10CB90009BB2C9190F041F43076080CE43683F0C46
:10CBA00067439BB2090CFB185B18190C039102999F
:10CBB0000430B142E5D80599535004350432A0E75A
:10CBC000009B013B00939FE7CA4104083B420408D5
:10CBD000F7B50323150007000E001A401D4208D0C8
:10CBE0001A49013A9200525800233100FFF74EFED5
:10CBF0000600AD1027D03C6C002C07D1380014493A
:10CC0000FFF724FF002304003864036001231D4262
:10CC10000AD0310022003800FFF730FF31000190C8
:10CC20003800FFF729FE019E6D100CD02068002807
:10CC300007D1220021003800FFF720FF00232060E9
:10CC400003600400E2E73000FEBDC046C4440408AF
:10CC500071020000F0B50C0016002369571185B071
:10CC6000FB180193013300934968A3680290009A6E
:10CC7000934210DB0298FFF7D7FD00230100050067
:10CC80001A00143198420CD1EF212A00254B264876
:10CC9000490001F06FFE01315B00E8E798000A509F
:10CCA0000133BB42FADBFB43DB171F40BF0023000D
:10CCB0001F20C91937002269143392009A180740BF
:10CCC000064229D00130C01B03908C4600201E680C
:10CCD000BE400643604640C08446039E01CBF04000
:10CCE0009A42F4D8260015360423B24204D3131B0B
:10CCF000153B9B0801339B00C850002802D0019BC4
:10CD000002330093009B0298013B21002B61FFF747
:10CD1000B3FD280005B0F0BD01CB01C19A42FBD89C
:10CD2000F0E7C046CA4104083B42040830B50B692D
:10CD300004690200E01A9C420FD114329B001431A6
:10CD40001400C918D218043A043915680B689D42BA
:10CD500004D001209D4200D2023830BD9442F2D36B
:10CD6000FBE70000F0B50C0087B000901100200038
:10CD70001700FFF7DBFF051E10D101000098FFF739
:10CD800053FD021E04D1404B4048414901F0F2FDE1
:10CD9000012345610361100007B0F0BD0026B042D9
:10CDA00003DA23003C001F00013661680098FFF79A
:10CDB0003BFD021E03D1344B34483649E6E7236974
:10CDC000143400939B00E318210001943C0002936B
:10CDD0003B6914349B00E31803930300C6608C4640
:10CDE0000020143304930593634620CBA9B20E00B0
:10CDF0009C4608CC2D0C99B2711A09181B0C08140A
:10CE0000EB1A1B18181489B21B041943059B02C3A3
:10CE10000593039BA342E7D83900039C15310423F3
:10CE20008C4204D3E31B153B9B0801339B00019903
:10CE3000CD1804992E00CB181F0002998E4211D3F1
:10CE4000029CE91E00208C4204D321000331491BBF
:10CE5000890888001B18043B1968002910D0009B22
:10CE6000136198E7844602CE88B2604400140C0C2B
:10CE700004196144201489B22404214302C7DCE769
:10CE8000009901390091E6E7CA4104083B420408D1
:10CE9000370200004502000010B500240C4B0D4A7B
:10CEA0000B409B18A34206DC5B421A15132A05DCD3
:10CEB00080231B0313411900200010BD143A0124E4
:10CEC0001E2A02DC80242406D4400023F3E7C04657
:10CED0000000F07F0000C0FCF7B5060003691436BF
:10CEE0009B00F3181D1F2C680F0020000193FFF713
:10CEF0005DFD2022121A3A6003001C4A0A2815DC44
:10CF00000B212700091ACF403A438C46110000221A
:10CF1000AE4202D2019A083A126815339C40634629
:10CF20002700DA401743380003B0F0BD0027AE42B7
:10CF300002D2019D083D2F680B2149428C469C443A
:10CF40000B2B10D0614620238C405B1A3900D9404E
:10CF50000C43224311000022B54201D9043D2A6846
:10CF60006446A740DDE722431100DCE70000F03F04
:10CF7000F7B5012116001F00FFF756FC041E05D16E
:10CF80002200254B2548264901F0F4FC3B037D0097
:10CF90001B0B6D0D02D08022520313430193002E10
:10CFA00025D068460096FFF722FD019B00990028D6
:10CFB0001BD020221E00121A96403200C3400A43A2
:10CFC00062610193019EA661731E9E410136266136
:10CFD000002D14D03526134BED18089B2D181D601D
:10CFE000099B361A1E602000FEBD6161EAE701A8B8
:10CFF000FFF7FDFC019B012663612030E7E70A4B48
:10D00000C018089B1860094BF3189B00E318586977
:10D01000FFF7CCFC7601E3E7CA4104083B42040871
:10D020000F030000CDFBFFFFCEFBFFFFFFFFFF3F25
:10D03000F0B587B00F0004A90600FFF74DFF009080
:10D040000191009B019C380005A902930394FFF70E
:10D0500043FF0D0002000B0030693969049E401A3D
:10D0600005994001711A41180805002908DD019948
:10D070004118039102980399C4F7A8FB07B0F0BDCB
:10D080002B1AF7E770B5140005000139136949112F
:10D090000131890014349B004118E318A3420DD8D4
:10D0A000140011340025A34203D39B1A113B9B08A3
:10D0B0009D0000234019814203D870BD40CC40C57B
:10D0C000ECE708C0F7E70200006910B514324B1115
:10D0D000984213DB0CDD1F2408002040214207D0BA
:10D0E00099008C582100C140814001208C4204D11C
:10D0F0009B00D318934203D8002010BD0300F7E72C
:10D10000043B19680029F5D00120F6E70300081E4A
:10D1100005D0FF2A04D98A2201201A6040427047B4
:10D1200001200A70FBE70000F0B5DDB01C000C9197
:10D1300009920B9001F088FB036818002093C2F756
:10D14000EDFF0C9B18909B891B0616D50C9B1B6949
:10D15000002B12D140210B98FDF78EF90C9B186023
:10D160001861002806D10C230B9A136001235B423F
:10D170001A93BBE240230C9A53610023002232939E
:10D1800031930E93002316921793002333AF3097F9
:10D190002393229314931D9321931A93099D2B7823
:10D1A000002B02D0252B00D091E0099BEE1A9D4266
:10D1B00016D03B60329B7E609B193293319B0837BF
:10D1C00001333193072B08DD0C990B9830AA01F03D
:10D1D00007FA002800D084E233AF1A9B9B191A93F8
:10D1E0002B78002B01D101F0AFF91B22002322A9DB
:10D1F0005218137001221E00524201350A921993EF
:10D200006B1C15932B781193119820385A2801D94B
:10D2100000F02FFEC2F794FF9B002D062D06A500FF
:10D220002D062D062D0680002D062D06A700AF0029
:10D230002D06AD00B4002D06D900DB00DB00DB00BD
:10D24000DB00DB00DB00DB00DB00DB002D062D0656
:10D250002D062D062D062D062D0661012D06060133
:10D260001A016101610161012D062D062D062D06B1
:10D27000ED002D062D06F7042D062D062D063B0587
:10D280002D065F052D062D0691052D062D062D0672
:10D290002D062D062D062D062D0661012D060601F3
:10D2A0001C01610161016101EF001C0102012D06F9
:10D2B000FB002D06D904F9042B0502012D063B05C0
:10D2C000A30061052D062D065D002D06A300013586
:10D2D00065E7AC4B30002393202318401E4201D158
:10D2E00000F02EFD193B07349C43220018CA069318
:10D2F00007941092F3070AD5069B079A134306D0AA
:10D30000302229AB1A70119A5A7002231E439E4B89
:10D310001E40022300F089FC0B9801F095FA436847
:10D3200018002193C2F7FAFE1D900B9801F08CFAB9
:10D33000836814931D9B002B11D0149B002B0ED0DF
:10D340001B78002B0BD08023DB001E4307E01B2340
:10D3500022AA9B181A78002A01D120321A70159D32
:10D360004EE70123F1E708CC1993002BF7DA5B4273
:10D3700019930423E9E71B2322AA9B182B22EDE72C
:10D38000159A159B1278013311922A2A0ED0002289
:10D390000A20119915933039092910D90A92002AC7
:10D3A00000DB31E701235B420A932DE704CC0A92AC
:10D3B000002A02DA012252420A921593CFE7424331
:10D3C0005218197801331191E3E78023BDE7002259
:10D3D0000A21159B1992199A11984A4330388218DC
:10D3E00019921A7801331192303A092AF3D9159318
:10D3F0000AE70823A9E7159B1B78682B05D1159B25
:10D400000133159380239B009FE740239DE7159BE5
:10D410001B786C2B04D1159B01331593202394E7C3
:10D42000102392E7210004C943AB10911B211A700D
:10D43000002222A809180A700D9201320A920022D5
:10D44000099314001B921292139207E210231E43B9
:10D45000B30631D5072307349C43220018CA06932C
:10D4600007941092079A0123002A0BDA069C079D65
:10D4700000226142AA41069107921B2222A952185A
:10D480002D2111700799069A0A430A99002901DA99
:10D4900001F066F8802134008C43002A01D001F0AD
:10D4A00064F80A9A002A01D100F0D9FC012B01D0BE
:10D4B00001F05FF800F06BFC220008CA1092F2063F
:10D4C00003D50693DB170793CCE7720601D51BB291
:10D4D000F7E7B205F5D55BB2F3E7072307349C43C2
:10D4E000220018CA1092012216931794169B5242DA
:10D4F0002493179B5B005B08259324982599234B65
:10D50000C5F78EFC002826D12498259901221F4BAF
:10D510005242C2F7B5FF00281DD116981799002274
:10D520000023C2F7A3FF002804D01B2322AA9B18C4
:10D530002D221A70164B0993119B472B01DC154BBA
:10D54000099380239E4300230D9303330A93002302
:10D550001B9301F03DF8169A179B10001900C5F7B0
:10D560005FFC00281CD0179B002B04DA1B2322AA87
:10D570009B182D221A70084B0993119B472BE0DC56
:10D58000064BDDE7A4420408FFFBFFFFFFFFEF7F30
:10D590009842040894420408A04204089C420408EB
:10D5A000119B612B00D185E05822412B00D182E0F4
:10D5B0000A9B013300D1A4E02023119A0D909A43D5
:10D5C000472A03D10A9B002B00D19EE080235B00F9
:10D5D00033431B93179B002B00DB98E0802212063D
:10D5E0009446169B1E93179B63441F932D231C93F5
:10D5F0002023119D9D43412D00D001E21E981F99CB
:10D600002AAA01F045F9FF2300229B05C4F718FD63
:10D61000002200230E900F91C2F722FF002801D0B4
:10D6200001232A933E4B1293119B612B01D13D4B59
:10D6300012930A9B099D013B0A9300220E980F99B1
:10D64000394BC4F7FDFC0E900F91C5F70BFC04009D
:10D65000C5F744FC02000B000E980F99C4F7D6FFE3
:10D660002B00129A0135125D0E900F911A700A9BD1
:10D67000139501335AD00A9B00225C1E0023C2F787
:10D68000EFFE002849D02B0030200A9AA918CA1AA8
:10D6900000D4B2E1012201210A9B0A98DB17524211
:10D6A00090424B410024DBB2A34200D044182B1916
:10D6B000139361E07822302129AB19705A7002234C
:10D6C0001E430A9B632B14DD0B98591CFCF7D4FEF8
:10D6D0000990002812D10C9B9A89402313430C9A7D
:10D6E00093810C9B9B895B0600D53FE51A985DB042
:10D6F000F0BD00230D9343AB099367E7099B0D939E
:10D7000064E706230D900A9360E70123FBE7169B6D
:10D71000179C1E931F94002369E70A948DE7C04667
:10D72000B5420408A44204080000304000220E98CC
:10D730000F99D04BC2F7AEFE00280BD10E980F996F
:10D740000022CC4BC2F78CFE002800D19BE7E307F8
:10D7500000D498E73020129B2E95DB7B2E9A013A5D
:10D760002E921178994200D145E14B1CDBB2392948
:10D7700001D1129B9B7A1370139B099A9B1A0E93EB
:10D7800044216B462A9A11985B1824398843541E09
:10D7900001001B7800202A94412902D10F33DBB20B
:10D7A00001302CA90B702B23002C02DA0124023348
:10D7B000A41A4B70092C00DCA0E1372522ABED1830
:10D7C00020000A210A95C2F735FE013D30312000C4
:10D7D00029700A211294C2F747FD129B0400632BA3
:10D7E000EEDC2A220A9B22A8991E121837200B0071
:10D7F00030340C7022AC0019834200D279E100234E
:10D80000884204D322AA39339B180A9A9B1A2A22E7
:10D8100022A95218D3182CAA9B1A2293229A0E9B43
:10D82000944663440A930E9B012B01DCF30704D555
:10D83000189A0A9B944663440A9380228E4B5200A6
:10D8400033401A4300231C001B92129313931C9B1A
:10D85000002B00D0B3E100231B9E1B931B9B0A9A55
:10D860001C93934200DA1C921B2322AA9B181B785C
:10D870005A1E93411C9AD3181C93022333402693BB
:10D8800002231E4202D01C9B02331C93842333408C
:10D89000279384231E421FD1199B1C9A9D1A002D89
:10D8A0001ADD3900319B7548329A013308313860EE
:10D8B000102D00DDEFE27D60AD180F003295319341
:10D8C000072B09DD0C990B9830AA00F089FE00287F
:10D8D00001D000F018FE33AF1B2222A95218117894
:10D8E000329B002914D03A6001229B183293319B5D
:10D8F0007A609B1831930837072B09DD0C990B9838
:10D9000030AA00F06DFE002801D000F0FCFD33AF1E
:10D91000269A329B002A15D029AA3A6002229B1827
:10D920003293319B7A60013331930837072B09DD3D
:10D930000C990B9830AA00F053FE002801D000F09B
:10D94000E2FD33AF279B802B1FD1199B1C9A9D1A98
:10D95000002D1ADD3900319B4948329A01330831D4
:10D960003860102D00DDA9E27D60AD180F00329502
:10D970003193072B09DD0C990B9830AA00F030FE8B
:10D98000002801D000F0BFFD33AF1B9B0A9A9D1AFF
:10D99000002D1ADD3900319B3948329A01330831A4
:10D9A0003860102D00DD9CE2AA187D6032920F00D5
:10D9B0003193072B09DD0C990B9830AA00F010FE6B
:10D9C000002801D000F09FFD33AF329B1B93F3057D
:10D9D00000D5A1E20A9A099B94463B600A9B7B60B2
:10D9E0001B9B63443293319B01333193072B00DD42
:10D9F00078E30837D4E21070B0E61870013346E6D9
:10DA000003230A9C462D06D02C00453C624254411B
:10DA10000A9A013B14192EAA04922BAA03922AAA4D
:10DA2000029200930B9801941E9A1F9B01F094F8A8
:10DA30000990472D3CD1F30724D42E9B099A2A9CA8
:10DA40009B1A0E93472D4BD0462D00D098E601220D
:10DA500033000A9913400B43002C6DDD002B00D1DD
:10DA600086E00A00189BE318D3180A9366231193E3
:10DA700070E0C0460000E03FFFFBFFFFD045040818
:10DA8000C0450408099B1B190E9300221E981F997C
:10DA90000023C2F7E5FC002801D00E9B2E93302214
:10DAA0002E9B0E999942C8D9591C2E911A70F7E7EE
:10DAB000099B1B190E93462DE7D1099B1B78302B30
:10DAC0000AD11E981F9900220023C2F7C9FC002822
:10DAD00002D101231B1B2A932A9B0E9AD318D3E74A
:10DAE000E31C02DB0A9BA34216DA119B023B119353
:10DAF00046E61C780133147001327DE62A2222ABFF
:10DB0000D218002804D130232B228B7022ABD218DC
:10DB10003034531C14707EE60E9BA34212DD189A1B
:10DB20000E9B944663440A9367231193002C11DCE7
:10DB30000A9B1B1B01330CE0002B1BD0189B0A9A7D
:10DB4000013391E767230A941193F30702D5189BD9
:10DB5000E3180A9380233200DB001A40139200225C
:10DB600012921E4200D172E6944225DC13926EE6B8
:10DB70000A947BE766230A921193EBE7A3420EDA3D
:10DB8000E41A149B5B78002B12D0139B0133139380
:10DB9000149B01331493149B1B78FF2BEED1129A24
:10DBA000139B9B181D9A53430A9A9B180A934EE69F
:10DBB000129B01331293EEE7129B1393EBE71B23A7
:10DBC00022AA9B182D221A7045E6B30609D52368B0
:10DBD0001A9A1A60D2175A600434159B0993FFF7FA
:10DBE000DDFAF30603D523681A9A1A60F4E7730680
:10DBF00003D523681A9A1A80EEE7B605F3D5236891
:10DC00001A9A1A70E8E710231E43202330001840A8
:10DC10001E4210D0193B07349C43220018CA0693B9
:10DC200007941092B84B1E4000231B2222A95218C1
:10DC30000021FFF726FC220008CA310010921022B2
:10DC40001140164202D006930790EBE740223000C5
:10DC50001040164203D09BB206930791E2E7802260
:10DC60003100920011401642F6D0DBB2EBE7230000
:10DC700004CBA649069229AA1180A54A1093002335
:10DC800023927822079302331E431192CDE723009B
:10DC900004CB002410931B23099222AA9B181C700A
:10DCA0000A9BA34210DB1A002100099800F0E4FD52
:10DCB0000D90A04200D1EBE0099A0D94831A0A93CB
:10DCC0001B9412941394C9E50998C2F727FA23000C
:10DCD0000A900D943CE410231E432023300018408A
:10DCE0001E4209D0193B07349C43220018CA0693F0
:10DCF00007941092012398E7230004CB310010937E
:10DD0000102319401E4203D0069207900F3B8CE768
:10DD10004023300018401E4203D093B2069307916F
:10DD2000E8E7802331009B0019401E4203D0D3B2A4
:10DD300006930790DEE70692F1E7764BFFF7CAFA03
:10DD4000230004CB31001093102319401E4203D04E
:10DD500006920790FFF7CEFA4023300018401E428B
:10DD600004D093B206930791FFF7C4FA80233100E1
:10DD70009B0019401E4202D0D3B20693E9E70692F7
:10DD8000F1E7079B002B0CD1069B092B09D8069BBA
:10DD90003033DBB2E72222A952181370099200F047
:10DDA0000EFC00230E938023DB0023405CAE0D931A
:10DDB0000A22069807990023C2F7DEFB731E303251
:10DDC00009931A700E9B050001330E930D9B12915F
:10DDD000002B23D0149B0E9A1B789A421ED1FF2A47
:10DDE0001CD0079B002B03D1069B092B00D8E6E330
:10DDF000099B1D9A21999B1A18000993FDF792FF20
:10DE00000022149B0E925B785A1E9341149AD318E9
:10DE10001493129B099E06950793C9E7079B002B55
:10DE2000F7D1069B092BF4D8C9E30F205CAB09930B
:10DE3000099B239A013B0993069B0340D35C099AF3
:10DE40001370079B1907069B1A09079B11431B09AF
:10DE500007930B00079A06911343E9D1AFE35CAA3D
:10DE60000992002B00D0AAE3F60700D4A7E33033D1
:10DE700090E7119B002B00D166E3119A1B2143AB65
:10DE80001A70002222A809180A701094FFF7D4FA19
:10DE90000D9BFFF75DFB10201218786032923193D2
:10DEA000072B08DD0C990B9830AA00F099FB00288D
:10DEB00000D028E333A90F00103DF2E4102012181F
:10DEC000786032923193072B08DD0C990B9830AAB9
:10DED00000F086FB002800D015E333A90F00103DA9
:10DEE00038E510201218786032923193072B08DD44
:10DEF0000C990B9830AA00F073FB002800D002E3C5
:10DF000033A90F00103D45E5FFFBFFFF307800000F
:10DF1000A4420408B5420408119B652B00DC3FE2D3
:10DF20001698179900220023C2F79AFA002878D091
:10DF30007A4B3B6001237B601B9B08370133329394
:10DF4000319B01333193072B08DD0C990B9830AAD4
:10DF500000F046FB002800D0D5E233AF2A9B0E9A92
:10DF6000934201DBF3071BD5209B189A3B60189B5B
:10DF70007B60329B08379B183293319B013331937E
:10DF8000072B08DD0C990B9830AA00F029FB00281C
:10DF900000D0B8E233AF0E9B10255C1E002C2FDCA6
:10DFA000760700D592E2199B1C9A934200DA13007F
:10DFB0001A9AD3181A93329B002B07D00C990B98FE
:10DFC00030AA00F00DFB002800D09CE20023319322
:10DFD0000D9B002B00D0B2E2109C33AFFDE5103258
:10DFE0007D6032923193072B08DD0C990B9830AA93
:10DFF00000F0F6FA002800D085E233A90F00103CAB
:10E000003900319B4648329A013308313860102C70
:10E01000E5DC7C60A4180F0032943193072BBFDD40
:10E0200060E02A9B002B00DD7CE03C4B3B60012341
:10E030007B601B9B083701333293319B0133319353
:10E04000072B08DD0C990B9830AA00F0C9FA0028BC
:10E0500000D058E233AF0E992A9B329A0B4301212C
:10E0600031400B439CD0209B3B60189B7B609A18EF
:10E07000319B3292013331930837072B08DD0C991D
:10E080000B9830AA00F0ACFA002800D03BE233AF86
:10E090002A9C002C19DA3800102564423199204A54
:10E0A000329B013108370260102C25DC4460E418F3
:10E0B00032943191072908DD0C990B9830AA00F0B1
:10E0C0008FFA002800D01EE233AF099B329A3B60E2
:10E0D0000E9BD2183292319A7B6001323192072A1C
:10E0E00000DC86E40C990B9830AA00F079FA00283D
:10E0F00000D008E233AF53E71033456032933191DB
:10E10000072908DD0C990B9830AA00F069FA00285D
:10E1100000D0F8E133AF3800103CBFE7C642040836
:10E12000C04504080E9B25009C4200DD1D00002D0B
:10E1300014DD099B7D603B601B9B0837EB18329315
:10E14000319B01333193072B08DD0C990B9830AAD2
:10E1500000F046FA002800D0D5E133AFEB43DB17DF
:10E160001D40651B002D19DD3900319BCB48329ACB
:10E17000013308313860102D00DD83E07D60AD187B
:10E180000F0032953193072B08DD0C990B9830AABC
:10E1900000F026FA002800D0B5E133AF099B1C1926
:10E1A00073050BD5139B002B7FDC129B002B7FDCB0
:10E1B000099B0E9A9B189C4200D91C002A9B0E9A20
:10E1C000934201DBF30716D5209B189A3B60189BFE
:10E1D0007B60329B08379B183293319B013331931C
:10E1E000072B08DD0C990B9830AA00F0F9F90028EC
:10E1F00000D088E133AF0E9A099B94462A9D634470
:10E200001B1B551B9D4200DD1D00329B002D12DDA6
:10E21000EB183293319B3C6001337D6031930837BA
:10E22000072B08DD0C990B9830AA00F0D9F90028CB
:10E2300000D068E133AF0E9B2A9C1C1BEB43DB171D
:10E240001D40641B1025002C00DCA9E63900319B21
:10E250009248329A013308313860102C00DCD8E63D
:10E2600010327D6032923193072B08DD0C990B98A8
:10E2700030AA00F0B5F9002800D044E133A90F001E
:10E28000103CE3E710201218786032923193072B8C
:10E2900008DD0C990B9830AA00F0A2F9002800D0F4
:10E2A00031E133A90F00103D5EE7129B002B5DDDCD
:10E2B000129B013B1293219B1D9A3B601D9B7B602F
:10E2C000329B08379B183293319B01333193072BD4
:10E2D00008DD0C990B9830AA00F082F9002800D0D4
:10E2E00011E133AF099B0E9A9D18149B2D1B1B78CF
:10E2F0009D4200DD1D00329B002D12DDEB18329394
:10E30000319B3C6001337D6031930837072B08DD7A
:10E310000C990B9830AA00F063F9002800D0F2E0C5
:10E3200033AF149B1A78EB43DB171D40551B002DB0
:10E3300018DD3900319B5948329A01330831386071
:10E34000102D1ADC7D60AD180F0032953193072B2C
:10E3500008DD0C990B9830AA00F042F9002800D093
:10E36000D1E033AF149B1B78E4181BE7149B013BEF
:10E370001493139B013B13939DE7102012187860B0
:10E3800032923193072B08DD0C990B9830AA00F0DC
:10E3900027F9002800D0B6E033A90F00103DC8E7E8
:10E3A0003C001B99319B0E9A013101330834012A3C
:10E3B00003DC0122164200D183E0099A32913A60CF
:10E3C000012231937A60072B08DD0C990B9830AA53
:10E3D00000F006F9002800D095E033AC209B189A95
:10E3E0002360189B6360329B08349B183293319BE7
:10E3F00001333193072B08DD0C990B9830AA00F0FC
:10E40000EFF8002800D07EE033AC319B0022169854
:10E4100017990A930E9B329F5D1E0023C2F720F8C6
:10E42000002826D1099B0A9A01330E9923607B1E8E
:10E4300001325B186560329331920834072A07DD98
:10E440000C990B9830AA00F0CBF800285BD133ACC4
:10E450002CAB2360229B229A6360329B9B183293E1
:10E46000319B01333193072B00DD3BE60834270055
:10E4700096E50E9B1027012BEADD2100319B074812
:10E48000329A013308312060102D09DC65600C00E0
:10E49000AD1832953193072BDADDD1E7C04504087A
:10E4A0001032676032923193072B07DD0C990B987D
:10E4B00030AA00F095F8002825D133A90C00103DB2
:10E4C000DBE70998329105C73193E4E7199B1C9A61
:10E4D00010259C1A002C00DC65E5319B3F49329ADF
:10E4E00001333960102C19DC7C60A418329431930C
:10E4F000072B00DC57E50C990B9830AA00F070F858
:10E50000002800D14FE50D9B002B01D1FFF7E9F862
:10E5100019000B98FDF76AFDFFF7E3F810327D60F4
:10E52000329231930837072B07DD0C990B9830AAEC
:10E5300000F056F80028E6D133AF103CCDE70D9936
:10E540000B98FDF753FD47E5329B002B01D1FFF7F8
:10E55000C8F80C990B9830AA00F042F8FFF7C1F800
:10E560003400002A01D1FEF7A1FF012B01D1FFF7F2
:10E5700008FC022B00D158E407255CAB0993099AEB
:10E580001300013B0993069B09992B4030330B7014
:10E5900007994E070699C80807990643C9080791C5
:10E5A0003100079806960143E9D1E10707D5302BE2
:10E5B00005D03021099B013B1970931E09930A9BDA
:10E5C000099A1B935CAB9B1A0A93002326000D93B8
:10E5D0001C0012931393FFF741F9C046D04504087D
:10E5E000F7B50E00140015680190A368002B04D144
:10E5F00000200023A3606360FEBD63685A1E626052
:10E60000002BF5DD6F68002F0AD03B0031002A682F
:10E61000019801F0D1FD431CEBD0A368DB1BA36084
:10E620000835E2E770B505000C1E1AD0002804D0AA
:10E63000436B002B01D1FDF757FA0C22A35E626EEB
:10E64000D20704D49B050FD4A06DFDF741FC0C222A
:10E65000A35E002B08D1636EDB0702D4A06DFDF72B
:10E6600038FC0026300070BD2100280000F036F88C
:10E67000E36A0600002B06D02800E16998470028CD
:10E6800001DA01267642A3891B0603D528002169F9
:10E69000FDF7ACFC216B002908D0230040339942E0
:10E6A00002D02800FDF7A2FC00232363616C00293F
:10E6B00004D02800FDF79AFC00236364FDF704FAF8
:10E6C0000023A381636EDB0702D4A06DFDF701FC7C
:10E6D000A06DFDF7FCFBFDF7FFF9C3E7F7B50C22D2
:10E6E0008B5E05000C001A075ED4802212011A43CB
:10E6F0008A814A68002A02DCCA6B002A52DDA76AB6
:10E70000002F4FD0002280202E682A601A0040017E
:10E71000E1690240034237D0226DA3895B0706D529
:10E720006368D21A236B002B01D0E36BD21A00234B
:10E730002800A76AE169B847431C06D12A681D2A48
:10E740004AD82C4BD340DB0746D50C22A35E2A4A7D
:10E750001A40A2810022626022692260DB0405D592
:10E76000431C02D12B68002B00D12065216B2E6049
:10E77000002917D023004033994202D02800FDF72A
:10E7800035FC002323630DE001232800B847020075
:10E79000431CC2D12B68002BBFD01D2B01D0162BE0
:10E7A0001AD12E6000201EE00E69002EFAD00F68EC
:10E7B0000E60BA1B019200229B0700D14A69A26039
:10E7C000019B002BEEDD636A32001F002800019BD5
:10E7D000E169B847002807DC40230120A2894042B4
:10E7E00013431BB2A381FEBD019B36181B1A019374
:10E7F000E6E7C04601004020FFF7FFFF70B50500C7
:10E800000C00002804D0436B002B01D1FDF76CF9FC
:10E810000C22A35E1E1E15D0626ED20704D49B0587
:10E8200002D4A06DFDF754FB21002800FFF756FF2E
:10E83000636E0600DB0705D4A3899B0502D4A06D97
:10E84000FDF747FB300070BD0048704738070020D7
:10E8500070B5074C074D641BA410002C02D101F0C9
:10E86000C1FF70BD013CA300EB589847F5E7C046D7
:10E870001446040810460408C9B28218904201D117
:10E880000020704703788B42FBD00130F6E7000090
:10E8900070B5140000252560104D4B000A005B0880
:10E8A000AB421AD81D00054317D00D4D294209D19E
:10E8B00000220C4BC3F7C4FB36250A004B006D4207
:10E8C0005B082560084D1B155B192568EB18236054
:10E8D000064B1A40064B1343190070BDFFFFEF7F34
:10E8E0000000F07F0000504302FCFFFFFFFF0F809D
:10E8F0000000E03FF7B51C4F040038681600019394
:10E900000091FDF7E5FA194A1368002B01D1184B65
:10E9100013605A6838681F2A04DDFDF7DAFA01200F
:10E920004042FEBD002C14D0910059180F008837CA
:10E930003E6001271E0097408536FF367568FC3122
:10E940003D437560019DCD60022C02D1B168394311
:10E95000B160511C5960023200999200D150FDF70C
:10E96000B8FA0020DDE7C046F808002074C4012092
:10E9700078C401207FB514001A00094B05001B68FC
:10E980000E00D868074B002C01D1074B1C0007492B
:10E99000019302942B00009600F0B2FE01F024FED9
:10E9A000B4070020C842040803430408D542040801
:10E9B000F8B500240B0C160CA34233D1A64221D18A
:10E9C0008BB291B25943FBF757FD051E32D00300BD
:10E9D000083B5A6803239A43043A242A32D8030096
:10E9E000132A0AD90460446008331B2A05D98460BD
:10E9F000C460242A21D00300103300221A605A6018
:10EA00009A6018E0331C0D1C89B292B29BB24A4343
:10EA1000ADB25D43110C69180B0C07D1090492B219
:10EA20001143D0E7002E01D1151CEDE7FDF724FAC4
:10EA30000C23036000252800F8BD0300046118338F
:10EA40004461DAE70021FDF739F9F4E7F0B503692D
:10EA50000C6989B0039006910020A34263DB0B0090
:10EA6000013C1433A50004935B190593039B1433F5
:10EA700001935D19059B2F681E683800013631002F
:10EA8000C1F768FB0290B74227D3049B00279C463E
:10EA9000019E0797624608CA30689446029A99B266
:10EAA00051431B0C5343C9190A0C9B1889B282B2FB
:10EAB000521A07991F0C5218000C9BB21114C31A5A
:10EAC0005B18191492B21B041A43059B079104C6E4
:10EAD0006345DFD22B68002B2BD006990398FEF7F5
:10EAE00025F900281EDB0026019D049901C92B6829
:10EAF00087B29AB2D21B9219000C1B0C1B1A10146D
:10EB00001B181E1492B21B041A43059B04C58B42AA
:10EB1000ECD2019AA300D3181A68002A14D0029BE1
:10EB200001330293029809B0F0BD2B68002B04D189
:10EB3000013C019B043DAB42F7D3039B1C61CCE736
:10EB40001A68002A04D1013C019A043B9A42F7D387
:10EB5000039B1C61E3E70000F0B514001D00816B0E
:10EB60009DB00A940B95259E0390002909D001239E
:10EB7000C26B93404A608B60FDF77EFE0023039AD0
:10EB80009363002D1EDA012333606B005B080B9347
:10EB90000B9FB64BB54A3B40934216D1B44B249AD7
:10EBA00013603B031B0B234301D100F07BFDB14BF2
:10EBB000269A0893002A02D0AF4B269A1360089831
:10EBC0001DB0F0BD00233360E2E70A9A0B9B12925E
:10EBD00013931298139900220023C1F741FC061EDB
:10EBE0000BD00123249A1360269B002B02D0A34B49
:10EBF000269A1360A24B0893E1E71AAB01931BAB73
:10EC000000930398129A139BFEF7B2F97A000590CD
:10EC1000520D00D17BE0139B18961903994B090BF9
:10EC20000B43994957181298139919000022974BD2
:10EC3000C3F7ECFC964A974BC3F702FA964A974BF8
:10EC4000C2F7FEF9040038000D00C4F747F9944AF2
:10EC5000944BC3F7F5F902000B0020002900C2F71E
:10EC6000EFF904000D00C4F7FDF800220490002322
:10EC700020002900C1F7FAFB00280BD00498C4F744
:10EC80002DF92B002200C1F7EBFB43425841049BB6
:10EC90001B1A049301231593049B162B10D812986A
:10ECA0001399049A804BD2009B181A685B68C1F7CD
:10ECB000DDFB002847D0049B013B04930023159300
:10ECC00000221A9B0692DB1B5A1E3ED50122D31A44
:10ECD000069300230D93049B002B38DB049A0D9BB5
:10ECE000944663440D93002314920F93229B0124B6
:10ECF000092B62D8052B02DD0024043B2293229BC2
:10ED0000981E032863D8C1F711FA5456382B1B9B61
:10ED10001A9EF618654BF218202A0FDD40239B1A25
:10ED20009F40634B3800F318DC402043C4F704F9DC
:10ED30000122604B771ECB18189276E72023200023
:10ED40009B1A9840F2E71590BAE70D92C3E7069B2D
:10ED5000049A9B1A069353420F9300231493C5E71A
:10ED60000123239A10939446049B63440E9301332A
:10ED70000993002B08DC012306E001231093239B59
:10ED8000002B28DD0E93099300210422100014307B
:10ED9000984225D9039B1800D963FDF745FD0890DB
:10EDA000002820D1B021444B4448089AFF31FFF796
:10EDB000E1FD0023E2E70023D3E700231094229330
:10EDC000013B00220E93099313332392DCE70123C6
:10EDD0001093023BF5E701231A000E930993F4E721
:10EDE00001315200D2E7039B089A9A63099B0E2BCC
:10EDF00000D9D4E0002C00D1D1E0049B002B61DDD0
:10EE00000F21049A284B0A40D2009B181E685F68A5
:10EE1000049B02241D11DB050AD5294B0D401A6AFB
:10EE20005B6A12981399C2F7D1FC0A900B910134D6
:10EE3000234B0C93002D08D10A980B9932003B000C
:10EE4000C2F7C4FC0A900B9157E001231D4209D080
:10EE5000E4180C9B30001A685B683900C3F7F0F8BF
:10EE600006000F000C9B6D100833E2E70000F07FF6
:10EE70000F2700000D43040810430408C74204088C
:10EE8000C64204080000F03F01FCFFFF0000F83F0D
:10EE900061436F63A787D23FB3C8608B288AC63FA0
:10EEA000FB799F501344D33FF84404083204000018
:10EEB00012040000000010FECA41040811430408B7
:10EEC000D0440408049B0224002B16D012981399F6
:10EED0000F225D422A40D54BD2009B181A685B680E
:10EEE000C3F7AEF8012700230A900B91D04E2D11E5
:10EEF000002D00D095E0002BA4D10A9E0B9F159BFE
:10EF0000002B00D198E0002230003900C94BC1F736
:10EF1000ADFA002800D18FE0099B002B00D18BE0D7
:10EF20000E9B002B37DD049B0022013B0C9330002D
:10EF3000C14B3900C3F784F80A900B910E9B013442
:10EF400020001193C3F7CAFF0A9A0B9BC3F778F806
:10EF5000BA4B0022C2F774F8B94B0600CF18119BC8
:10EF6000002B6DD10A980B990022B64BC3F74EFBCC
:10EF700032003B0004000D00C1F78CFA002800D0DD
:10EF8000B5E2802109067B18320020002900C1F774
:10EF90006DFA002828D1129B139C0A930B941B9B9B
:10EFA000002B00DA74E1049A0E2A00DD70E19F4B19
:10EFB000D2009B185C681B6806930794239B002B68
:10EFC00000DBE7E0099B002B00DDE3E00CD10698B5
:10EFD000079900229B4BC3F733F80A9A0B9BC1F7A2
:10EFE00063FA002800D185E200263700239B089CA5
:10EFF000DB430C930497002731000398FDF73CFC9A
:10F00000049B002B00D1BBE0002F05D09F4203D012
:10F0100039000398FDF730FC04990398FDF72CFCA8
:10F02000AEE03D4205D032687368C3F709F83B0093
:10F0300001346D1008365BE7049B0C93099B7FE756
:10F04000119A7A4B013AD20010999B181A685B68A2
:10F0500000294CD000207C49C2F7B8FB32003B00AD
:10F06000C3F7D4FA089A060094460F00089B16933B
:10F07000119B634411930A980B99C3F7F3FE0500A3
:10F08000C3F72CFF02000B000A980B99C3F7BEFAD6
:10F09000169B30355C1C1D7032003B000A900B91B2
:10F0A000C1F7E4F900286BD10A9A0B9B0020614953
:10F0B000C3F7ACFA32003B00C1F7D8F9002800D002
:10F0C000C6E0119BA34200D165E700223000390061
:10F0D000594BC2F7B5FF002206000F000A980B99A2
:10F0E000554BC2F7ADFF16940A900B91C3E7300061
:10F0F0003900C2F7A5FF089D119A2B00944616907F
:10F100001791634419930A980B99C3F7ABFE040057
:10F11000C3F7E4FE0B0002000A980B99C3F776FAD6
:10F120003034199B2C70013506000F00AB422AD1F8
:10F1300016981799089B119C9C460022424B6444E8
:10F14000C1F77EFF02000B0030003900C1F7A2F9C1
:10F15000002800D07CE0169A179B00203A49C3F79C
:10F1600055FA02000B0030003900C1F77FF9002882
:10F1700000D110E72300013C2278302AFAD01C008D
:10F180000C9B049342E000222B4BC2F759FF0A90DC
:10F190000B91B8E7099B089D013B5B190A9E0B9FE9
:10F1A0000A93069A079B30003900C2F70FFBC3F79A
:10F1B00059FE0990C3F792FE069A079BC2F740FFDB
:10F1C00002000B0030003900C3F720FA2B00099A27
:10F1D000013530321A700A9A2C009A424BD1020043
:10F1E0000B00C1F72DFF069A079B06000F00C1F721
:10F1F00051F900282AD1069A079B30003900C1F73F
:10F200002FF9002802D0099BDD071FD40599039828
:10F21000FDF732FB00232370049B249A0133136013
:10F22000269B002B00D1CAE41C60C8E4F844040803
:10F23000D04404080000F03F0000244000001C40BF
:10F240000000C0FC000014400000E03F049B0C9351
:10F2500023001C00013B1A78392A08D1089A9A42E7
:10F26000F7D10C9A089901320C9230220A701A7860
:10F2700001321A7084E70022C54BC2F7E1FE00227A
:10F28000002306000F00C1F7EBF8002889D0BDE786
:10F29000109F0F9D069C002F14D0229A012A00DD9A
:10F2A000E4E0189A002A00D1DAE0BA4A9B18069ADC
:10F2B0000121D21806920D9A0398D3180D93FDF7E9
:10F2C000C5FB0700002C0ED00D9B002B0BDD0D9A0B
:10F2D0002300944200DD1300069AE41AD21A069223
:10F2E0000D9AD31A0D930F9B002B21D0109B002B4E
:10F2F00000D1D3E0059E002D14D039002A000398D8
:10F30000FDF766FC059A010007000398FDF7B6FBC0
:10F31000060005990398FDF7AFFA0F9B05965B1B56
:10F320000F9305D031000F9A0398FDF751FC05901B
:10F3300001210398FDF78AFB149B0600002B00D1E6
:10F34000BAE11A0001000398FDF742FC229B060077
:10F350000025012B16DC00250A9BAB420ED10B9B2E
:10F360001B03AB420AD18C4B0B9A134206D0069B6F
:10F370000135013306930D9B01330D93149B01203E
:10F38000002B08D0336903339B00F3185868FDF74E
:10F390000DFB2023181A0D9B181802001F231A407A
:10F3A000184200D181E001339B1A042B79DD1C2324
:10F3B0009B1A069AE418D21806920D9AD3180D9348
:10F3C000069B002B05DD1A0005990398FDF742FC0A
:10F3D00005900D9B002B05DD31001A000398FDF709
:10F3E00039FC0600159B002B61D031000598FDF714
:10F3F0009DFC00285BDA049B0A22013B0C930599D3
:10F4000000230398FDF742FA109B0590002B00D1D2
:10F4100059E1002339000A220398FDF737FA0E9BC1
:10F420000700002B4DDC229B022B46DD0E9B002BA0
:10F4300000D0DBE5310005220398FDF727FA06002E
:10F4400001000598FDF772FC002800DCCEE5089B62
:10F45000089A5C1C312313700C9B01330C93C9E593
:10F4600036231A9A0F9D9B1A069C20E7099B5D1E66
:10F470000F9BAB4208DB5D1B099B002BF4DA069B5C
:10F48000099A9C1A002312E70F9B149AEB1AD318BF
:10F4900014930F95069C0025099B08E70F9A059980
:10F4A00042E7042B8CD01C3383E71300FBE7049B5B
:10F4B0000C93099B0E93002BB5DD109B002B00D104
:10F4C00005E1002C05DD390022000398FDF7C2FBA1
:10F4D00007000497002D1FD079680398FDF7A4F961
:10F4E000041E0BD122002D4B2D482E495FE4119EA6
:10F4F0003700ACE7049B099E0C93F9E739003A69A1
:10F500000C31023292000C30FCF7F7FC0122210092
:10F510000398FDF79FFB0490089B0E9A0693013B0E
:10F520009B1801220F930A9B13400E9331000598FC
:10F53000FFF78CFA390005000A900598FDF7F6FBF5
:10F54000049A0D9031000398FDF70CFC0122C3686A
:10F55000040030350992002B04D101000598FDF715
:10F56000E5FB099021000398FDF786F9069B229A96
:10F570005C1C099B13430E9A134315D1392D2ED0D1
:10F580000D9B002B01DD0A9D3135069B1D7033E577
:10F5900000002440330400000000F07FCA4104084A
:10F5A00011430408EF0200000D9B002B04DB229A9C
:10F5B00013430E9A13431ED1099B002BE5DD0599D9
:10F5C00001220398FDF746FB31000590FDF7AEFBE5
:10F5D000002802DCD9D1EB07D7D5392DD3D1392377
:10F5E000069A137023001C00013B1A78392A50D068
:10F5F00001321A7000E5099B002B03DD392DEED096
:10F600000135C2E7069B069A1D700F9B93422BD0D3
:10F6100000230A2205990398FDF738F9049B059009
:10F620009F4209D1390000230A220398FDF72EF9E1
:10F6300007000490069479E7390000230A22039812
:10F64000FDF724F9002307000A2204990398FDF727
:10F650001DF90490EEE70E9B0124002B00DD1C0039
:10F6600004970027089B1C19059901220398FDF7B0
:10F67000F1FA31000590FDF759FB0028B2DC01D109
:10F68000ED07AFD423001C00013B1A78302AFAD0D2
:10F69000B2E4089A9A42A6D10C9B01330C93312311
:10F6A0001370A9E4144B269A0893144B002A01D036
:10F6B000FFF783FAFFF783FA229B012B00DC4AE66F
:10F6C0000120149D67E60E9B002B00DCABE60024B6
:10F6D00031000598FFF7BAF9089B303018550E9B9A
:10F6E00001340500A342B6DD00230A2205990398E0
:10F6F000FDF7CCF80590EBE7044304080C4304083D
:10F700000EB417B5054C05AB04CB0100206801937E
:10F7100000F006F81EBC08BC03B01847B407002070
:10F72000F0B5C1B01C001D0006900491079200289E
:10F7300004D0436B002B01D1FCF7D6F9049B5B6E20
:10F74000DB0707D4049B9B899B0503D4049B986D1E
:10F75000FCF7BEFB049B0C21595E80239B011942E0
:10F7600007D10B43049A0499526E8B819F4B13402F
:10F770004B66049B01225B6E990407D5134217D098
:10F7800001235B420893089841B0F0BD049B9B891C
:10F790001B0703D5049B1B69002B12D10499069803
:10F7A00000F0C4FE00280CD0049B5B6EDB07E7D49E
:10F7B000049B9B899B05E3D4049B986DFCF789FB14
:10F7C000DEE7049B0C229B5E1A221A400A2A16D1FD
:10F7D000049A0E21525E002A11DB049A526ED2075F
:10F7E00005D49B0503D4049B986DFCF772FB2300A2
:10F7F000079A0499069800F08BFC0890C3E7002351
:10F8000017AE14961693159303960C930D930E93BF
:10F810000F930893079C2378002B02D0252B00D050
:10F8200087E0079BE71A9C4210D0039A1360169B4F
:10F830005760DB191693159B01331593072B7ADC60
:10F84000130008330393089BDB1908932378002BDC
:10F8500001D100F017FC002212A9CA700121631C1B
:10F8600014004942059109925A1C1B78079218000E
:10F8700020385A2800D962E3C0F762FCA000610377
:10F880006103A900610361036103850061036103F2
:10F89000AB00B3006103B100BE006103E000E20011
:10F8A000E200E200E200E200E200E200E200E20048
:10F8B0006103610361036103610361036103610328
:10F8C00061030A01EE0161036103610361036103E6
:10F8D0006103610361036103610345026103610325
:10F8E00061037E026103980261036103C602610342
:10F8F00061036103610361036103610361036103E8
:10F9000061030A01F001610361036103F300F00187
:10F9100006016103FF0061032A0247027202060129
:10F9200061037E02A7009A0261036103670061031D
:10F93000A70001346FE70499069814AA00F02CFC84
:10F94000002800D079E317AB7CE7294A20000C920D
:10F9500020221040144200D158E2193A073595434D
:10F9600006CD00910192E20709D5009A01990A4358
:10F9700005D013AA30215370022311701C431D4B74
:10F980001C400223CFE10698FEF75EFF4368180093
:10F990000F93C0F7C3FB0E900698FEF755FF8368E0
:10F9A0000D930E9B002B10D00D9B002B0DD01B78C0
:10F9B000002B0AD08023DB001C4306E012ABDA7870
:10F9C0000333002A01D120321A70079B4CE7012330
:10F9D000F2E708CD0993002BF7DA5B420993042381
:10F9E000EAE72B2212ABDA70EFE7C046FFDFFFFF3A
:10F9F000A4420408FFFBFFFF079B5A1C1B782A2B1D
:10FA00000ED000210A27180030380792092810D993
:10FA10000591002900DB2AE701225242059226E7E0
:10FA200008CD0593002B02DA01235B420593079270
:10FA3000CBE77943137809180132E4E78023BBE769
:10FA40000021079A09910A310998303B48431B1855
:10FA5000099313780132180030380928F4D9079235
:10FA600005E7079B1B78682B05D1079B013307939C
:10FA700080239B00A0E740239EE7079B1B786C2B0D
:10FA800004D1079B01330793202395E7102393E7C5
:10FA900004CD27AB1A70002212A9CA7001211E00E2
:10FAA00005910B920B9B059A0A93934200DA0A92F6
:10FAB00012AB03331B785A1E93410A9AD3180A9348
:10FAC00002232340109302231C4202D00A9B0233DC
:10FAD0000A93842322001A4011921C4221D1099BCF
:10FAE0000A9A9F1A002F1CDD169B03999C46CC484E
:10FAF000159B039A013308311060102F00DD2BE2B3
:10FB000057606744169715930391072B09DD0499F5
:10FB1000069814AA00F040FB002800D08DE217AB35
:10FB2000039312A9C878169A159B033100280DD0AB
:10FB30000398013301600121521841601692159318
:10FB4000072B00DD1BE20300083303931099169A7C
:10FB5000159B00290ED0039813A9016002210133DF
:10FB60005218416016921593072B00DD10E2030036
:10FB700008330393119B802B21D1099B0A9A9F1A6A
:10FB8000002F1CDD169B03999C46A648159B039AE3
:10FB9000013308311060102F00DD02E25760674426
:10FBA000169715930391072B09DD0499069814AA5B
:10FBB00000F0F2FA002800D03FE217AB03930B9B52
:10FBC000059A9F1A002F1CDD169B03999C469548A9
:10FBD000159B039A013308311060102F00DDF3E10B
:10FBE00057606744169715930391072B09DD049915
:10FBF000069814AA00F0D0FA002800D01DE217AB36
:10FC00000393039A059B16605360169B059A9B18F5
:10FC10001693159B01331593072B00DDE7E1039E37
:10FC20000836640700D5EBE1099B0A9A934200DA93
:10FC30001300089AD3180893169B002B07D0049939
:10FC4000069814AA00F0A8FA002800D0F5E10023D5
:10FC5000159317AB0393DDE510231C43A30628D5AA
:10FC6000072307359D430CCD00920193019A012390
:10FC7000002A09DA009E019F00227142BA410091D8
:10FC800001922D2112AAD1700199009A0A43059977
:10FC9000002900DA04E2802127008F43002A00D0E7
:10FCA00002E2059A002A00D13FE1012B00D0FEE1DB
:10FCB000D9E008CDE20603D50093DB170193D5E721
:10FCC000620601D51BB2F7E7A205F5D55BB2F3E7F3
:10FCD000A30606D52B68089A1A60D2175A60043515
:10FCE00098E5E30603D52B68089A1A60F7E76306E0
:10FCF00003D52B68089A1A80F1E7A405F3D52B6881
:10FD0000089A1A70EBE710231C43202320001840A8
:10FD10001C420BD0193B07359D430CCD009201933B
:10FD2000414B1C400023002112AAACE71022210005
:10FD300008CD1140144202D000930190F0E7402218
:10FD400020001040144203D09BB200930191E7E7DA
:10FD500080222100920011401442F6D0DBB2EBE782
:10FD600008CD32490093002313AA1180304A019331
:10FD700002331C430C92D6E7002708CD1E0012ABBD
:10FD8000DF70059BBB420CDB1A0039003000FEF728
:10FD900073FD0B90B84200D184E6831B05930B974B
:10FDA00080E63000C0F7BAF90590F8E710231C434D
:10FDB0002023200018401C4207D0193B07359D43E3
:10FDC0000CCD009201930123ADE71023210004CD57
:10FDD00019401C4203D0009201900F3BA3E740233F
:10FDE000200018401C4203D093B200930191EAE72F
:10FDF000802321009B0019401C4203D0D3B2009302
:10FE00000190E0E70092F1E70A4A9FE51021270000
:10FE100004CD0F400C420FD000920190A3E5C046E4
:10FE2000F0450408E0450408FFFBFFFF30780000C0
:10FE3000A4420408B54204084021200008400C42B6
:10FE400003D092B2009201978DE5802127008900AE
:10FE50000F400C42F6D0D2B2DEE7019B002B0BD153
:10FE6000009B092B08D8009B3033DBB2B72212A9C4
:10FE700052181600137041E140AB1E00802300248D
:10FE8000DB003B400A930A22009801990023C0F747
:10FE900073FB33003032013B1E001A700A9B0B903B
:10FEA00010910134002B20D00D9B1B78A3421CD154
:10FEB000FF2C1AD0019B002B03D1009B092B00D8EB
:10FEC0001CE10E9A0F99B31A18001E00FBF72AFFC7
:10FED0000D9B00245B785A1E93410D9AD3180D9305
:10FEE0000B9B0093109B0193CDE7019B002BF7D157
:10FEF000009B092BF4D801E140AB1E000F2033001A
:10FF0000013B1E00009B0C9A0340D35C3370019BA5
:10FF10001907009B1A09019B11431B0901930B0050
:10FF2000019A00911343EAD1E8E040AA1600002BA1
:10FF300000D0E3E0E40700D4E0E0303396E7002BA4
:10FF400000D19FE027AA1370002312A9CB700121D2
:10FF5000160005910B93A5E510205060624612181B
:10FF600016921593072B07DD0499069814AA00F042
:10FF700013F9002861D117A9103F0391B4E5049942
:10FF8000069814AA00F008F9002856D117ABDCE552
:10FF90000499069814AA00F0FFF800284DD117AB79
:10FFA000E7E5102050606246121816921593072B51
:10FFB00007DD0499069814AA00F0EEF800283CD159
:10FFC00017A9103F0391DDE510205060624612181A
:10FFD00016921593072B07DD0499069814AA00F0D2
:10FFE000DBF8002829D117A9103F0391ECE504990B
:10FFF000069814AA00F0D0F800281ED117AE10E61B
:020000040804EE
:10000000099B0A9A10279C1A002C00DC0CE6159913
:100010003E4A169B01313260102C22DC7460E418D9
:1000200016941591072900DCFEE50499069814AA98
:1000300000F0B2F8002800D1F6E5049B5B6EDB0708
:1000400007D4049B9B899B0503D4049B986DFBF705
:1000500040FF049B9B895B0601D4FFF794FBFFF7ED
:100060008FFB10337760169315910836072907DD4B
:100070000499069814AA00F08FF80028DDD117AE75
:10008000103CC4E7169B002B02D100231593D4E744
:100090000499069814AA00F07FF80028F5D0CCE760
:1000A0002700002A00D100E6012B00D1D5E6022B63
:1000B00000D121E740AB1E0007239C463300013BE3
:1000C00032001E00634600990B40019930334C0703
:1000D00000993370C80801990443C90801912100AF
:1000E000019800940143E9D1F90707D5302B05D0D9
:1000F00033003021013B1970931E1E00059B3C000C
:100100000B9340AB9B1B0593CCE4C046F045040821
:10011000F0B5150002221E4C1F008B89A5449343A5
:100120006A4693814B6E06001993CB8916A8D3813A
:10013000CB690C0007934B6A09931AAB00930493A5
:100140008023DB000293059300230693FBF7BEFE9A
:100150002A003B0069463000FFF7E2FA051E07DB84
:1001600069463000FEF74AFB002801D001256D42A8
:100170006B469A8940231A4202D0A2891343A38175
:100180001698FBF7A4FE2800024B9D44F0BDC04624
:1001900094FBFFFF6C040000002310B5140092686C
:1001A0009A4205D0220000F067F800220300A26006
:1001B00000221800626010BDF0B58E6885B01F0087
:1001C0000C000B6802900392BE4230D80C21625E94
:1001D0009021C9000A4228D0032021695B1A0193AB
:1001E000636943430198DD0FED187B1C1B186D10EC
:1001F000AB4200D91D00520528D529000298FAF714
:100200003BF9061E2CD0019A2169FBF776FEA289E4
:10021000184B1A4080231343A381019B2661F618D3
:1002200026603E006561ED1AA560BE4200D93E0021
:10023000320003992068FBF72FFD0020A3689B1B69
:10024000A36023689B19236005B0F0BD2A000298C3
:10025000FAF756FB061EE0D121690298FBF7C6FEAD
:100260000C230120029A40421360A28934331343C5
:10027000A381E9E77FFBFFFFF0B5936887B00C002F
:1002800002900492002B02D1002007B0F0BD8B89B0
:100290001B0756D50B69002B53D0049B1B68019399
:1002A0000C22A35E02221E00164013426FD10122CF
:1002B00001211A400B4200D1A2E030003700039622
:1002C000002F00D10AE100280AD13A000A21039840
:1002D000FEF7D2FA7E1C002802D0039B0130C61A1A
:1002E0000596BE4200D9059720682269A568636912
:1002F000904200D8FBE0059AED18AA4200DCF6E037
:1003000003992A00FBF7C8FC236821005B190298B7
:100310002360FEF773FA00286DD10120761B05D10A
:1003200021000298FEF76AFA002864D1039B049A20
:100330005B190393049B7F1B9B685B1B9360BFD17E
:10034000A2E72100029800F0F1F80028A5D00120D2
:1003500040429AE7019B1E685D6808330193676A13
:10036000E169002DF6D06E4A2B00954200D91300AA
:1003700032000298B84700283DDD049B049A9B6830
:1003800036181B1A2D1A9360002BE8D17CE7002643
:100390003500E4E7019B1B680393019B5D6808330C
:1003A00001930C22A35E2068A668002DF2D0802263
:1003B0009200134262D0AE4237D89022D20013424C
:1003C00033D02169421A0320059262694243D70F54
:1003D000BF18059A7F1001325219BA4200D917008E
:1003E0005B053CD539000298FAF746F8061E0AD19B
:1003F0000C23029A13604023A2891343A381A6E72A
:1004000015000392CDE7059A2169FBF776FDA289D5
:10041000444B1A4080231343A381059B2661F618A1
:1004200026602E006761FF1AA7602F00AE4200D938
:100430002E00320003992068FBF72EFCA3689B1B5B
:10044000A36023689B192360039B049ADB19039321
:10045000049BED1B9B68DB1B9360A2D114E73A0061
:100460000298FAF74DFA061ED7D121690298FBF7D8
:10047000BDFD8022A3899343A381B9E72369834209
:1004800002D36769AF4216D9AE4200D92E003200BE
:100490000399FBF701FCA36822689B1B92193700A4
:1004A000A3602260002BCFD121000298FEF7A6F9AD
:1004B0000028C9D09FE7802328001B069D4200D357
:1004C00019483900BFF7D0FE3B00666A4343039AE0
:1004D000E1690298B047071EB6DC8CE7019B00205B
:1004E0001B680393019B5F6808330193E8E6059A54
:1004F000934208DC656A039AE1690298A847051EE1
:1005000000DD0AE777E7059A0399FBF7C5FB059A33
:10051000A36815009B1AA36023689B182360FCE660
:1005200000FCFF7F7FFBFFFFFFFFFF7F2D4B70B5C0
:10053000050018680C00002804D0436B002B01D183
:10054000FBF7D2FA0C22A35E1A0723D4DA0607D4EB
:1005500009222A60402201201343A38140423AE04D
:100560005B0713D5216B002908D023004033994243
:1005700002D02800FBF73AFD002323632422A3893D
:100580009343A38100236360236923600823A28926
:100590001343A3812369002B0BD1A0218022A389BF
:1005A000890092000B40934203D02100280000F004
:1005B00051F80C22A35E01211A000A400B420BD015
:1005C0000022A26062695242A26100202269824236
:1005D00001D11A06BED470BD990700D46269A26029
:1005E000F3E7C046B4070020062010B500F09EF8DF
:1005F000012000F0EFF8000070B50E001D000E2382
:10060000C95E140096B0002909DAB289802311006E
:1006100019401A4218D18023DB00080010E06A4616
:1006200000F08EF80028F0DBF02301991B0219403E
:10063000074B8020C9184B42594180230001DB0041
:100640002960236016B070BD00214023E5E7C04655
:1006500000E0FFFFF0B502268B8905000C0085B095
:10066000334207D0230043332360236101236361B6
:1006700005B0F0BD03AB02AAFFF7BEFF029F0190D9
:1006800039002800F9F7F8FE002808D10C22A35EF3
:100690009A05EDD4032293431E43A681E2E780230B
:1006A000A28920601343A381039B20616761002B13
:1006B0000CD028000E23E15E00F054F8002805D08D
:1006C0000323A2899A43023B1343A381A389019A7E
:1006D0001343A381CCE770B504000D001F2904D992
:1006E000162303600120404270BD0300FC33DB6B26
:1006F000002B04D08A009B181A68002A08D1200019
:1007000000F054F82A000100200000F03DF8EBE76B
:10071000012A09D0511C03D1162303600120E3E70D
:1007200000212800196090470020DDE710B5034B39
:1007300001001868FFF7CFFF10BDC046B4070020C6
:10074000002370B5064D0400080011002B60F9F776
:1007500055FE431C03D12B68002B00D0236070BDD5
:100760006CC40120002370B5064D040008002B6006
:10077000F9F735FE431C03D12B68002B00D0236012
:1007800070BDC0466CC40120002370B5064D040046
:10079000080011002B60F9F717FE431C03D12B68EA
:1007A000002B00D0236070BD6CC4012010B5F9F798
:1007B0001FFE10BD054A03001168002901D104493C
:1007C00011601068C31813607047C04608C6012046
:1007D00010C60120FEE70000F8B5C046F8BC08BC12
:1007E0009E467047F8B5C046F8BC08BC9E467047A8
:1007F00001B40248844601BC604700BFFD080020E8
:10080000081C3044586C8000000000000000483094
:1008100031523000503031523000483233523000C3
:100820004832335231004832335233004830375265
:100830003300483038523600503038523600483095
:10084000395230004830395239004831425236006E
:100850004831325230004831335237004830465226
:100860003100483046523600483046523700483151
:10087000415232004830415239004831445231002F
:1008800048314452350048304252340048313852E1
:10089000300048323652300048313552300048314D
:1008A000305234004832415233004834315236001D
:1008B00048334252360048313852310048314652AE
:1008C000350048334252320048323152320048310A
:1008D00037523100483135523800483242523000E8
:1008E0004830355230004833425237004832425285
:1008F00031004830375238004830385237004831DC
:1009000036523600503038523700483139523000B4
:1009100052504900000048313452410048313452AD
:100920003900483046523900483141523000000009
:100930000000000000000000000000006D650000E5
:10094000616C6C0069660000666F72004D6F6E64CA
:100950006179000054756573646179005765646E50
:10096000657364617900000054687572736461791D
:10097000000000004672696461790000536174757B
:10098000726461790000000053756E646179000043
:100990004A616E00466562004D61720041707200EE
:1009A0004D6179004A756E004A756C0041756700AB
:1009B000536570004F6374004E6F760044656300AA
:1009C0000D0A424F532E726573706F6E73653A2035
:1009D000616C6C2C206D6573736167652C20636C92
:1009E000692C206E6F6E650D0A0000000D0A424FE3
:1009F000532E74726163653A20616C6C2C206D65B6
:100A000073736167652C20726573706F6E73652CEC
:100A1000206E6F6E650D0A00424F532E636C696243
:100A2000617564726174653A20434C492062617556
:100A300064726174652E2044656661756C7420690A
:100A400073203932313630302E205468697320617A
:100A500066666563747320616C6C20706F7274736A
:100A60002E20496620796F75206368616E67652066
:100A7000746869732076616C75652C2020202020B5
:100A800020202020202020796F75206D7573742020
:100A9000636F6E6E65637420746F206120434C49F0
:100AA00020706F7274206F6E2065616368207374AC
:100AB000617274757020746F20726573746F7265E3
:100AC000206F7468657220417272617920706F7254
:100AD000747320696E746F2064656661756C742030
:100AE00062617564726174650D0A0000424F532E95
:100AF0006465626F756E63653A2031202E2E2E2E4E
:100B00002E2E2E2E2E2E2E2E203635353336206DBF
:100B10007365630D0A000000424F532E73696E67C0
:100B20006C65636C69636B74696D653A2031202E66
:100B30002E2E2E2E203635353336206D7365630DFF
:100B40000A000000424F532E6D696E696E74657223
:100B5000636C69636B74696D653A2031202E2E2EAB
:100B600020323535206D7365630D0A00424F532ED8
:100B70006D6178696E746572636C69636B74696DBD
:100B8000653A2031202E2E2E20323535206D7365AA
:100B9000630D0A000A0D54686973206D6F64756CEB
:100BA000652077696C6C20626520666F726365648E
:100BB00020696E746F20626F6F746C6F6164657210
:100BC000206D6F64652E0A0D506C6561736520752C
:100BD000736520746865202253544D20466C617300
:100BE00068204C6F616465722044656D6F6E73742C
:100BF0007261746F7222200909097574696C6974D5
:100C00007920746F20757064617465207468652044
:100C10006669726D776172652E0A0D0A092A2A2AA1
:100C200020496D706F7274616E74202A2A2A0A0D31
:100C300049662074686973206D6F64756C652069FE
:100C40007320636F6E6E656374656420646972659A
:100C500063746C7920746F20504320706C656173ED
:100C60006520636C6F7365207468697320706F72A0
:100C7000742066697273742E0A0D00000A0D4D6FA0
:100C800064756C652025642077696C6C2062652032
:100C9000666F7263656420696E746F20626F6F7433
:100CA0006C6F61646572206D6F64652E00000000DA
:100CB0000A0D506C656173652075736520746865F5
:100CC000202253544D20466C617368204C6F616440
:100CD00065722044656D6F6E73747261746F7222F9
:100CE000207574696C69747920746F207570646103
:100CF000746520746865206669726D776172652E0F
:100D00000909090A0D0A092A2A2A20496D706F72F9
:100D100074616E74202A2A2A0A0D2D2049662074D7
:100D2000686973206D6F64756C6520697320636FEB
:100D30006E6E6563746564206469726563746C7952
:100D400020746F20504320706C6561736520636C64
:100D50006F7365207468697320706F7274206669A0
:100D60007273742E0A0D0909092D20596F75206DB3
:100D700075737420706F776572206379636C65207A
:100D800074686520656E746972652041727261795C
:100D90002061667465722074686520757064617482
:100DA000652069732066696E69736865642E0A0D33
:100DB000000000000A0D52656D6F74652075706447
:100DC00061746520766961206D6F64756C6520259E
:100DD000642C20706F7274205025642077696C6CCD
:100DE000206265207472696767657265642E000011
:100DF0003D0000003E0000003C0000003E3D0000C1
:100E00003C3D0000213D00000A0D284D6F64756CCB
:100E1000653A506F72742909090000005025640971
:100E2000000000000A0A0D004D6F64756C652025F6
:100E3000643A0900090000002564090025643A2588
:100E4000640900000A0D00000A0000000A0D546841
:100E500065736520706F72747320617265207265AE
:100E60007665727365643A000A0D4D6F64756C6542
:100E7000202564203A205025640000000A0A0D4114
:100E80006C6C206F7468657220706F72747320616F
:100E90007265206E6F726D616C0A0D000A0D2A2A50
:100EA0002A204D6F64756C6520256420537461742D
:100EB0007573202A2A2A0A000A0D436F6E6E656335
:100EC0007465642076696120706F72743A205025D1
:100ED000640A0D000A0D4669726D776172652076AD
:100EE000657273696F6E3A2025642E25642E256421
:100EF0000000000053657020313720323032350059
:100F00000A0D4669726D7761726520646174653A95
:100F1000202020202573000031353A33333A303019
:100F2000000000000A0D4669726D776172652074D9
:100F3000696D653A2020202025730A0D000000000D
:100F40000A0D506F727473205374617475733A0A8A
:100F50000A0D00005025643A2000000046726565C5
:100F60000A0D0000526563656976696E67206D65DC
:100F70007373616765730A0D000000005374726536
:100F8000616D696E670A0D00526563656976696E09
:100F900067207573657220636F6D6D616E64730A8F
:100FA0000D000000436F6E6E656374656420746F9E
:100FB000206120627574746F6E2F73776974636833
:100FC0000A0D00000A0D444D412053747265616D95
:100FD00073205374617475733A0A0D000A0D5374CB
:100FE0007265616D696E6720444D412025642069FA
:100FF00073206672656500000A0D53747265616D39
:10100000696E6720444D4120256420697320737404
:101010007265616D696E672066726F6D2050256420
:1010200020746F20502564000A0D54686573652094
:10103000706F727473206172652072657665727369
:1010400065643A2000000000502564200000000084
:101050004E6F6E6500000000725C0008805C000846
:101060008E5C00089C5C0008AA5C00086D650000AE
:10107000616C6C004A670008D8630008F4630008DC
:1010800012640008406400086E640008AE64000842
:10109000EE640008D86300085C670008A8650008D3
:1010A000C8650008EA6500081C6600084E6600086E
:1010B00092660008D6660008A86500082E69000838
:1010C0003C6900084A690008586900086669000818
:1010D000B2690008C0690008CE690008DC69000830
:1010E000EA690008257320253032642F25303264E8
:1010F0002F25303464000000253032643A25303228
:10110000643A253032640000081C3044586C80007A
:101110000A0D0A0D3D3D3D3D3D3D3D3D3D3D3D3DC5
:101120003D3D3D3D3D3D3D3D3D3D3D3D3D3D3D3DEF
:101130003D3D3D3D3D3D3D3D3D3D3D3D3D3D3D3DDF
:101140003D3D3D3D3D3D3D3D0920202020200A0DF7
:101150003D3D3D3D3D3D3D3D3D3D3D3D3D3D3D3DBF
:101160003D3D3D3D3D3D3D3D3D3D3D3D3D3D3D3DAF
:101170003D3D3D3D3D3D3D3D3D3D3D3D3D3D3D3D9F
:101180003D3D3D3D0920202020200A0D7C7C202073
:101190002020202020202020202057656C636F6DA8
:1011A0006520746F204269747A4F5320434C492163
:1011B00020202020202020202020202020207C7C77
:1011C0000909200A0D7C7C20202020202020284393
:1011D0002920434F505952494748542048455841C7
:1011E0004249545A20323031372D323032352E2098
:1011F000202020202020207C7C0920202020200A64
:101200000D7C7C2020202020202020202020202039
:1012100020202020202020202020202020202020CE
:1012200020202020202020202020202020202020BE
:101230002020207C7C0909200A0D7C7C2020202095
:101240002020506C6561736520636865636B207452
:1012500068652070726F6A65637420776562736970
:101260007465206174202020202020207C7C0909C6
:10127000200A0D7C7C2020202020202020202020DF
:101280002020687474703A2F2F68657861626974E1
:101290007A2E636F6D2F20202020202020202020F8
:1012A00020202020207C7C0920202020200A0D7C6A
:1012B0007C202020202020202020202020202020D2
:1012C000202020202020202020202020202020201E
:1012D000202020202020202020202020202020200E
:1012E000207C7C0920202020200A0D7C7C202020CE
:1012F000547970652068656C7020666F722061207B
:101300006C697374206F6620617661696C61626CD0
:101310006520636F6D6D616E64732E20207C7C0987
:1013200020202020200A0D3D3D3D3D3D3D3D3D3DE1
:101330003D3D3D3D3D3D3D3D3D3D3D3D3D3D3D3DDD
:101340003D3D3D3D3D3D3D3D3D3D3D3D3D3D3D3DCD
:101350003D3D3D3D3D3D3D3D3D3D3D092020202065
:10136000200A0D3D3D3D3D3D3D3D3D3D3D3D3D3D2D
:101370003D3D3D3D3D3D3D3D3D3D3D3D3D3D3D3D9D
:101380003D3D3D3D3D3D3D3D3D3D3D3D3D3D3D3D8D
:101390003D3D3D3D3D3D3D0920202020200A0A0DD8
:1013A000000000000D0A00000D0A5B5072657373A7
:1013B00020454E54455220746F20657865637574DE
:1013C00065207468652070726576696F7573206337
:1013D0006F6D6D616E6420616761696E5D0D0A3EBF
:1013E00000000000436F6E6E656374656420746F67
:1013F000206D6F64756C6520256420282573292C69
:1014000020706F7274205025642E0A0A0D3E000071
:10141000696620000A43616E6E6F742073746F7288
:1014200065206D6F726520436F6D6D616E64205332
:101430006E6970706574732E20506C6561736520E1
:1014400064656C657465206578697374696E67207E
:101450006F6E657320616E642074727920616761BC
:10146000696E2E0A0D000000656E6420696600003A
:10147000000000000A436F6E646974696F6E616CEE
:101480002073746174656D656E742061636365704B
:1014900074656420616E6420616464656420746FA7
:1014A00020436F6D6D616E6420536E69707065745A
:1014B000732E0A0D00000000626F730057726F6E8A
:1014C00067206D6F64756C65206E616D65212050BD
:1014D0006C656173652074727920616761696E2E35
:1014E0000A0D000057726F6E67206D6F64756C6532
:1014F0002049442120506C65617365207472792005
:10150000616761696E2E0A0D00000000436F6D6D0A
:10151000616E642062726F616463617374656420DC
:10152000746F20616C6C0A0D0000000025734D750E
:101530006C74696361737420436F6D6D616E6420B8
:10154000666F7277617264656420746F2067726F72
:1015500075702025730A0D00757064617465000054
:10156000436F6D6D616E6420666F72776172646542
:101570006420746F204D6F64756C652025640A0DBE
:101580000000000025734D6F64756C652025642094
:101590006973206E6F7420726561636861626C6547
:1015A0002E0A0D00636C69636B656400646F75627D
:1015B0006C6520636C69636B6564000072656C65C3
:1015C000617365640000000020000000E8770008F7
:1015D000347700084A7700086077000886770008AB
:1015E0009C770008C2770008081C3044586C8000C3
:1015F0003D3D003E00003C00003E3D003C3D0021E2
:101600003D00000072756E2D74696D652D737461F7
:101610007473000072756E2D74696D652D7374613D
:1016200074733A0D0A20446973706C6179206120EB
:101630007461626C652073686F77696E6720686F8C
:1016400077206D7563682070726F63657373696E60
:10165000672074696D652065616368204672656501
:1016600052544F53207461736B20686173207573FB
:1016700065640D0A0D0A0000041604081416040817
:10168000DD7B0008000000007461736B2D737461D2
:10169000747300007461736B2D73746174733A0D0D
:1016A0000A20446973706C61792061207461626CF6
:1016B000652073686F77696E67207468652073743E
:1016C000617465206F662065616368204672656598
:1016D00052544F53207461736B0D0A0D0A000000C1
:1016E00088160408941604089D7B0008000000007A
:1016F00070696E670000000070696E673A0D0A201D
:1017000050696E672061206D6F64756C650D0A0D00
:101710000A000000F0160408F81604081D7C0008F2
:10172000000000007570646174650000757064618C
:1017300074653A0D0A2050757420746865206D6FC9
:1017400064756C6520696E20666163746F727920C0
:10175000626F6F746C6F61646572206D6F64652079
:10176000746F207570646174652069747320666994
:10177000726D776172652E0D0A0A09090909090956
:1017800020202D205573652027236E2E75706461EF
:1017900074652720746F20757064617465207265AC
:1017A0006D6F7465206D6F64756C65206E2E204DB5
:1017B000616B652073757265207468652070726F47
:1017C0006772616D6D696E6720706F7274206973E6
:1017D0002074686520696E636F6D696E6720706F35
:1017E0007274206F662074686973206D6F64756C05
:1017F000652E0D0A09090909090920202D205573B4
:101800006520277570646174652076696120236E98
:101810002070782720746F207573652074686520A8
:10182000535420466C617368204C6F61646572206C
:10183000746F6F6C2077697468206D6F64756C6568
:10184000206E2C20706F7274207820746F20757059
:10185000646174652061206E65696768626F7220DB
:101860006D6F64756C652E205468697320697320F0
:1018700075736566756C206966200909090909098F
:1018800009746172676574206D6F64756C65206999
:1018900073206E6F742070617274206F662074689C
:1018A0006520746F706F6C6F6779206F7220696646
:1018B0002070726F6772616D6D696E6720706F72F4
:1018C00074206973206E6F7420696E2074686520BF
:1018D00073686F7274657374207061746820746FBC
:1018E00020746172676574206D6F64756C652E0D70
:1018F0000A0D0A00241704082C170408B97C0008F4
:10190000FF0000006578706C6F7265006578706C20
:101910006F72653A0D0A204578706C6F726520749D
:10192000686520617272617920616E6420627569F8
:101930006C642069747320746F706F6C6F67790DBD
:101940000A0D0A00041904080C190408B97E0008DD
:1019500000000000726573657400000072657365B5
:10196000743A0D0A20526573657420746865206DA1
:101970006F64756C650D0A0D0A00000054190408A7
:101980005C190408B17F0008000000006E616D65FD
:10199000000000006E616D653A0D0A204E616D65B4
:1019A00020746865206D6F64756C65207769746854
:1019B00020616E20616C696173202831737420701E
:1019C00061722E290D0A0D0A000000008C1904080E
:1019D00094190408C17F00080100000067726F7548
:1019E0007000000067726F75703A0D0A2047726FC1
:1019F0007570206D756C7469706C65206D6F6475A1
:101A00006C65732028326E642B207061722E292041
:101A1000696E746F2061206E6577206F7220657823
:101A2000697374696E672067726F757020283173EF
:101A300074207061722E290D0A0D0A00DC19040849
:101A4000E4190408A9800008FF00000073746174A1
:101A5000757300007374617475733A0D0A204469DC
:101A600073706C6179206D6F64756C65207374613F
:101A70007475730D0A0D0A004C1A0408541A0408F0
:101A80009D83000800000000696E666F0000000082
:101A9000696E666F3A0D0A20446973706C61792033
:101AA000617272617920696E666F726D6174696FBF
:101AB0006E0D0A0D0A000000881A0408901A040826
:101AC000B9830008000000006164642D62757474BD
:101AD0006F6E00006164642D627574746F6E3A0DF0
:101AE0000A20446566696E65206120627574746FB2
:101AF0006E206174206F6E65206F662074686520AB
:101B0000617272617920706F7274732E20427574E5
:101B1000746F6E20747970652028277377697463F9
:101B2000682D6E6F272C20277377697463682D6E7C
:101B300063272928317374207061722E292C20426A
:101B40007574746F6E20706F72742028326E64200A
:101B50007061722E290D0A0D0A000000C81A0408CF
:101B6000D41A0408B58400080200000072656D6F85
:101B700076652D627574746F6E00000072656D6F0E
:101B800076652D627574746F6E3A0D0A2052656D1C
:101B90006F7665206120627574746F6E2074686161
:101BA00074207761732070726576696F75736C79D4
:101BB00020646566696E6564206174207468697369
:101BC00020706F72742028317374207061722E2916
:101BD0000D0A0D0A000000006C1B04087C1B0408A1
:101BE000C585000801000000736574007365743AD0
:101BF0000D0A20536574206120706172616D6574F7
:101C000065722028317374207061722E29207769E3
:101C10007468206120676976656E2076616C7565F1
:101C20002028326E64207061722E290D0A0D0A0080
:101C3000E81B0408EC1B040859860008FF0000009C
:101C4000676574006765743A0D0A204765742074EF
:101C500068652063757272656E742076616C756557
:101C6000206F66206120706172616D6574657220FD
:101C700028317374207061722E290D0A0D0A00003C
:101C8000401C0408441C04080D920008FF000000DA
:101C900064656661756C740064656661756C743A40
:101CA0000D0A2054797065202764656661756C742F
:101CB00020706172616D732720746F2073657420CA
:101CC000616C6C20706172616D65746572732074F3
:101CD0006F2064656661756C742076616C756573E0
:101CE0000D0A2054797065202764656661756C74EF
:101CF0002061727261792720746F2072656D6F7632
:101D0000652063757272656E7420746F706F6C6F8E
:101D100067790D0A0D0A0000901C0408981C04083D
:101D2000A99500080100000074696D6500000000BD
:101D300074696D653A0D0A20446973706C6179208D
:101D400063757272656E742074696D6520696E20AA
:101D500048483A4D4D3A53532D6D73656320666F75
:101D6000726D61740D0A0D0A00000000281D040840
:101D7000301D0408A196000800000000646174652D
:101D800000000000646174653A0D0A2044697370B4
:101D90006C61792063757272656E7420646174651C
:101DA00020696E205765656B646179204D4D2F4425
:101DB000442F5959595920666F726D61740D0A0D7F
:101DC0000A0000007C1D0408841D0408799700089F
:101DD000000000007365742D626175647261746542
:101DE000000000007365742D626175647261746532
:101DF0003A0D0A2053657420554152542062617592
:101E000064726174650D0A092831737420706172FF
:101E1000616D65746572293A20503120746F2050CD
:101E2000360D0A0928326E6420706172616D657426
:101E30006572293A2062617564726174650D0A0DDC
:101E40000A000000D41D0408E41D0408AD97000832
:101E50000200000075756964000000007575696412
:101E60003A0D0A20446973706C6179204D43552006
:101E7000756E69717565205549440D0A0D0A00009B
:101E8000541E04085C1E04086D9800080000000041
:101E90006964636F646500006964636F64653A0D2B
:101EA0000A20446973706C6179204D435520494480
:101EB000434F444520284445565F494420616E64A1
:101EC000205245565F4944290D0A0D0A00000000C2
:101ED000901E0408981E0408FD98000800000000E9
:101EE000666C6173682D73697A650000666C617356
:101EF000682D73697A653A0D0A20446973706C61C4
:101F000079204D435520466C6173682073697A656A
:101F100020696E204B62797465730D0A0D0A00000A
:101F2000E01E0408EC1E0408799900080000000077
:101F3000736E697000000000736E69703A0D0A20BC
:101F4000446973706C61792061206C697374206FCF
:101F5000662073746F72656420436F6D6D616E648B
:101F600020536E69707065747320746F20656469A6
:101F700074206F722064656C6574650D0A0D0A002B
:101F8000301F0408381F0408AD9900080000000045
:101F90006163742D736E6970000000006163742DBD
:101FA000736E69703A0D0A204163746976617465D5
:101FB000206120436F6D6D616E6420536E69707097
:101FC00065740D0A0D0A0000901F04089C1F040888
:101FD000D59C00080100000070617573652D736E5B
:101FE0006970000070617573652D736E69703A0DCC
:101FF0000A205061757365206120436F6D6D616EBD
:102000006420536E69707065740D0A0D0A0000003B
:10201000D81F0408E41F04088D9D0008010000007B
:1020200064656C2D736E69700000000064656C2D32
:10203000736E69703A0D0A2044656C6574652061A1
:1020400020436F6D6D616E6420536E6970706574AE
:102050000D0A0D0A00000000202004082C200408AE
:10206000459E000801000000627269646765000017
:102070006272696467653A0D0A2042726964676535
:102080002074776F20617272617920706F7274733F
:102090000D0A0D0A000000006820040870200408E2
:1020A00019A0000802000000756E6272696467651D
:1020B00000000000756E6272696467653A0D0A205F
:1020C000556E2D6272696467652074776F20617246
:1020D00072617920706F7274730D0A0D0A0000002E
:1020E000A8200408B420040835A10008020000005C
:1020F000746573742D706F7274000000746573746E
:102100002D706F72743A0D0A207465737420706FAD
:1021100072742066756E6374696F6E616C69747930
:102120002E20796F752063616E2063686F6F736511
:102130002065697468657220746F207465737420FB
:102140006F6E6520737065636966696320706F7276
:1021500074206F7220746F207465737420616C6CCE
:1021600020706F7274732E20706C656173652074BB
:1021700079706520507820776865726520782073C3
:1021800074616E647320666F7220746865206E756A
:102190006D626572206F6620706F7274206F72209E
:1021A00074797065203C616C6C3E20746F2074659E
:1021B000737420616C6C20706F72740D0A0D0A00CC
:1021C000F0200408FC20040851A2000801000000CF
:1021D000726561642D616463000000007265616472
:1021E0002D6164633A0D0A20526561642061646365
:1021F00020766F6C746167652056616C756520662A
:10220000726F6D205032206F7220503320616E64E7
:102210002063686F6F7365207468652073696465F7
:10222000207768657265617320746F70206F72200B
:10223000626F74746F6D0D0A0D0A0000D0210408DE
:10224000DC21040829A50008020000007265616411
:102250002D74656D70000000726561642D74656D8C
:10226000703A0D0A205265616420696E7465726E61
:10227000616C2074656D70657261747572650D0AAC
:102280000D0A00004C220408582204083DA600084C
:1022900000000000726561642D76726566000000C2
:1022A000726561642D767265663A0D0A2052656129
:1022B0006420696E7465726E616C20726566657209
:1022C000656E636520566F6C746167650D0A0D0A53
:1022D0000000000094220408A022040891A600082F
:1022E00000000000726561642D6164632D70657289
:1022F00063656E7461676500726561642D61646316
:102300002D70657263656E746167653A0D0A2047CA
:1023100065742061646320766F6C746167652070FA
:10232000657263656E746167652076616C756520A2
:1023300066726F6D205032206F722050330D0A0D7F
:102340000A000000E4220408F8220408E5A60008B8
:10235000020000005461736B205374617465205057
:1023600072696F7269747920537461636B20230DF5
:102370000A2A2A2A2A2A2A2A2A2A2A2A2A2A2A2ADD
:102380002A2A2A2A2A2A2A2A2A2A2A2A2A2A2A2AAD
:102390002A2A2A2A2A2A2A2A2A2A2A2A2A2A2A2A9D
:1023A0002A0D0A005461736B204162732054696DD9
:1023B0006520252054696D650D0A2A2A2A2A2A2AB1
:1023C0002A2A2A2A2A2A2A2A2A2A2A2A2A2A2A2A6D
:1023D0002A2A2A2A2A2A2A2A2A2A2A2A2A2A2A2A5D
:1023E0002A2A0D0A00000000766961002000000022
:1023F0004D6F64756C6573205B0000002C2000003D
:102400000A0D4E756D626572206F66206D6F647582
:102410006C65733A2025640A000000000A0D4172C1
:1024200072617920746F706F6C6F67793A0A00007F
:10243000436F756C64206E6F7420726561642070E8
:102440006F72747320646972656374696F6E20665D
:102450006F7220736F6D65206D6F64756C6573218D
:1024600020506C65617365207472792061676169C1
:102470006E0A0D007377697463682D6E6F0000003B
:102480007377697463682D6E63000000626F732E4A
:1024900000000000726573706F6E736500000000CD
:1024A000616C6C006D65737361676500636C6900D6
:1024B0006E6F6E650000000074726163650000005D
:1024C000636C696261756472617465006465626FF2
:1024D000756E63650000000073696E676C65636C00
:1024E00069636B74696D65006D696E696E746572A0
:1024F000636C69636B74696D650000006D61786978
:102500006E746572636C69636B74696D650000005D
:10251000616D0000706D00006D6F6E646179000088
:1025200074756573646179007765646E6573646161
:1025300079000000746875727364617900000000AE
:10254000667269646179000073617475726461799F
:102550000000000073756E64617900006A616E7539
:10256000617279003120000066656272756172796E
:1025700000000000322000006D61726368000000FE
:1025800033200000617072696C000000342000008C
:102590006D617900352000006A756E6500000000ED
:1025A000362000006A756C790000000037200000BA
:1025B000617567757374000038200000736570746E
:1025C000656D626572000000392000006F63746FF2
:1025D00062657200313000006E6F76656D62657203
:1025E0000000000031310000646563656D62657252
:1025F00000000000313200006D73670025640A0D91
:102600000000000025732325640A0D0070617261CB
:102610006D7300006172726179000000414D00002D
:10262000504D0000257300002573253038580000F8
:102630000D0A000053544D33324730423100000040
:10264000554E4B4E4F574E005061757365640041B7
:102650006374697665000000480000005032000095
:1026600050330000746F7000626F74746F6D0000FF
:1026700061646320766F6C74616765206973203DC7
:102680002025302E3266200D0A000000696E746528
:10269000726E616C2074656D7065726174757265BF
:1026A00020697320252E326643200D0A00000000A9
:1026B000696E7465726E616C207265666572656EB6
:1026C000636520766F6C74616765206973203D20B7
:1026D000252E326656200D0A00000000616463203A
:1026E000766F6C746167652070657263656E746186
:1026F0006765206973203D20252E3266252520251B
:102700000D0A000048692066726F6D206D6F647558
:102710006C652025640D0A0048692066726F6D2083
:102720006D6F64756C6520256420282573290D0A5A
:1027300000000000557064617465206669726D77F1
:1027400061726520666F72206D6F64756C652025FF
:10275000640A0D0057726F6E672076616C75652193
:102760000A0D00000A54686520617272617920695F
:1027700073206265696E67206578706C6F7265643E
:102780002E20506C6561736520776169742E2E2E42
:102790000A0D00000A546865206172726179206533
:1027A00078706C6F726174696F6E207375636365A6
:1027B000656465642E204920666F756E642025640B
:1027C000206D6F64756C657320696E636C756469E8
:1027D0006E67206D7973656C662E20486572652082
:1027E00069732074686520646973636F76657265C8
:1027F0006420746F706F6C6F67793A0A0D00000087
:102800000A546865206172726179206578706C6F16
:10281000726174696F6E206661696C65642E205008
:102820006C6561736520646F75626C6520636865B3
:10283000636B20636F6E6E656374696F6E732C20BB
:10284000726573657420746865206D6F64756C655E
:102850007320616E642074727920616761696E2EE5
:102860000A0D00004D6F64756C6520256420697346
:10287000206E616D65642025730A0D002573206943
:1028800073206120726573657276656420424F53D0
:10289000206B6579776F72642120506C6561736578
:1028A00020757365206120646966666572656E7463
:1028B00020616C6961730A0D0000000025732069B6
:1028C0007320616C72656164792075736564212081
:1028D000506C65617365207573652061206469665D
:1028E000666572656E7420616C6961730A0D000023
:1028F000257320697320616E206578697374696E31
:102900006720434C4920636F6D6D616E64212050D8
:102910006C65617365207573652061206469666606
:102920006572656E7420616C6961730A0D00000048
:10293000257320697320612077726F6E67206D6F39
:1029400064756C65204944206F7220616C69617305
:102950000A0D0000506C6561736520656E746572C8
:1029600020736F6D65206D6F64756C6520494473CD
:1029700020746F2061646420746F2025730A0D0039
:102980005D20616464656420746F206E65772067E4
:10299000726F75702025730A0D0000005D20616460
:1029A00064656420746F206578697374696E67204C
:1029B00067726F75702025730A0D000041206E65E7
:1029C0007720257320627574746F6E206E616D655B
:1029D00064204225642077617320646566696E65B2
:1029E0006420617420706F7274205025640A0D0099
:1029F000427574746F6E2042256420776173207273
:102A0000656D6F7665642066726F6D20706F72748D
:102A1000205025640A0D0000257320776173207310
:102A2000657420746F2025730A0D00000A596F75B4
:102A3000206D757374207265737461727420746F85
:102A400020656E61626C6520746865206E65772014
:102A500062617564726174652E0A0D005468697351
:102A6000206166666563747320616C6C20706F72A0
:102A700074732E20496620796F75206368616E67D4
:102A80006520746869732076616C75652066726F65
:102A90006D2064656661756C742C2009090909094B
:102AA00009090909090909202020796F75206D7528
:102AB000737420636F6E6E65637420746F20612081
:102AC000434C4920706F7274206F6E20656163689B
:102AD000207374617274757020746F2072657374E2
:102AE0006F7265206F7468657220617272617920FF
:102AF000706F72747320696E746F2064656661759F
:102B00006C742062617564726174650A0D00000066
:102B100057726F6E6720706172616D6574657221A6
:102B20000A0D000025730A0D0000000025732067C0
:102B3000726F757020646F6573206E6F7420657896
:102B4000697374210A0D000047726F757020257338
:102B5000206D656D626572733A0A0D0025732069F8
:102B6000732073657420746F20612077726F6E67B5
:102B70002076616C7565210A0D000000416C6C20A7
:102B8000706172616D657465727320736574207411
:102B90006F2064656661756C742076616C75657311
:102BA0000A0D000043757272656E74206172726165
:102BB0007920746F706F6C6F677920776173207202
:102BC000656D6F7665642E20506C6561736520724B
:102BD00065626F6F7420616C6C206D6F64756C65DD
:102BE000730A0D0043757272656E742074696D65A9
:102BF00020697320253032643A253032643A25301A
:102C000032642D253033640A0D0000004375727262
:102C1000656E742074696D65206973202530326497
:102C20003A253032643A253032642D253033642021
:102C300025730A0D0000000043757272656E7420E2
:102C4000646174652069732025730A0D000000001B
:102C500057726F6E6720706172616D657465722165
:102C60000D0A0000426175647261746520666F72BE
:102C700020706F7274205025642077617320736513
:102C80007420746F2025640D0A0000004D43552008
:102C9000555549442069730A0D0000004D435520E5
:102CA0004445565F49442069732025730A0D00008E
:102CB00025734D4355205245565F49442069732082
:102CC00025642E300A0D00004D435520466C61737B
:102CD000682073697A65206973202564204B6279C6
:102CE0007465730A0D00000054686520666F6C6C93
:102CF0006F77696E6720436F6D6D616E6420536EF0
:102D0000697070657473206172652073746F726589
:102D10006420696E206D656D6F72793A0A0A0D0044
:102D20005B253032645D2025730A0D0025736966CA
:102D3000206225642E636C69636B6564000000008B
:102D400025736966206225642E646F75626C652048
:102D5000636C69636B656400257369662062256432
:102D60002E72656C65617365640000002573696689
:102D700020257320257320252E31660025730A0D2A
:102D8000092573000A0D656E642069660A0A0D0044
:102D9000546F2064656C657465206120536E6970A2
:102DA0007065742C20747970653A2064656C2D739D
:102DB0006E697020780A0D546F20616374697661C2
:102DC0007465206120536E69707065742C2074796D
:102DD00070653A2009090909090909090909090958
:102DE00009096163742D736E697020780A0D546F40
:102DF000207061757365206120536E697070657411
:102E00002C20747970653A2070617573652D736E2E
:102E1000697020780A0A0D776865726520782069E4
:102E2000732074686520536E6970706574206E75C8
:102E30006D6265722066726F6D20746865206C69C2
:102E400073740A0D00000000536E69707065742081
:102E5000776173206163746976617465642E2054B0
:102E600079706520736E697020746F20766965775C
:102E70002075706461746564206C6973740A0D0058
:102E800054686520536E6970706574206E756D624C
:102E9000657220776173206E6F7420666F756E6443
:102EA0000A0D0000536E697070657420776173209D
:102EB0007061757365642E205479706520736E6936
:102EC0007020746F20766965772075706461746511
:102ED00064206C6973740A0D00000000536E697001
:102EE000706574207761732064656C657465642E09
:102EF000205479706520736E697020746F20766934
:102F000065772075706461746564206C6973740AF8
:102F10000D00000050256420616E6420502564205F
:102F2000617265206272696467656420746F6765A9
:102F3000746865720A0D000057726F6E67207379AE
:102F40006E7461780A0D0000506F727420627269AD
:102F50006467696E67206661696C65640A0D0000CC
:102F600050256420616E64205025642061726520C4
:102F7000756E2D627269646765640A0D0000000059
:102F8000506F727420756E6272696467696E672033
:102F90006661696C65640A0D0000000050256420BC
:102FA000697320776F726B696E6720636F727265E9
:102FB00063746C790A0D0000502564207465737485
:102FC000206661696C65640A0D000000506C6561E3
:102FD00073652073686F7274656E20746865206E07
:102FE00065787420706F727420616E6420707265F1
:102FF000737320616E79206B657920746F20636F25
:103000006E74696E75652074657374696E6720747B
:103010006865206E657874206F6E650A0D0A0D0074
:1030200074686520706F7274206E756D62657220B1
:1030300069732077726F6E670A0D000057726F6EAA
:103040006720506172616D657465720A0D00000041
:1030500057726F6E6720506F7274206E756D626567
:1030600072200A0D00000000081C3044586C8000DB
:1030700044656661756C745461736B004261636B87
:10308000456E645461736B00557365725461736B64
:1030900000000000436C695461736B0050314D7344
:1030A000675461736B00000050324D736754617355
:1030B0006B00000050334D73675461736B00000068
:1030C00050344D73675461736B00000050354D737D
:1030D000675461736B000000081C3044586C80001A
:1030E00053747265616D54696D657200B6B3000802
:1030F00066B3000876B3000886B3000896B30008EC
:10310000A6B30008081C3044586C80008ED000081C
:10311000A6CB0008C8CB0008EACB0008FACB000811
:103120000ACC000866D0000866D0000866D0000807
:1031300066D000081ACC00083CCC000880CC0008FF
:10314000A2CC0008C4CC000862CD0008E6CC000880
:1031500008CD000866D000082ACD000840CD000840
:1031600084CD0008A6CD0008E0CD000802CE0008FE
:1031700024CE000846CE000868CE00088ACE00089B
:1031800066D00008ACCE0008CECE0008F0CE000815
:1031900012CF000866D0000834CF000866D00008BF
:1031A00066D0000866D0000866D0000856CF000838
:1031B00078CF000878CF000866D000089ACF0008C2
:1031C000BCCF0008DECF000800D0000822D00008E5
:1031D00044D0000848692066726F6D206D6F647579
:1031E0006C652025640D0A0048692066726F6D20A9
:1031F0006D6F64756C6520256420282573290D0A80
:1032000000000000E4EE000834EB00084CEB00087E
:1032100068EB000884EB0008A0EB0008BCEB00089A
:10322000D8EB000834EB0008E8EE0008B8EC000822
:10323000D0EC0008ECEC000808ED000824ED0008D4
:1032400040ED00085CED0008B8EC0008ECEE00086A
:1032500016EE000858EE000874EE000890EE000824
:10326000ACEE0008ECEE0008C8EE000816EE000810
:103270009CEF0008A4EF0008D4EF000806F0000857
:1032800030F000085AF0000884F00008AEF00008A2
:10329000A4EF000820F20008FEF000082CF100085E
:1032A00058F1000880F10008A8F10008D0F10008EA
:1032B000F8F10008FEF0000836F800081CF30008DA
:1032C000CEF3000882F400083AF5000808F600087A
:1032D000C0F6000878F700081CF3000864FB00083B
:1032E000DAF90008FAF900081CFA000842FA0008A6
:1032F00088FA0008AEFA0008D4FA0008DAF90008E3
:10330000F2FE000898FF000842000108B000010822
:103310006E0101080402010878020108380301085F
:103320002AFF0008081C3044586C800064697374DC
:10333000616E63650000000073616D706C65000074
:1033400073616D706C653A0D0A2053796E74617803
:103350003A2073616D706C65205B64697374616E93
:1033600063655D2E0D0A0D0A000000003833040865
:1033700040330408B9180108010000007374726535
:10338000616D000073747265616D3A0D0A205379A6
:103390006E7461783A2073747265616D205B646944
:1033A0007374616E63655D20284E756D6F66736121
:1033B0006D706C657329202874696D656F7574294B
:1033C000205B706F72745D205B6D6F64756C655D02
:1033D0002E0D0A0D0A0000007C3304088433040813
:1033E000651A0108FF000000240801082C080108E4
:1033F000340801083C080108440801089A0801083B
:10340000A2080108AA080108B2080108BA080108C0
:10341000546F465461736B0053747265616D5469E7
:103420006D6572000D0A000044697374616E636516
:103430003A2025640D0A0000496E76616C696420AB
:10344000417267756D656E74730D0A0053746F7009
:103450002073747265616D20210A0D00081C3044D0
:10346000586C800052657374617274696E672E2E99
:103470002E0D0A00486172644661756C74204572B5
:10348000726F720D0A000000537461636B204F76F7
:103490006572666C6F770D0A000000004865617008
:1034A0002073697A652065786365656465640D0AD3
:1034B00000000000081C3044586C800053657020E8
:1034C000313720323032350031353A33333A303209
:1034D00000000000081C3044586C80002651010890
:1034E00012510108165101081A5101081E51010814
:1034F00022510108081C3044586C80000000000074
:1035000000000000000000000000000000000000BB
:1035100000000000000000000000000001000000AA
:10352000020000000300000004000000060000008C
:103530000700000008000000090000000000000073
:10354000000000000000000000000000010000007A
:10355000020000000300000004000000081C3044CA
:10356000586C800068656C70000000000D0A68658A
:103570006C703A0D0A204C6973747320616C6C2076
:103580007468652072656769737465726564206329
:103590006F6D6D616E64732E20547970652027689D
:1035A000656C7020706172616D732720746F206C80
:1035B00069737420617661696C61626C6520706109
:1035C00072616D657465727320616E6420746865E4
:1035D000697220706F737369626C652076616C75B7
:1035E00065730D0A0D0A0000643504086C35040883
:1035F00001910108FF000000496E636F72726563FC
:103600007420636F6D6D616E6420706172616D65B1
:103610007465722873292E2020456E7465722022ED
:1036200068656C702220746F207669657720612050
:103630006C697374206F6620617661696C61626C7D
:103640006520636F6D6D616E64732E0D0A0D0A0047
:10365000436F6D6D616E64206E6F74207265636F71
:10366000676E697365642E2020456E746572202232
:1036700068656C702220746F207669657720612000
:103680006C697374206F6620617661696C61626C2D
:103690006520636F6D6D616E64732E0D0A0D0A00F7
:1036A000706172616D73000049444C450000000078
:1036B0000925630925750925750925750D0A000079
:1036C00008B6010812B601081CB6010826B60108A2
:1036D00030B601080925750909257525250D0A004B
:1036E00009257509093C3125250D0A003AB901085B
:1036F000FCB801080AB9010816B901081EB9010889
:1037000042BA010804BA010812BA01081EBA010837
:1037100026BA0108546D72205376630094C00108E4
:1037200094C0010894C00108F8C001080CC1010848
:103730003CC1010894C0010894C00108F8C0010808
:103740000CC10108546D725100000000081C304487
:10375000586C8000010002000400060008000A0006
:103760000C0010002000400080000001081C3044C4
:10377000586C8000010101030701000008040204E5
:1037800008010101081C3044586C8000743802089C
:10379000FC360208383802082C3702087438020850
:1037A0007438020874380208743802082C3702088A
:1037B000FE3702080606020602020602FE06FA06A6
:1037C000FA02FE02FEFEFAFEFAFAFEFA06FE02FE19
:1037D00002FA06FA050401000607020309080D0CA7
:1037E0000A0B0E0FFFFFFFFFFFFFFFFFFFFFFFFFB3
:1037F000FFFFFFFFFFFFFFFFFFFFFFFFFFFFFFFFD9
:10380000FFFFFFFFFFFFFFFFFFFFFFFFFFFFFFFFC8
:10381000FFFFFFFFFFFFFFFFFFFFFFFFFFFFFFFFB8
:10382000FFFFFFFF081C3044586C800000000000C0
:10383000081C3044586C800000000000564C3533A2
:103840004C3120637574312E30000000564C3533F6
:103850004C3120637574312E31000000564C3533E5
:103860004C31000002010300211E1B0019181A0030
:103870000706080024252600EA4E0208924E020898
:10388000A44E0208B64E0208804E0208EA4E020814
:10389000EA4E0208DA4E0208C84E0208E24E02085A
:1038A000B6530208A0530208A05302083A53020874
:1038B00018530208B6530208B6530208AA53020866
:1038C00064530208A0530208FA550208D6550208AC
:1038D000D65502086A5502083C550208FA550208F6
:1038E000FA550208EA5502089A550208D655020808
:1038F000B6610208AC610208C0610208CA61020830
:10390000DE610208E8610208F2610208F261020861
:10391000D4610208F2610208F2610208F261020851
:10392000F2610208F261020898610208A2610208CD
:103930002C620208366202084A6202087C620208AF
:10394000726202087C6202087C6202087C620208E1
:103950007C6202087C6202087C6202087C620208C7
:103960007C6202087C620208406202085E62020811
:103970007C620208686202085462020801020300C5
:10398000081C3044586C8000DA860208B4840208AF
:10399000B4840208B4840208B4840208B48402081F
:1039A000E6840208E6840208E6840208DA86020851
:1039B000DA8602084A850208128602084A85020849
:1039C000DA860208DA860208DA860208B484020877
:1039D000E68402084A8502084A8502084A850208E8
:1039E0004A8502084A8502087C850208AE850208DD
:1039F000E08502084A8502084A8502084A850208CD
:103A00004486020844860208448602087686020834
:103A1000768602087686020818850208188502084C
:103A200018850208A8860208148E0208CA870208B0
:103A3000F28702081A880208428802086A88020887
:103A400092880208BA880208E2880208148E0208E6
:103A5000148E02080A890208968A0208648C0208F9
:103A6000908C0208BC8C0208E88C0208148D0208B5
:103A70003C8D02086A8A02083689020862890208B7
:103A80008E890208BA890208E6890208128A0208A9
:103A90003E8A0208C28A0208048B0208308B0208A0
:103AA0005C8B0208888B0208B48B0208E08B02084A
:103AB0000C8C0208388C0208648D0208908D020874
:103AC000BC8D0208E88D0208A0900208E68E02086C
:103AD000FC8E0208268F0208508F02087A8F020897
:103AE000A48F0208CE8F0208F88F020822900208E5
:103AF0004C9002087690020808950208FC9402088F
:103B0000F0940208E4940208D8940208CC940208C5
:103B1000C0940208BEAF0208CEAF0208DEAF0208B2
:103B2000EEAF0208FCAF02080AB0020818B00208A3
:103B300026B0020834B0020842B0020850B00208B1
:103B40005CB002086AB0020878B0020884B00208CB
:103B500092B00208A0B00208B0B00208C0B00208DB
:103B6000CEB00208DEB00208ECB00208FEB00208D7
:103B700010B1020822B1020834B1020846B10208AD
:103B800058B1020868B102087AB102088CB1020883
:103B90009AB10208AAB10208BAB10208CAB1020871
:103BA000DCB10208EEB1020800B2020810B202084D
:103BB00022B2020834B2020846B2020858B2020821
:103BC0006AB202087CB202088EB20208A0B20208F1
:103BD000B2B20208C4B20208D4B20208E6B20208C5
:103BE000F8B202080AB302081CB302082CB3020898
:103BF0003CB302084EB3020878B302088AB3020845
:103C00009CB30208AEB30208C0B30208D2B30208E4
:103C1000E2B30208F4B3020804B4020816B40208BE
:103C200028B402083AB402084AB402085CB4020894
:103C30006EB402087EB4020890B402089EB4020872
:103C4000AEB40208BEB40208CCB40208DAB402086A
:103C5000E8B40208F6B4020804B5020812B5020876
:103C600024B5020836B5020848B502085AB502085C
:103C70006CB502087AB5020888B5020898B5020842
:103C8000A8B50208B8B50208C8B50208D8B5020838
:103C9000E6B50208F4B5020802B6020812B6020838
:103CA00022B6020832B6020842B6020852B602082C
:103CB00062B6020872B6020882B6020892B602081C
:103CC000A2B60208B2B60208C2B60208D2B602080C
:103CD000E2B60208F2B6020802B7020812B70208FA
:103CE00022B7020832B7020842B7020852B70208E8
:103CF00088B7020896B70208A4B70208B2B702084C
:103D0000C0B70208CEB70208DCB70208EAB702085B
:103D1000F8B7020806B8020814B8020822B8020868
:103D200030B8020840B802084EB802085CB8020871
:103D30006AB8020878B8020886B8020896B802087D
:103D4000A6B80208B6B80208C6B80208D6B8020873
:103D5000E6B80208F6B8020804B9020814B9020865
:103D600024B9020834B9020844B9020854B9020857
:103D700064B9020874B9020884B9020894B9020847
:103D8000A4B90208B4B90208C4B90208D4B9020837
:103D9000E4B90208F4B9020804BA020814BA020825
:103DA00024BA020834BA020844BA020854BA020813
:103DB00064BA020874BA020884BA020894BA020803
:103DC000A4BA0208B4BA0208C4BA02081CBB0208AA
:103DD0002CBB02083CBB02084CBB02085CBB0208BF
:103DE0006CBB02087CBB02088CBB02089CBB0208AF
:103DF000ACBB0208BCBB0208CCBB0208DCBB02089F
:103E0000ECBB0208FCBB02080CBC020892BC020816
:103E1000A0BC0208C2BC0208D0BC0208DCBC02087C
:103E2000E8BC0208F4BC020800BD02080CBD020890
:103E300018BD020824BD02082EBD02083ABD0208C2
:103E400046BD020850BD02085CBD020868BD0208FC
:103E500076BD020884BD020890BD02089EBD02081E
:103E6000AABD0208BABD0208CABD0208DABD02082E
:103E7000EABD0208FABD02080ABE020818BE02081E
:103E800028BE020838BE020844BE020852BE02081C
:103E900060BE02086EBE02087EBE02088EBE020828
:103EA0009EBE0208ACBE0208BCBE0208CCBE020820
:103EB000DCBE0208ECBE0208FCBE02080CBF020811
:103EC0001CBF02082CBF02083CBF02084CBF0208FE
:103ED0005ABF02086ABF02087ABF02088ABF0208F6
:103EE0009ABF0208A8BF0208B6BF0208C6BF0208F0
:103EF000D6BF0208E6BF0208F6BF020806C00208E5
:103F000016C0020824C0020830C002083EC00208E1
:103F10004AC0020858C0020888C0020896C00208B9
:103F2000A2C00208AEC00208BCC00208C8C0020895
:103F3000D6C00208E0C00208EAC00208F4C00208C5
:103F4000FEC0020806C1020810C102081AC1020818
:103F500022C102082AC1020838C1020844C102086D
:103F600050C102085CC102086AC1020876C1020899
:103F700082C1020890C102089CC10208A8C10208BF
:103F8000B6C10208C2C10208CEC10208DAC10208E5
:103F9000E6C10208F4C1020802C2020810C2020807
:103FA0001EC202082CC2020838C2020844C202081B
:103FB00050C202085CC2020868C2020874C2020849
:103FC00080C202088CC2020898C20208A4C2020879
:103FD000B0C20208BCC20208C8C20208D4C20208A9
:103FE000E0C20208ECC20208FAC2020804C30208D6
:103FF0000EC302081AC3020824C302082EC3020813
:1040000038C3020842C302084EC302085AC302085A
:1040100066C3020872C302087EC302088AC302088C
:1040200094C302089EC30208A8C30208B4C30208CE
:10403000C0C30208CCC30208D8C30208E6C3020802
:1040400058C4020866C4020876C4020884C4020880
:104050008EC402089CC40208AAC40208B8C402089C
:10406000C6C40208D4C40208E2C40208F0C40208AC
:10407000FEC402080CC502081AC5020828C50208B9
:1040800036C5020844C5020852C5020860C50208C8
:104090006EC502087CC502088AC5020898C50208D8
:1040A000A6C50208B4C50208C2C50208D0C50208E8
:1040B000DEC50208ECC50208FAC5020808C60208F7
:1040C00016C6020824C6020832C6020840C6020804
:1040D0004EC602085CC602086AC6020878C6020814
:1040E00086C6020894C60208A2C60208B0C6020824
:1040F000BEC60208CCC60208DAC60208E8C6020834
:10410000F6C602085A0A0008860900087009000865
:10411000EC09000870090008200A0008700900086E
:10412000EC0900088609000886090008200A000832
:10413000EC0900085C0900085C0900085C0900083B
:104140002A0A000886090008860900087009000884
:10415000C60A000870090008200A00087009000853
:10416000C60A00088609000886090008200A000817
:10417000C60A00085C0900085C0900085C09000820
:10418000001A0008BE1800089C18000888180008CB
:104190009C180008A21900089C180008881800083C
:1041A000BE180008BE180008A219000888180008E8
:1041B000801800088018000880180008C41900083A
:1041C0002E004300504F5349580042616C6C6F639E
:1041D00020737563636565646564002F6275696C3F
:1041E000642F676E752D746F6F6C732D666F722DF3
:1041F00073746D33325F31332E332E72656C312E12
:1042000032303234303932362D313731352F737206
:10421000632F6E65776C69622F6E65776C69622FAC
:104220006C6962632F7374646C69622F6764746F66
:10423000612D6765746865782E63002F6275696CFF
:10424000642F676E752D746F6F6C732D666F722D92
:1042500073746D33325F31332E332E72656C312EB1
:1042600032303234303932362D313731352F7372A6
:10427000632F6E65776C69622F6E65776C69622F4C
:104280006C6962632F7374646C69622F6D70726500
:10429000632E6300494E4600696E66004E414E0033
:1042A0006E616E0030313233343536373839616201
:1042B000636465660030313233343536373839411E
:1042C00042434445460030002C2066756E63746995
:1042D0006F6E3A2000617373657274696F6E20228D
:1042E000257322206661696C65643A2066696C6595
:1042F00020222573222C206C696E6520256425738D
:1043000025730A00496E66696E697479004E614EC4
:10431000002F6275696C642F676E752D746F6F6CFA
:10432000732D666F722D73746D33325F31332E339C
:104330002E72656C312E32303234303932362D31B6
:104340003731352F7372632F6E65776C69622F6E0C
:1043500065776C69622F6C6962632F7374646C6932
:10436000622F64746F612E6300000000340000004F
:10437000CEFBFFFFCB0300000100000000000000A7
:1043800035000000CEFBFFFFCB0300000100000062
:104390000000000000000000BC89D897B2D29C3C0D
:1043A00033A7A8D523F649393DA7F444FD0FA5321C
:1043B0009D978CCF08BA5B25436FAC6428066811C3
:1043C00000202020202020202020282828282820E5
:1043D00020202020202020202020202020202020DD
:1043E0002088101010101010101010101010101045
:1043F0001004040404040404040404101010101035
:1044000010104141414141410101010101010101FE
:104410000101010101010101010101011010101050
:1044200010104242424242420202020202020202D0
:104430000202020202020202020202021010101024
:10444000200000000000000000000000000000004C
:10445000000000000000000000000000000000005C
:10446000000000000000000000000000000000004C
:10447000000000000000000000000000000000003C
:10448000000000000000000000000000000000002C
:10449000000000000000000000000000000000001C
:1044A000000000000000000000000000000000000C
:1044B00000000000000000000000000000000000FC
:1044C0000000000005000000190000007D00000051
:1044D0000080E03779C34143176E05B5B5B8934600
:1044E000F5F93FE9034F384D321D30F94877825ACC
:1044F0003CBF737FDD4F1575000000000000F03FEA
:1045000000000000000024400000000000005940AE
:104510000000000000408F40000000000088C34001
:1045200000000000006AF8400000000080842E4176
:1045300000000000D01263410000000084D79741C2
:104540000000000065CDCD41000000205FA00242C8
:10455000000000E876483742000000A2941A6D423D
:10456000000040E59C30A2420000901EC4BCD64230
:1045700000003426F56B0C430080E03779C34143DB
:1045800000A0D8855734764300C84E676DC1AB4351
:10459000003D9160E458E143408CB5781DAF15446F
:1045A00050EFE2D6E41A4B4492D54D06CFF080444A
:1045B000F64AE1C7022DB544B49DD9794378EA445F
:1045C00030303030303030303030303030303030EB
:1045D00020202020202020202020202020202020DB
:1045E00030303030303030303030303030303030CB
:1045F00020202020202020202020202020202020BB
:08460000F0C0FB7F0100000087
:0846080019BF0308E9000008D6
:04461000C1000008DD
:104614004C090408540904085C09040868090408DE
:10462400740904087C09040888090408900904082A
:1046340094090408980904089C090408A0090408BA
:10464400A4090408A8090408AC090408B00904086A
:10465400B4090408B8090408BC090408C00904081A
:10466400EC090408180A0408EC0A0408180B0408E6
:10467400440B04086C0B0408940B04087C0C040819
:10468400B00C0408B40D0408FF002A000101000066
:104694001E00320005FA000000100E000018000091
:1046A40000000000000000000000000010110408D9
:1046B400A4130408A81304080427040818270408EA
:1046C400342704085427040864270408942704089A
:1046D40000280408642804087C280408BC2804086A
:1046E400F0280408302904085429040880290408FF
:1046F4009C2904087C280408BC280408F028040821
:10470400BC290408F0290408182A04082C2A0408DF
:104714005C2A0408102B040854270408242B0408DA
:104724002C2B0408482B0408102B04085C2B0408C9
:104734007C2B0408A42B040854270408E42B040845
:104744000C2C0408382C0408502C0408642C04088D
:104754008C2C04089C2C0408B02C0408C82C0408D5
:10476400E82C0408202D04082C2D0408402D0408EE
:10477400582D04086C2D04087C2D0408842D04088D
:10478400902D0408482E0408802E0408A42E040842
:10479400802E0408DC2E0408802E0408142F04083C
:1047A400382F0408482F0408602F0408382F040801
:1047B400802F04089C2F0408B82F0408CC2F040869
:1047C40020300408382F04083C3004085030040812
:1047D40001000000C02F00200303000078550020D2
:1047E400030000002C3304084C3404086434040827
:1047F4000024F40020000000E83504080000000054
:10480400E8010020AAAAAAAA0400000001010000ED
:1048140007000000E2FFFFFF580200003200000022
:10482400080000000A000000580200000300000015
:10483400180000003200000009000000FFFFFFFF25
:10484400000002000000000000000000340200200C
:10485400340200203C0200203C02002044020020DC
:10486400440200204C0200204C020020540200208C
:10487400540200205C0200205C020020640200203C
:10488400640200206C0200206C02002074020020EC
:10489400740200207C0200207C020020840200209C
:1048A400840200208C0200208C020020940200204C
:1048B400940200209C0200209C020020A4020020FC
:1048C400A4020020AC020020AC020020B4020020AC
:1048D400B4020020BC020020BC020020C40200205C
:1048E400C4020020CC020020CC020020D40200200C
:1048F400D4020020DC020020DC020020E4020020BC
:10490400E4020020EC020020EC020020F40200206B
:10491400F4020020FC020020FC020020040300201A
:10492400040300200C0300200C03002014030020C7
:10493400140300201C0300201C0300202403002077
:10494400240300202C0300202C0300203403002027
:10495400340300203C0300203C03002044030020D7
:10496400440300204C0300204C0300205403002087
:10497400540300205C0300205C0300206403002037
:10498400640300206C0300206C03002074030020E7
:10499400740300207C0300207C0300208403002097
:1049A400840300208C0300208C0300209403002047
:1049B400940300209C0300209C030020A4030020F7
:1049C400A4030020AC030020AC030020B4030020A7
:1049D400B4030020BC030020BC030020C403002057
:1049E400C4030020CC030020CC030020D403002007
:1049F400D4030020DC030020DC030020E4030020B7
:104A0400E4030020EC030020EC030020F403002066
:104A1400F4030020FC030020FC0300200404002015
:104A2400040400200C0400200C04002014040020C2
:104A3400140400201C0400201C0400202404002072
:104A4400240400202C0400202C0400203404002022
:104A5400340400203C0400203C04002044040020D2
:104A6400440400204C0400204C0400205404002082
:104A7400540400205C0400205C0400206404002032
:104A8400640400206C0400206C04002074040020E2
:104A9400740400207C0400207C0400208404002092
:104AA400840400208C0400208C0400209404002042
:104AB400940400209C0400209C040020A4040020F2
:104AC400A4040020AC040020AC040020B4040020A2
:104AD400B4040020BC040020BC040020C404002052
:104AE400C4040020CC040020CC040020D404002002
:104AF400D4040020DC040020DC040020E4040020B2
:104B0400E4040020EC040020EC040020F404002061
:104B1400F4040020FC040020FC0400200405002010
:104B2400040500200C0500200C05002014050020BD
:104B3400140500201C0500201C050020240500206D
:104B4400240500202C0500202C050020340500201D
:104B5400340500203C0500203C05002044050020CD
:104B6400440500204C0500204C050020540500207D
:104B7400540500205C0500205C050020640500202D
:104B8400640500206C0500206C05002074050020DD
:104B9400740500207C0500207C050020840500208D
:104BA400840500208C0500208C050020940500203D
:104BB400940500209C0500209C050020A4050020ED
:104BC400A4050020AC050020AC050020B40500209D
:104BD400B4050020BC050020BC050020C40500204D
:104BE400C4050020CC050020CC050020D4050020FD
:104BF400D4050020DC050020DC050020E4050020AD
:104C0400E4050020EC050020EC050020F40500205C
:104C1400F4050020FC050020FC050020040600200B
:104C2400040600200C0600200C06002014060020B8
:104C3400140600201C0600201C0600202406002068
:104C4400240600202C0600202C0600200000000072
:104C54000300000030C301204300000000000000F6
:104C64000000000000000000000000000000000040
:104C740000000000000000004300000000000000ED
:104C84000000000000000000000000000000000020
:104C940000000000000000004300000000000000CD
:104CA4000000000000000000000000000000000000
:104CB40000000000000000004300000000000000AD
:104CC40000000000000000000000000000000000E0
:104CD400000000000000000043000000000000008D
:104CE40000000000000000000000000000000000C0
:104CF400000000000000000043000000000000006D
:104D0400000000000000000000000000000000009F
:104D1400000000000000000043000000000000004C
:104D2400000000000000000000000000000000007F
:104D340000000000000000000DD1030805C80308AE
:104D440000000000C0430408C041040803430408F1
:104D54000343040803430408034304080343040807
:104D640003430408034304080343040803430408F7
:104D7400FFFFFFFFFFFFFFFFFFFFFFFFFFFF00003D
:104D840001004153434949000000000000000000B5
:104D9400000000000000000000000000000000000F
:104DA4000000415343494900000000000000000096
:104DB40000000000000000000000000000000000EF
:104DC40000000000B80700200000000030C30120EC
:104DD40098C3012000C4012000000000000000006E
:104DE40000000000000000000000000000000000BF
:104DF40000000000000000000000000000000000AF
:104E0400000000000000000000000000000000009E
:104E1400000000000000000000000000000000008E
:104E2400000000000000000000000000000000007E
:104E3400000000000000000000000000000000006E
:104E4400000000000000000000000000000000005E
:104E5400000000000000000000000000000000004E
:104E640001000000000000000E33CDAB34126DE6EB
:104E7400ECDE05000B000000000000000000000054
:104E8400000000000000000000000000000000001E
:104E9400000000000000000000000000000000000E
:104EA40000000000000000000000000000000000FE
:104EB40000000000000000000000000000000000EE
:104EC40000000000000000000000000000000000DE
:104ED40000000000000000000000000000000000CE
:104EE40000000000000000000000000000000000BE
:104EF40000000000000000000000000000000000AE
:104F0400000000000000000071C4012080B588B0DA
:104F140000AF786039601F23FB1800221A707B6889
:104F2400BB613B687B611A4B5A69194B8021C902EA
:104F34000A435A61EFF31083FB60FB683B6172B66E
:104F4400C0460FE07A69BB6912681A607B69043352
:104F54007B61BB690433BB611F217B181A787B1802
:104F640001321A701F23FB181B783F2BEAD9C04665
:104F7400074B1A69C0239B021340F9D13B69BB60FC
:104F8400BB6883F31088C046C046BD4608B080BDE8
:044F940000200240B7
:040000050801540D8D
:00000001FF
